method,backbone,F,seed,epoch,test_ppl,val_ppl,train_ppl
cycle_shuffle,128,8,123,1,250.45627418189656,273.4852814650426,493.1878875613111
cycle_shuffle,128,8,123,2,201.0828628874611,218.7043197294783,198.94766052251342
cycle_shuffle,128,8,123,3,182.9820879679125,198.8366826580057,126.30877048087281
cycle_shuffle,128,8,123,4,182.62089336962535,196.66180912441206,92.43848648135595
cycle_shuffle,128,8,123,5,186.96915182411806,199.11841053609172,71.95578427811459
cycle_shuffle,128,8,123,6,196.51521540033588,208.37553725524842,58.11769727874843
cycle_shuffle,128,8,123,7,201.53828191472837,214.48363222455217,48.590378249175856
cycle_shuffle,128,8,123,8,206.92819726835594,219.69338361830773,42.70153561717613
cycle_shuffle,128,8,123,9,205.49524028017535,217.0460941673308,40.07236024796862
cycle_shuffle,128,8,123,10,199.98164095717314,209.99152099304877,41.75778936432725
cycle_shuffle,128,8,2026,1,218.20997694523345,240.0404591244733,421.91272878529645
cycle_shuffle,128,8,2026,2,181.98402086621383,197.74471877967704,169.61280835300434
cycle_shuffle,128,8,2026,3,177.06910466855197,191.81715866224363,105.25830751715642
cycle_shuffle,128,8,2026,4,184.92412078524106,199.2146724923642,75.74642153648523
cycle_shuffle,128,8,2026,5,196.76860543782607,210.13229295441639,58.89146177635813
cycle_shuffle,128,8,2026,6,213.01219858290662,226.7662986140413,47.68699183583957
cycle_shuffle,128,8,2026,7,227.78338487550764,245.02367825477987,39.742438943686665
cycle_shuffle,128,8,2026,8,238.84014903045414,257.2365681440968,34.50762950876155
cycle_shuffle,128,8,2026,9,243.56509279282002,261.88930104988265,31.90724761024585
cycle_shuffle,128,8,2026,10,239.19270623777132,255.64281991670265,32.62548070915983
cycle_shuffle,128,8,31415,1,260.27239247102204,284.2928933076181,529.8082120501924
cycle_shuffle,128,8,31415,2,204.1838489319964,222.84209169000363,211.72271450447198
cycle_shuffle,128,8,31415,3,186.68679178111373,202.9876286792688,136.57926045764836
cycle_shuffle,128,8,31415,4,182.62610802498827,197.89397620622174,102.1238251802037
cycle_shuffle,128,8,31415,5,185.20683675336954,198.86107248948173,81.52729866203927
cycle_shuffle,128,8,31415,6,187.66502391593616,200.6596367934763,67.67080188567671
cycle_shuffle,128,8,31415,7,187.03307631256172,200.10903075977825,57.945601594930096
cycle_shuffle,128,8,31415,8,190.75720667675358,203.7321371721876,51.54808770011376
cycle_shuffle,128,8,31415,9,187.59542826270965,199.6859936525745,48.97442304525827
cycle_shuffle,128,8,31415,10,182.50429259638486,192.6556463727003,51.356015623382554
cycle_shuffle,128,8,42,1,253.19596535573606,274.56007568338595,502.0777101241643
cycle_shuffle,128,8,42,2,195.2189140391568,213.10335123956813,201.22722225984467
cycle_shuffle,128,8,42,3,182.4836703398978,198.52247674552754,128.8323996168066
cycle_shuffle,128,8,42,4,177.87020862652386,193.35028943323886,95.70927890251362
cycle_shuffle,128,8,42,5,179.55390834999506,194.55782688183692,75.771645703363
cycle_shuffle,128,8,42,6,188.921447850978,202.13930914021998,62.07182495406211
cycle_shuffle,128,8,42,7,191.9380678738748,205.75365395763652,52.39403389481599
cycle_shuffle,128,8,42,8,196.77324399489973,210.90639333879582,46.23924706618007
cycle_shuffle,128,8,42,9,192.43498650708764,205.43942806621408,43.73449895798509
cycle_shuffle,128,8,42,10,188.56561470733922,199.87340170785112,45.76606469672062
cycle_shuffle,128,8,5150,1,257.44790512654504,279.8944209724895,518.5696455448832
cycle_shuffle,128,8,5150,2,200.40530051027375,218.31584040655255,209.3663905140951
cycle_shuffle,128,8,5150,3,186.02331358969457,204.86195710476002,134.9998865050128
cycle_shuffle,128,8,5150,4,181.1863409033404,199.50184942530018,100.71488863910103
cycle_shuffle,128,8,5150,5,180.32735359847976,196.19332694331143,80.4790075440582
cycle_shuffle,128,8,5150,6,182.5291629152482,197.93478092419554,66.93844758577262
cycle_shuffle,128,8,5150,7,185.03888427006854,201.00830478642405,57.27597043120706
cycle_shuffle,128,8,5150,8,190.7612059066627,207.04388234700968,51.067695880350826
cycle_shuffle,128,8,5150,9,189.27638856653903,204.04188015423267,48.527399623188536
cycle_shuffle,128,8,5150,10,180.8283439147838,192.6420048481035,50.13150521759179
cycle_shuffle,128,8,60486,1,270.3815185704167,293.8706849643955,566.8152340346362
cycle_shuffle,128,8,60486,2,205.5653505446361,223.30946885109898,216.10142366102556
cycle_shuffle,128,8,60486,3,183.8804979454831,200.45230907357399,137.60967429524203
cycle_shuffle,128,8,60486,4,179.16310759685553,194.4725728508229,102.15273316150092
cycle_shuffle,128,8,60486,5,179.15577857465559,193.67740801309375,81.34644624171628
cycle_shuffle,128,8,60486,6,185.46454250313676,199.48118576946092,67.19277592950225
cycle_shuffle,128,8,60486,7,183.9642944383486,196.7898253512884,57.211903961902884
cycle_shuffle,128,8,60486,8,186.9828453063498,199.4963104294439,50.77717366825196
cycle_shuffle,128,8,60486,9,186.3274190189705,197.6902432823701,47.949493707487264
cycle_shuffle,128,8,60486,10,181.92342214249356,190.91348309578217,50.23686059927284
cycle_shuffle,128,8,7,1,259.7018101764456,282.7120942223387,514.9765264315126
cycle_shuffle,128,8,7,2,199.44617570064491,218.02479210227568,208.39947044045712
cycle_shuffle,128,8,7,3,185.25838932669498,201.6297287591189,134.66512531092204
cycle_shuffle,128,8,7,4,177.8389972610888,193.75441662332435,100.64554807636453
cycle_shuffle,128,8,7,5,180.661398997783,195.76433172042894,80.27080068491136
cycle_shuffle,128,8,7,6,185.23854995236366,199.15303518436858,66.4363958589375
cycle_shuffle,128,8,7,7,187.76814497821326,201.92472170920604,56.71652053464094
cycle_shuffle,128,8,7,8,192.29397354290163,205.08426028316222,50.363512667279785
cycle_shuffle,128,8,7,9,187.23019352249824,198.95004925753,47.810973328561246
cycle_shuffle,128,8,7,10,182.9221427478508,193.39847685958546,49.877415966275144
cycle_shuffle,128,8,777,1,250.20065661299085,273.41669425792196,496.3613387189579
cycle_shuffle,128,8,777,2,200.82477737236508,218.64809497288434,202.37424973953694
cycle_shuffle,128,8,777,3,185.28544873815574,203.20396269258623,129.23846882053041
cycle_shuffle,128,8,777,4,183.63405033345475,200.86069306129377,95.44568108374483
cycle_shuffle,128,8,777,5,186.72828532300974,203.31802114544286,75.082878072364
cycle_shuffle,128,8,777,6,195.66174763136124,211.178353566442,61.217079922677215
cycle_shuffle,128,8,777,7,204.6083693587729,220.41078559861197,51.45266495477875
cycle_shuffle,128,8,777,8,210.63112632425364,225.22814403010352,45.338863044927116
cycle_shuffle,128,8,777,9,207.31322288640652,221.32402661628385,42.55115081319646
cycle_shuffle,128,8,777,10,202.2410371483579,213.83341187142867,44.10349093213828
cycle_shuffle,128,8,888,1,259.1348617720723,282.953577992562,524.1960331750399
cycle_shuffle,128,8,888,2,207.89797627721975,226.02828874379998,212.41274138440545
cycle_shuffle,128,8,888,3,189.05142051078968,205.7205737772473,138.73871205734835
cycle_shuffle,128,8,888,4,186.0173057472547,201.11587165346734,103.76183177170309
cycle_shuffle,128,8,888,5,188.33079024192443,201.38356135904144,82.49529369032564
cycle_shuffle,128,8,888,6,191.4059395607634,204.3253983425654,68.11832967598399
cycle_shuffle,128,8,888,7,191.2755568559183,204.8979528738175,58.053087673448296
cycle_shuffle,128,8,888,8,197.75550692983526,211.26202996736737,51.61100969905527
cycle_shuffle,128,8,888,9,196.96546686618316,210.3459811288324,49.010992215614245
cycle_shuffle,128,8,888,10,190.0802464359829,201.4148523391114,51.189300254901546
cycle_shuffle,128,8,999,1,257.30182624546336,280.0106885336866,522.0559124710745
cycle_shuffle,128,8,999,2,198.26697977137982,215.4349239694017,203.15076059407852
cycle_shuffle,128,8,999,3,183.80901788974316,198.21359917656832,128.7319065358923
cycle_shuffle,128,8,999,4,181.27639556382294,195.0057269348789,94.51943184105941
cycle_shuffle,128,8,999,5,184.4289117860859,196.36482933049547,74.41580636285946
cycle_shuffle,128,8,999,6,189.3937308746456,201.14724590966512,60.82911920887321
cycle_shuffle,128,8,999,7,192.01052177608852,204.52075966570015,51.38256242982376
cycle_shuffle,128,8,999,8,199.63778424526097,213.61358920239113,45.348694506723376
cycle_shuffle,128,8,999,9,198.52298653295594,212.14509335951672,42.90967344837453
cycle_shuffle,128,8,999,10,192.076771773661,202.37904786982256,44.18738388833152
fixed_cadence_random,128,4,123,1,210.88168683603058,230.07768789156623,399.4503635400033
fixed_cadence_random,128,4,123,2,177.97158159903077,192.83439439026745,159.44157381374328
fixed_cadence_random,128,4,123,3,177.8917665164402,191.25636860370864,98.58380476626765
fixed_cadence_random,128,4,123,4,186.50574799489272,198.9516870586137,71.33337035041401
fixed_cadence_random,128,4,123,5,196.83517049144814,209.17647187976274,55.680123428818625
fixed_cadence_random,128,4,123,6,210.034097730851,221.40515050531573,45.01953396367327
fixed_cadence_random,128,4,123,7,222.82553616714378,235.1702715014387,37.42636628075674
fixed_cadence_random,128,4,123,8,240.02516423778223,252.7568975802691,32.47190259755842
fixed_cadence_random,128,4,123,9,245.98062139049273,259.7389476283417,29.992814522952006
fixed_cadence_random,128,4,123,10,237.2564699457313,249.53509875353717,30.490576923181564
fixed_cadence_random,128,4,2026,1,211.72372621498488,231.57964233520846,396.687937218013
fixed_cadence_random,128,4,2026,2,178.7695792913104,194.07412571635686,160.19616771561405
fixed_cadence_random,128,4,2026,3,177.25844246126957,190.94767052360447,99.5260578616339
fixed_cadence_random,128,4,2026,4,186.01524777041135,198.91224128041523,71.87565665038139
fixed_cadence_random,128,4,2026,5,196.1661568525022,208.0976229396747,56.190457164523345
fixed_cadence_random,128,4,2026,6,215.60101414062336,227.4347813483329,45.47941676905483
fixed_cadence_random,128,4,2026,7,226.11707422100287,239.4986036553686,37.92138690247342
fixed_cadence_random,128,4,2026,8,240.759218772633,254.78518761752744,32.96879000064568
fixed_cadence_random,128,4,2026,9,243.26345981022243,258.7446088244214,30.489056411500375
fixed_cadence_random,128,4,2026,10,236.59923863057253,249.1979665236219,31.074138891385395
fixed_cadence_random,128,4,31415,1,210.8783609017651,231.28629365098485,408.63123831181224
fixed_cadence_random,128,4,31415,2,176.3176602158847,191.82405062887054,160.78808655192682
fixed_cadence_random,128,4,31415,3,177.86096686894743,192.1830596268937,99.26347352796435
fixed_cadence_random,128,4,31415,4,188.68366104407906,203.63749577318657,71.50297119889557
fixed_cadence_random,128,4,31415,5,196.67341104848313,212.01126450451946,55.6548367444885
fixed_cadence_random,128,4,31415,6,210.22338621194675,224.4152392078043,45.00758774888705
fixed_cadence_random,128,4,31415,7,224.72968216128456,239.60327095285436,37.46639633165548
fixed_cadence_random,128,4,31415,8,238.3417767759745,254.61042884238498,32.47935568579546
fixed_cadence_random,128,4,31415,9,246.44896007147403,263.1650923498444,29.95112509137434
fixed_cadence_random,128,4,31415,10,240.7228936176678,254.53487978664438,30.449530910176588
fixed_cadence_random,128,4,42,1,210.90187678826874,230.66140731115848,404.07926686587524
fixed_cadence_random,128,4,42,2,177.93411654114294,194.00328134912627,160.69766479882333
fixed_cadence_random,128,4,42,3,181.01091200264466,196.31274037659733,99.58178854620195
fixed_cadence_random,128,4,42,4,187.60041286115458,202.0011039493211,71.95016401127434
fixed_cadence_random,128,4,42,5,198.2478651254386,212.0639033053622,55.956603571692405
fixed_cadence_random,128,4,42,6,215.69494451440926,227.50621976610685,45.233487928010085
fixed_cadence_random,128,4,42,7,230.45619381635393,243.3314640683315,37.708292900095486
fixed_cadence_random,128,4,42,8,241.147152012261,256.992598702035,32.67791013627062
fixed_cadence_random,128,4,42,9,241.68319639089356,258.2721660386877,30.22008015295116
fixed_cadence_random,128,4,42,10,236.79321941989997,249.75521509068045,30.81115982487144
fixed_cadence_random,128,4,5150,1,211.31119366440015,231.7599784310645,408.08366127786354
fixed_cadence_random,128,4,5150,2,176.86863988295823,192.64688729536928,160.73493086124006
fixed_cadence_random,128,4,5150,3,178.2961118969092,192.51848302539068,99.25695017012394
fixed_cadence_random,128,4,5150,4,189.13752419127724,203.73686077329342,71.87045207084611
fixed_cadence_random,128,4,5150,5,197.89570994126717,211.5698990610756,56.01056823482795
fixed_cadence_random,128,4,5150,6,214.7638500250184,227.2106206682845,45.351599868789386
fixed_cadence_random,128,4,5150,7,225.94189218119578,240.89544642471623,37.82008378874529
fixed_cadence_random,128,4,5150,8,236.81557891072634,253.56487076124358,32.86987863833689
fixed_cadence_random,128,4,5150,9,240.89157083443405,258.96513454055525,30.49532290509483
fixed_cadence_random,128,4,5150,10,237.1299215245151,252.08023674920594,31.334323675990355
fixed_cadence_random,128,4,60486,1,216.03584437665052,235.494961231532,420.481062958048
fixed_cadence_random,128,4,60486,2,181.16865011170935,196.00678861143965,162.48218737947505
fixed_cadence_random,128,4,60486,3,179.73930432030758,193.34299473211715,99.84317141303974
fixed_cadence_random,128,4,60486,4,186.7298431376308,199.46158482504575,71.89608959914808
fixed_cadence_random,128,4,60486,5,194.97392669489312,208.06510094135692,55.83373226726845
fixed_cadence_random,128,4,60486,6,212.84388583416873,226.80975291535313,45.135118459449565
fixed_cadence_random,128,4,60486,7,223.21791711534567,239.5267506743187,37.53924569831364
fixed_cadence_random,128,4,60486,8,235.83175998035455,251.46686594221714,32.552036958702246
fixed_cadence_random,128,4,60486,9,238.12153756782303,252.88522668076124,30.13062404204606
fixed_cadence_random,128,4,60486,10,231.1179869783621,243.98509489325974,30.811122129126144
fixed_cadence_random,128,4,7,1,211.6949467314269,230.39250982698886,398.07159624172726
fixed_cadence_random,128,4,7,2,180.06334723558024,194.76237056674609,158.46571975690173
fixed_cadence_random,128,4,7,3,177.76036990569017,191.89428220885736,97.70801865364167
fixed_cadence_random,128,4,7,4,186.52326784595004,199.9265469563967,70.42741446770535
fixed_cadence_random,128,4,7,5,198.0739827806579,211.52635670045933,54.93462430277697
fixed_cadence_random,128,4,7,6,212.50370561465468,225.4050175187653,44.457979561238204
fixed_cadence_random,128,4,7,7,225.39717363682675,241.11557748803176,36.95539997446694
fixed_cadence_random,128,4,7,8,241.5024256279715,257.77251671819766,32.03424669412246
fixed_cadence_random,128,4,7,9,246.14813295203828,261.31515189006785,29.571195263136083
fixed_cadence_random,128,4,7,10,240.8524654965596,254.36371511585244,30.238858916836506
fixed_cadence_random,128,4,777,1,209.8297136588828,229.9214358560192,400.1244591265527
fixed_cadence_random,128,4,777,2,176.4995979471157,191.6650893304397,159.83541643880432
fixed_cadence_random,128,4,777,3,175.97666289793176,190.20992547896165,98.55636065117464
fixed_cadence_random,128,4,777,4,182.68270165983827,196.05296140218258,71.14253418581497
fixed_cadence_random,128,4,777,5,190.06293016419053,204.88836161739744,55.40142719693703
fixed_cadence_random,128,4,777,6,207.08074834187923,221.95195498844012,44.72927898516055
fixed_cadence_random,128,4,777,7,220.16042897362735,236.5780650198516,37.28720482234952
fixed_cadence_random,128,4,777,8,232.48848438344396,250.26601241600574,32.387795687126875
fixed_cadence_random,128,4,777,9,236.03582914190488,253.4602603032551,30.022575415103884
fixed_cadence_random,128,4,777,10,230.74273703748673,246.70617406494347,30.924385262287174
fixed_cadence_random,128,4,888,1,211.90736989041946,230.82243394039773,402.4328134960484
fixed_cadence_random,128,4,888,2,178.34680424457264,193.01962670817576,159.92447197270724
fixed_cadence_random,128,4,888,3,180.7475120126001,193.78544012345202,98.83066016875782
fixed_cadence_random,128,4,888,4,187.38992650637755,200.18641916867992,71.41867913618292
fixed_cadence_random,128,4,888,5,197.41997035306665,210.1146520742041,55.82788150905161
fixed_cadence_random,128,4,888,6,214.4672036200499,226.63029887953095,45.14014556520849
fixed_cadence_random,128,4,888,7,230.73063626577417,244.96874926265886,37.62141164469411
fixed_cadence_random,128,4,888,8,243.89648058972563,260.38914217100313,32.74084582332399
fixed_cadence_random,128,4,888,9,245.0011698319756,260.5659520284027,30.32064066975615
fixed_cadence_random,128,4,888,10,236.6266249694532,250.33911985156692,31.04259588617392
fixed_cadence_random,128,4,999,1,209.40089128401456,229.3847581847429,399.9010327937285
fixed_cadence_random,128,4,999,2,175.09728081448787,190.061304545474,158.28542942414686
fixed_cadence_random,128,4,999,3,175.71897119718355,189.69632253300273,98.02091672430967
fixed_cadence_random,128,4,999,4,184.75781797709868,199.1788230458943,70.8707858797566
fixed_cadence_random,128,4,999,5,192.14218693637613,204.66483728569608,55.371403337851476
fixed_cadence_random,128,4,999,6,207.9861796281196,220.03980247715998,44.749813682241545
fixed_cadence_random,128,4,999,7,219.6146935440825,231.9612054998708,37.26138131762628
fixed_cadence_random,128,4,999,8,230.88939652984504,244.22988855942384,32.309983663334684
fixed_cadence_random,128,4,999,9,236.00147059024448,250.6876417488513,29.882783963786665
fixed_cadence_random,128,4,999,10,230.1390395519612,242.68336375032254,30.51153047472449
fixed_cadence_random,128,8,123,1,272.21476742941894,297.38885509711685,545.053738392531
fixed_cadence_random,128,8,123,2,207.4810097038044,226.07244876497305,217.98280119323812
fixed_cadence_random,128,8,123,3,190.31911225975873,206.48866355107475,139.44045387573232
fixed_cadence_random,128,8,123,4,187.30385586567996,202.2402875647975,103.44255549106364
fixed_cadence_random,128,8,123,5,185.59432406762573,200.14977539954074,81.93024775244797
fixed_cadence_random,128,8,123,6,191.90045552326518,205.08632314689137,67.21498463233809
fixed_cadence_random,128,8,123,7,194.69926501796095,208.57647586773578,56.80520435210182
fixed_cadence_random,128,8,123,8,200.3995709656948,214.7688045893973,50.063387730779134
fixed_cadence_random,128,8,123,9,197.63366577853802,211.61848237536398,47.230055874048986
fixed_cadence_random,128,8,123,10,193.57576170395532,205.59176143170473,49.38203388315024
fixed_cadence_random,128,8,2026,1,235.3765379961733,256.33521867072466,470.441653717903
fixed_cadence_random,128,8,2026,2,195.12095880543268,210.29977876992396,189.2266077031809
fixed_cadence_random,128,8,2026,3,183.42899323566232,197.3534972582076,117.56649681460333
fixed_cadence_random,128,8,2026,4,183.69991728279527,196.5153277373313,84.31358460681305
fixed_cadence_random,128,8,2026,5,196.76639855436315,208.87676489518782,65.04961679121703
fixed_cadence_random,128,8,2026,6,208.51095995366882,221.05182090793113,52.29448046251611
fixed_cadence_random,128,8,2026,7,221.54180075499514,235.26853965892315,43.534924442749954
fixed_cadence_random,128,8,2026,8,233.30090230316526,247.4236080850751,37.85190195845699
fixed_cadence_random,128,8,2026,9,233.76755120735478,248.9775505725106,35.14819446972971
fixed_cadence_random,128,8,2026,10,231.67083484326517,245.0358857576272,35.989887194857005
fixed_cadence_random,128,8,31415,1,275.62933836021165,301.0508242601157,568.9613160791132
fixed_cadence_random,128,8,31415,2,211.2744614183067,230.5992559035853,225.55503402722357
fixed_cadence_random,128,8,31415,3,187.8321032984963,204.80164224321865,144.30015228633616
fixed_cadence_random,128,8,31415,4,184.54136102999956,200.4108483270153,106.84227922230376
fixed_cadence_random,128,8,31415,5,184.40071172457434,199.21783416987654,84.90659508863581
fixed_cadence_random,128,8,31415,6,189.44321278090996,203.04664753157707,70.1157569653282
fixed_cadence_random,128,8,31415,7,192.02052029675264,206.49351701535724,59.81135905306134
fixed_cadence_random,128,8,31415,8,194.7594813569275,210.04066782159813,53.15223663443736
fixed_cadence_random,128,8,31415,9,189.55261553048962,203.84420236326446,50.22319290625121
fixed_cadence_random,128,8,31415,10,184.17693945256121,196.81794650160165,53.1875905179778
fixed_cadence_random,128,8,42,1,279.0002537443905,304.30102086093643,557.9133616536856
fixed_cadence_random,128,8,42,2,209.4995404266514,228.93721229648307,227.90220031762496
fixed_cadence_random,128,8,42,3,189.34833241081597,207.0168796936592,146.3689257531833
fixed_cadence_random,128,8,42,4,183.68680132792315,200.57218357898944,109.0248005649743
fixed_cadence_random,128,8,42,5,181.36989253410636,195.47949223189073,86.63439112942378
fixed_cadence_random,128,8,42,6,185.41966758212746,198.77980137544,71.52288592930944
fixed_cadence_random,128,8,42,7,189.08961780139614,203.89682946618956,60.87390422674965
fixed_cadence_random,128,8,42,8,194.50277157571298,209.6910301279121,53.92622702736771
fixed_cadence_random,128,8,42,9,189.71055478258606,202.9640904016373,50.89345442268316
fixed_cadence_random,128,8,42,10,183.77810246894242,193.78998889935121,53.812309751495306
fixed_cadence_random,128,8,5150,1,276.16280495703836,300.73272903463476,560.5781448472258
fixed_cadence_random,128,8,5150,2,205.54026688564502,224.34540818823595,223.62123251387897
fixed_cadence_random,128,8,5150,3,187.20306838458345,203.09358791203644,142.2385946457482
fixed_cadence_random,128,8,5150,4,178.60934232458214,193.10024880487342,104.8235025067792
fixed_cadence_random,128,8,5150,5,179.54610073597703,193.82956025665527,82.78810272340691
fixed_cadence_random,128,8,5150,6,183.35315405394007,198.70772642305064,68.2017037215062
fixed_cadence_random,128,8,5150,7,183.2228333093666,198.7708693750426,58.09395604958469
fixed_cadence_random,128,8,5150,8,186.5630295583789,203.13097715306614,51.58266184624259
fixed_cadence_random,128,8,5150,9,185.1672186564511,201.17661779192562,48.85595130688625
fixed_cadence_random,128,8,5150,10,179.11538854354393,192.5225595066771,51.558509678923045
fixed_cadence_random,128,8,60486,1,291.10597551354624,316.0757626726855,582.9970171781666
fixed_cadence_random,128,8,60486,2,218.67694270565636,239.80586992924765,236.63431522679514
fixed_cadence_random,128,8,60486,3,196.4147963691645,214.52064501309408,153.7636890510938
fixed_cadence_random,128,8,60486,4,191.0591310493649,208.3488792260679,116.2885170507672
fixed_cadence_random,128,8,60486,5,191.1339413866119,206.95684089018945,93.6225216968527
fixed_cadence_random,128,8,60486,6,193.6665629282084,209.00445190301824,78.11847857698531
fixed_cadence_random,128,8,60486,7,189.92187231444194,204.73247589427024,67.35294765925971
fixed_cadence_random,128,8,60486,8,192.6990905909737,207.47459534863643,60.51307444208734
fixed_cadence_random,128,8,60486,9,189.81732504526437,204.22250239395365,57.76831327509128
fixed_cadence_random,128,8,60486,10,183.98036282816366,196.44030757484686,60.58017281098797
fixed_cadence_random,128,8,7,1,261.9948204217165,284.3962290651964,523.7368655287459
fixed_cadence_random,128,8,7,2,199.02185779438838,217.66085145079035,211.43193197365062
fixed_cadence_random,128,8,7,3,182.93520263705906,199.48886013025833,135.3215386182725
fixed_cadence_random,128,8,7,4,180.91907607865483,196.1318815525952,99.8478591576061
fixed_cadence_random,128,8,7,5,181.69885259180512,196.34680295385658,78.57212725230745
fixed_cadence_random,128,8,7,6,187.71532234632969,201.5044704761684,64.31737809273311
fixed_cadence_random,128,8,7,7,191.63224817942134,205.03079635983107,54.35834757538018
fixed_cadence_random,128,8,7,8,196.96192949061586,210.87237278827644,47.938333096071126
fixed_cadence_random,128,8,7,9,192.18905540012352,205.48273053470606,45.229569248222845
fixed_cadence_random,128,8,7,10,186.78460760640897,198.35346294307485,47.500754391364715
fixed_cadence_random,128,8,777,1,267.90986801370576,292.47167289448277,538.0599376278238
fixed_cadence_random,128,8,777,2,207.7036888555674,226.48143115539844,219.33187781046826
fixed_cadence_random,128,8,777,3,189.8778468767607,208.0539921706377,141.93582742545567
fixed_cadence_random,128,8,777,4,186.82468330071984,204.41147008407228,106.1587501242687
fixed_cadence_random,128,8,777,5,186.53983631399683,203.26901080542083,84.40561769753839
fixed_cadence_random,128,8,777,6,191.78476854029446,208.54431620080572,69.70064738468616
fixed_cadence_random,128,8,777,7,191.6965487082955,208.58610371655058,59.433401289706055
fixed_cadence_random,128,8,777,8,194.79509853456187,210.40300511912181,52.68931182079294
fixed_cadence_random,128,8,777,9,191.67943082116292,205.5600934072608,50.07806584870022
fixed_cadence_random,128,8,777,10,183.17810663234977,195.78934698163525,53.541021899782024
fixed_cadence_random,128,8,888,1,281.12178072190926,304.39361278037586,566.0759090200515
fixed_cadence_random,128,8,888,2,211.17257673241056,229.4805076435229,225.13365383511362
fixed_cadence_random,128,8,888,3,193.5764233471956,210.81175257256666,146.74512566461993
fixed_cadence_random,128,8,888,4,189.83321778419426,205.65313049406814,109.4446752310143
fixed_cadence_random,128,8,888,5,191.4416238784538,206.08248087862682,86.82051208679063
fixed_cadence_random,128,8,888,6,193.24500481099608,207.85089211427234,71.71276642871995
fixed_cadence_random,128,8,888,7,190.9349398980129,206.5282404933861,61.22472220090377
fixed_cadence_random,128,8,888,8,197.21182024657668,213.62253567585918,54.51939399862187
fixed_cadence_random,128,8,888,9,194.60444402233273,209.72934808014622,52.0391088567637
fixed_cadence_random,128,8,888,10,187.97400577085963,200.07572675224418,55.76319193215919
fixed_cadence_random,128,8,999,1,266.39572414679833,290.8868987890898,542.6946103228534
fixed_cadence_random,128,8,999,2,204.5151251518961,223.72640511546555,219.40838591344206
fixed_cadence_random,128,8,999,3,186.20321308149954,203.2367387659111,140.88617282213383
fixed_cadence_random,128,8,999,4,179.64450134430197,194.94604433617837,105.04580643877021
fixed_cadence_random,128,8,999,5,179.13739021556242,193.15894575750912,83.58706029436286
fixed_cadence_random,128,8,999,6,185.32990501119846,197.97678032004387,69.1832138671491
fixed_cadence_random,128,8,999,7,187.54548209728645,199.34698245461897,59.137042377513836
fixed_cadence_random,128,8,999,8,192.65774319991402,204.37157983848047,52.541065880245895
fixed_cadence_random,128,8,999,9,192.1688472816349,203.08767237897905,49.90959226406461
fixed_cadence_random,128,8,999,10,186.39619545519002,194.6179614413545,52.77278262907495
gatedmoe_base,128,0,123,1,204.81894885513546,224.11975750218946,388.0327008716196
gatedmoe_base,128,0,123,2,176.86170307917962,192.4508374713078,156.50465470213604
gatedmoe_base,128,0,123,3,176.14173071455502,190.69644942458828,97.16780161585275
gatedmoe_base,128,0,123,4,183.71102009375667,197.38293760140584,70.06610251282
gatedmoe_base,128,0,123,5,191.96388453687388,206.04916708437324,54.61803730070297
gatedmoe_base,128,0,123,6,208.4377302767186,223.46078215040578,44.092688457839856
gatedmoe_base,128,0,123,7,215.2349192226543,231.37106909948716,36.72137703065976
gatedmoe_base,128,0,123,8,228.9085947391171,245.010845325374,31.87284588200703
gatedmoe_base,128,0,123,9,233.68999847304454,249.32068208865422,29.482263248632645
gatedmoe_base,128,0,123,10,230.89810635633793,244.55761308924357,30.243327619436158
gatedmoe_base,128,0,2026,1,207.89074632331946,226.92198460542923,388.35726233269077
gatedmoe_base,128,0,2026,2,176.7237315510646,191.48491940726313,155.75879921924468
gatedmoe_base,128,0,2026,3,177.69964242878305,192.17382149708254,96.09155551834988
gatedmoe_base,128,0,2026,4,183.47280778828258,197.58058181583075,69.35565388335576
gatedmoe_base,128,0,2026,5,192.87018813249267,207.72729628292558,54.13527319690957
gatedmoe_base,128,0,2026,6,208.57627286167153,223.35342523328768,43.757750229875974
gatedmoe_base,128,0,2026,7,219.99731858235705,235.68799738294203,36.38774018096431
gatedmoe_base,128,0,2026,8,233.66586484286415,250.48897415741376,31.579442542244482
gatedmoe_base,128,0,2026,9,241.4432313710722,259.12419257268664,29.222052254434722
gatedmoe_base,128,0,2026,10,233.67500057163446,247.50601913129267,29.82703600654634
gatedmoe_base,128,0,31415,1,206.87277560528358,225.44186234472681,391.905607267565
gatedmoe_base,128,0,31415,2,174.5897201842598,188.44320410169496,155.67472367286595
gatedmoe_base,128,0,31415,3,175.11038898719346,189.46206874154677,95.70052478396242
gatedmoe_base,128,0,31415,4,178.26984963391143,191.0191692054391,68.70350953084076
gatedmoe_base,128,0,31415,5,189.92726348199008,201.48569220783511,53.244701429573865
gatedmoe_base,128,0,31415,6,207.80905590594767,219.82938572815627,42.83305299856528
gatedmoe_base,128,0,31415,7,220.295250424921,233.8909820582069,35.614838938993806
gatedmoe_base,128,0,31415,8,232.57126804919716,245.38581547435479,30.907563107898774
gatedmoe_base,128,0,31415,9,235.93768551943603,248.20091851536472,28.541012741724565
gatedmoe_base,128,0,31415,10,230.16593267337566,241.21945289515887,28.992341313400843
gatedmoe_base,128,0,42,1,206.39422875716284,226.0922003714223,389.6693988884934
gatedmoe_base,128,0,42,2,175.6664684774094,189.98521595406325,156.33390413214997
gatedmoe_base,128,0,42,3,179.05574576104925,192.87212211720467,96.55229965475777
gatedmoe_base,128,0,42,4,185.69808939783206,200.00580277813924,69.63956640119498
gatedmoe_base,128,0,42,5,195.4613206753279,207.5993314407295,54.31690435370021
gatedmoe_base,128,0,42,6,209.5090728478335,222.4334373682179,43.93169772497893
gatedmoe_base,128,0,42,7,223.89289583519277,238.440391517451,36.57929186795595
gatedmoe_base,128,0,42,8,237.13183426043483,252.86200488214823,31.738441297351415
gatedmoe_base,128,0,42,9,240.22200678500414,256.1561990409771,29.298985611668485
gatedmoe_base,128,0,42,10,235.738988157081,248.43180329177966,29.88902246692474
gatedmoe_base,128,0,5150,1,205.75259365546464,225.9148272904643,389.98004844004737
gatedmoe_base,128,0,5150,2,173.496369857445,188.8859413714138,155.48646749456842
gatedmoe_base,128,0,5150,3,176.36622823269704,190.6481487964206,96.1310410195035
gatedmoe_base,128,0,5150,4,184.80096876756735,198.18868161333086,69.64453324972067
gatedmoe_base,128,0,5150,5,194.58246697221924,208.66610870590617,54.38996225841898
gatedmoe_base,128,0,5150,6,212.82696636146576,227.52909556615955,44.079890311000945
gatedmoe_base,128,0,5150,7,223.64911241898645,239.82304005646873,36.82392379596584
gatedmoe_base,128,0,5150,8,237.1585666682227,254.69028755155617,31.953563859399097
gatedmoe_base,128,0,5150,9,237.26068441394443,253.3739928703938,29.505476940461936
gatedmoe_base,128,0,5150,10,230.87208054995472,244.54929842115303,29.995380024348897
gatedmoe_base,128,0,60486,1,207.7674901065132,227.50623307067755,390.0715686244561
gatedmoe_base,128,0,60486,2,173.61326987810324,187.81289674281157,155.77279366372673
gatedmoe_base,128,0,60486,3,176.0142497103215,189.0843502370367,96.41216187733829
gatedmoe_base,128,0,60486,4,183.97327905846865,196.86066267570678,69.49706112110569
gatedmoe_base,128,0,60486,5,191.83599051147434,203.7613374529932,54.08591831251159
gatedmoe_base,128,0,60486,6,207.63351654664586,220.60443715403576,43.62886559003378
gatedmoe_base,128,0,60486,7,217.37274158320017,233.5532376574944,36.19206716902119
gatedmoe_base,128,0,60486,8,231.395486406025,247.1347940144257,31.233349379522018
gatedmoe_base,128,0,60486,9,232.20372575247276,245.7230286845777,28.778288570166627
gatedmoe_base,128,0,60486,10,228.8520655063383,239.91605584651467,29.343789097570397
gatedmoe_base,128,0,7,1,208.1588859042689,227.96758796512324,389.705630745523
gatedmoe_base,128,0,7,2,175.82759291747442,190.67104186495206,156.575664302889
gatedmoe_base,128,0,7,3,176.97166798501806,190.9624780428372,96.3951901220175
gatedmoe_base,128,0,7,4,183.4531008241449,196.76512571779523,69.38780193216544
gatedmoe_base,128,0,7,5,195.02295035104464,208.74374985133545,53.98047481014267
gatedmoe_base,128,0,7,6,211.2529203362554,223.88971288304253,43.58493234442776
gatedmoe_base,128,0,7,7,222.14246850602092,234.9093021941086,36.314273132931845
gatedmoe_base,128,0,7,8,237.9719672959261,252.59574714699352,31.56844170168429
gatedmoe_base,128,0,7,9,239.2272235982331,254.78384434272377,29.136009121074213
gatedmoe_base,128,0,7,10,232.43939386974014,246.62193141799645,29.69204763754409
gatedmoe_base,128,0,777,1,205.4416265579916,224.96634655054697,387.63311592171453
gatedmoe_base,128,0,777,2,172.71823379304928,187.35085180919538,155.2903006533522
gatedmoe_base,128,0,777,3,171.9543017250654,184.96411260795887,96.11946185114834
gatedmoe_base,128,0,777,4,177.6374430482312,190.0958456130014,69.31564516354031
gatedmoe_base,128,0,777,5,190.47332137590647,202.93408508739657,53.99266152569978
gatedmoe_base,128,0,777,6,205.17850984087383,218.44462197910087,43.63723832563443
gatedmoe_base,128,0,777,7,218.49684492779193,232.25493899798835,36.31311944549071
gatedmoe_base,128,0,777,8,231.41755597885344,246.76594174835586,31.46737591513084
gatedmoe_base,128,0,777,9,235.96772217899118,250.47754512781367,29.055927674563716
gatedmoe_base,128,0,777,10,230.0834898138807,243.15450576367158,29.750463176745846
gatedmoe_base,128,0,888,1,208.28105983056716,227.90392536789926,390.36255542336943
gatedmoe_base,128,0,888,2,177.210780506958,192.96860828455266,156.34547225628495
gatedmoe_base,128,0,888,3,176.35579332593616,190.46582717040818,96.15773814267507
gatedmoe_base,128,0,888,4,183.3334386378251,197.9086244097736,69.19114655589502
gatedmoe_base,128,0,888,5,191.31132648852062,204.8142081407231,53.809459005654574
gatedmoe_base,128,0,888,6,209.2782927727481,222.27779612323698,43.48054463449367
gatedmoe_base,128,0,888,7,223.7502608785201,238.9986764816092,36.17652509283434
gatedmoe_base,128,0,888,8,235.4732998937896,253.63311148638067,31.401608047498403
gatedmoe_base,128,0,888,9,238.52378972851457,255.81143329225281,29.056019812140057
gatedmoe_base,128,0,888,10,233.81765020617274,248.0895167774375,29.46124966642877
gatedmoe_base,128,0,999,1,205.65169239904054,225.3890844583091,387.4796969349797
gatedmoe_base,128,0,999,2,172.34160517620847,186.88472026244077,153.7578503812248
gatedmoe_base,128,0,999,3,174.27494173974566,187.06268068752692,95.41315770549737
gatedmoe_base,128,0,999,4,179.3773257825775,192.18905003842642,69.0659651487967
gatedmoe_base,128,0,999,5,188.32063068916847,200.52030003061236,53.917385482534705
gatedmoe_base,128,0,999,6,205.08717614916938,217.26215701310863,43.55129319357425
gatedmoe_base,128,0,999,7,214.40983580938834,228.31381154112597,36.1893715335666
gatedmoe_base,128,0,999,8,226.5330593229239,241.1004633683781,31.324347889655222
gatedmoe_base,128,0,999,9,231.59111853148818,247.5645584391124,28.955826316775227
gatedmoe_base,128,0,999,10,227.1943687887307,241.42516045620812,29.793954411412226
gatedmoe_base,128,4,123,1,210.08797719220047,230.748184392188,400.0841964591023
gatedmoe_base,128,4,123,2,177.03220414159864,193.09693665378302,160.4224455006701
gatedmoe_base,128,4,123,3,175.1967834871818,191.19418244231196,99.62588698804892
gatedmoe_base,128,4,123,4,186.2368013352971,202.04215022135392,72.02270098489024
gatedmoe_base,128,4,123,5,195.11190824449713,209.9495520319369,56.267752540100105
gatedmoe_base,128,4,123,6,212.79509942119867,226.178355286015,45.53610881066385
gatedmoe_base,128,4,123,7,225.1244455421223,239.45044441341844,37.978642758898914
gatedmoe_base,128,4,123,8,236.03284704131394,252.27477240682532,32.97475576821547
gatedmoe_base,128,4,123,9,239.5493901149986,256.09976860124004,30.48250343886431
gatedmoe_base,128,4,123,10,233.1261854219207,246.684280926036,31.273886328820954
gatedmoe_base,128,4,2026,1,209.8593714348894,229.11721498829428,395.3998087388366
gatedmoe_base,128,4,2026,2,178.5543661737808,192.89947777285977,159.37882752542646
gatedmoe_base,128,4,2026,3,177.29154321491066,191.17695237400233,98.49472210071154
gatedmoe_base,128,4,2026,4,186.7250717167114,200.6031490553464,71.0519763335008
gatedmoe_base,128,4,2026,5,196.79248851201754,210.18386673328948,55.319478415261166
gatedmoe_base,128,4,2026,6,211.96422102021538,226.0076165169045,44.647651148368894
gatedmoe_base,128,4,2026,7,224.87070231640382,240.82339710002614,37.124155590136475
gatedmoe_base,128,4,2026,8,240.62632426931162,257.04212843804964,32.16542508400983
gatedmoe_base,128,4,2026,9,244.56402364226446,261.38173458625516,29.68652770304586
gatedmoe_base,128,4,2026,10,237.34694867161457,251.60065406910132,30.284630500698277
gatedmoe_base,128,4,31415,1,215.00986665216692,236.42264052486829,425.1982234945284
gatedmoe_base,128,4,31415,2,176.96891302997227,193.10725202420642,164.7498361007113
gatedmoe_base,128,4,31415,3,177.65737597445695,191.41069335228994,100.83833396397314
gatedmoe_base,128,4,31415,4,185.2769516469111,199.31458352972294,72.01983632514556
gatedmoe_base,128,4,31415,5,195.15292606308347,209.8217576839638,55.66901011521183
gatedmoe_base,128,4,31415,6,211.18322950942465,226.5593943753902,44.6009105342274
gatedmoe_base,128,4,31415,7,224.11659440289202,241.59086590432804,36.8608797754246
gatedmoe_base,128,4,31415,8,237.24569881627707,254.48439531635327,31.87399049979491
gatedmoe_base,128,4,31415,9,238.20371075787057,254.79360502291848,29.53784172181695
gatedmoe_base,128,4,31415,10,233.76813103450166,248.0261236853242,30.326071514398677
gatedmoe_base,128,4,42,1,211.59482885921344,232.27989933760273,404.7318414917265
gatedmoe_base,128,4,42,2,177.626758548153,192.98440332432864,160.54391343349215
gatedmoe_base,128,4,42,3,176.87763446220683,191.47160539629783,98.77925634255223
gatedmoe_base,128,4,42,4,183.4350828646477,196.7507453609468,70.93774148082608
gatedmoe_base,128,4,42,5,193.99380480828663,206.53168547587325,55.30341199057082
gatedmoe_base,128,4,42,6,211.29722475253908,222.9863483931265,44.78544392987513
gatedmoe_base,128,4,42,7,223.66927804492138,238.17573548906924,37.30133014029653
gatedmoe_base,128,4,42,8,237.05884102303375,252.49613891052846,32.34339891830983
gatedmoe_base,128,4,42,9,239.2586185824204,253.85926596698982,29.93662521468111
gatedmoe_base,128,4,42,10,233.58138306774813,246.38081268069408,30.664223336853112
gatedmoe_base,128,4,5150,1,209.37553676066915,229.66262149728166,404.6586836135534
gatedmoe_base,128,4,5150,2,174.75491903864034,190.33426159753472,159.695109064844
gatedmoe_base,128,4,5150,3,177.1211827325499,191.70351878120456,98.36422491341085
gatedmoe_base,128,4,5150,4,186.51160196220277,200.2549541292457,71.03679080596588
gatedmoe_base,128,4,5150,5,197.6146406960785,212.49304067416813,55.4136624497782
gatedmoe_base,128,4,5150,6,210.36458659332058,224.50564512820114,44.82963537974273
gatedmoe_base,128,4,5150,7,221.40867391962337,236.6393251594332,37.417361419208184
gatedmoe_base,128,4,5150,8,237.34892307523197,252.79700906358093,32.50713486661118
gatedmoe_base,128,4,5150,9,239.74377513114692,255.85411272969716,30.02449086783293
gatedmoe_base,128,4,5150,10,235.44918305395566,249.00985282325203,30.659831538732945
gatedmoe_base,128,4,60486,1,212.98105747827603,232.07868916403092,414.06744834257114
gatedmoe_base,128,4,60486,2,176.16204992578182,191.36693097755614,160.7481143117548
gatedmoe_base,128,4,60486,3,177.00989714639408,190.77195009140706,98.61863096271824
gatedmoe_base,128,4,60486,4,187.87603081872493,201.5530499265052,70.8896147408713
gatedmoe_base,128,4,60486,5,197.36184406266122,209.66645609874496,55.19274279324385
gatedmoe_base,128,4,60486,6,211.8168933727117,223.4547609024551,44.615787151328306
gatedmoe_base,128,4,60486,7,222.57871948786132,238.2046035684329,37.248305996592016
gatedmoe_base,128,4,60486,8,232.9638166356471,250.1174492671623,32.363461129888364
gatedmoe_base,128,4,60486,9,236.35218439319058,251.66218034055532,29.966952886120772
gatedmoe_base,128,4,60486,10,230.14205877328297,242.39230500164754,30.672455383069742
gatedmoe_base,128,4,7,1,209.16629947600964,228.20922929686483,398.20991591590035
gatedmoe_base,128,4,7,2,176.14684788289074,190.76859978336054,158.0480963427484
gatedmoe_base,128,4,7,3,177.33973071015205,191.89613125529823,97.75772137700271
gatedmoe_base,128,4,7,4,189.33726293103706,202.7102133575284,70.83128463240017
gatedmoe_base,128,4,7,5,201.58934382444923,214.470503955318,55.18220201436639
gatedmoe_base,128,4,7,6,215.13501075350905,227.44776187878475,44.68534053011296
gatedmoe_base,128,4,7,7,226.81358582907862,240.04512504311396,37.254282403498884
gatedmoe_base,128,4,7,8,240.67716409098068,255.0458435033517,32.36710424209818
gatedmoe_base,128,4,7,9,242.21345975139158,256.14917005021516,29.99438325147948
gatedmoe_base,128,4,7,10,237.49150681667456,250.05170897701788,30.67625723429371
gatedmoe_base,128,4,777,1,209.35935355659876,229.39298240797018,402.36900078388084
gatedmoe_base,128,4,777,2,179.2555404542883,194.38559592883433,160.35430454205041
gatedmoe_base,128,4,777,3,175.97636885286366,189.30295201388196,99.17721772410997
gatedmoe_base,128,4,777,4,188.28477742521062,201.7361552903761,71.57164994180535
gatedmoe_base,128,4,777,5,195.29318549797074,210.3104180466814,55.8097636078725
gatedmoe_base,128,4,777,6,209.7028541975103,224.23021831878395,45.1100749929753
gatedmoe_base,128,4,777,7,224.38038801952078,239.62122423890878,37.62236346882694
gatedmoe_base,128,4,777,8,238.41647481641166,255.3196937618846,32.66624700312264
gatedmoe_base,128,4,777,9,243.2273825272022,259.2655989855118,30.20897575166757
gatedmoe_base,128,4,777,10,236.95320494922262,250.60324691903307,30.76871054023059
gatedmoe_base,128,4,888,1,211.3726261771544,231.56756977869475,405.21709607988464
gatedmoe_base,128,4,888,2,175.97105567711006,191.63208118071,160.00290433338782
gatedmoe_base,128,4,888,3,173.56511988462265,187.60218544988803,98.54446901235683
gatedmoe_base,128,4,888,4,183.57251083789285,195.37921933167777,71.06329352825405
gatedmoe_base,128,4,888,5,193.68903879906424,205.66668121932113,55.47340002810132
gatedmoe_base,128,4,888,6,210.8835281214865,221.1658664934726,44.87391440594277
gatedmoe_base,128,4,888,7,224.0253466668714,236.10103159993622,37.4536185475914
gatedmoe_base,128,4,888,8,236.8558529541242,249.11069788134193,32.568807634080976
gatedmoe_base,128,4,888,9,239.4980303744387,252.3099790116128,30.126166804482388
gatedmoe_base,128,4,888,10,232.5531177283081,244.74793650580233,30.85282823198989
gatedmoe_base,128,4,999,1,212.9837961288128,233.6970050265832,408.61631712352016
gatedmoe_base,128,4,999,2,176.6920480411111,191.45026545980667,159.68779680317593
gatedmoe_base,128,4,999,3,176.47165498293077,189.41689773622144,98.5762325955185
gatedmoe_base,128,4,999,4,183.78205258930657,197.8411078289332,71.11757799649537
gatedmoe_base,128,4,999,5,193.80012858041246,208.06331043210827,55.36147152966495
gatedmoe_base,128,4,999,6,209.3042553108401,222.93504994633884,44.66395576713497
gatedmoe_base,128,4,999,7,218.16115381034584,232.98629524652225,37.07843521815374
gatedmoe_base,128,4,999,8,233.37455072077057,248.72305506081742,32.06608311762396
gatedmoe_base,128,4,999,9,238.1335431282091,254.27913736547615,29.52018838363769
gatedmoe_base,128,4,999,10,234.52517153619326,248.496947783789,30.038987147489575
gatedmoe_base,128,8,123,1,266.1074725491832,289.4961829049019,534.5221128639881
gatedmoe_base,128,8,123,2,204.24565889380847,222.14502792920342,216.48514502748603
gatedmoe_base,128,8,123,3,187.2753610422816,204.44301357648007,139.38551623370836
gatedmoe_base,128,8,123,4,181.57091177390762,196.1286568012585,103.5209660241184
gatedmoe_base,128,8,123,5,184.59976571714375,197.95622831921276,81.94097787758824
gatedmoe_base,128,8,123,6,190.44494724034683,204.69958567780373,67.41933654985675
gatedmoe_base,128,8,123,7,191.41527228274762,204.20681824413103,57.14692268549959
gatedmoe_base,128,8,123,8,198.05183135537865,210.9170604583843,50.33773019080157
gatedmoe_base,128,8,123,9,196.62628967595825,208.40727526405658,47.54764823346995
gatedmoe_base,128,8,123,10,190.59600023832365,200.54657256949227,50.322030267392606
gatedmoe_base,128,8,2026,1,232.0989808896018,253.7481154489568,457.79424725145213
gatedmoe_base,128,8,2026,2,188.38597215340758,204.01012873922474,183.94083678877539
gatedmoe_base,128,8,2026,3,181.3512035259484,196.2874224844378,114.31222229331979
gatedmoe_base,128,8,2026,4,184.506348528094,197.85425951607178,81.87384365334752
gatedmoe_base,128,8,2026,5,198.42878009224466,211.4362818285329,63.192061628258344
gatedmoe_base,128,8,2026,6,210.51454056550153,225.49814411114212,50.93669933942834
gatedmoe_base,128,8,2026,7,219.96698522446061,236.64796171447043,42.453764581890596
gatedmoe_base,128,8,2026,8,234.30385951526785,252.4555777459377,36.88881854796741
gatedmoe_base,128,8,2026,9,236.9110119261846,256.0798641593832,34.15516982511529
gatedmoe_base,128,8,2026,10,230.48669725699835,247.659052717406,35.01169550273224
gatedmoe_base,128,8,31415,1,276.41521592575623,300.61389782170625,565.5574962665124
gatedmoe_base,128,8,31415,2,210.2138162363258,230.11505428619412,225.24483378186514
gatedmoe_base,128,8,31415,3,191.29080211097138,208.7221186257777,144.3064216862499
gatedmoe_base,128,8,31415,4,185.4389958084935,201.7804108871229,106.51794126478563
gatedmoe_base,128,8,31415,5,184.7298311419959,199.83342169583594,84.03647876393646
gatedmoe_base,128,8,31415,6,185.25953772534507,199.15343833199648,69.10163143172224
gatedmoe_base,128,8,31415,7,189.23161421975408,202.8500005452795,58.72110273429201
gatedmoe_base,128,8,31415,8,191.681281101514,205.48910129926008,52.007291271611436
gatedmoe_base,128,8,31415,9,188.8092764248253,202.23372185693015,49.23932875305386
gatedmoe_base,128,8,31415,10,184.24640014647395,196.30001170302572,51.498434902548304
gatedmoe_base,128,8,42,1,261.785652312031,283.62770042855436,517.2513668934193
gatedmoe_base,128,8,42,2,200.86674265371545,219.23459846166648,214.66364806266267
gatedmoe_base,128,8,42,3,184.37938534553967,202.73791830317515,138.0647417131049
gatedmoe_base,128,8,42,4,185.9047117538923,202.7996689026729,102.67889095506968
gatedmoe_base,128,8,42,5,183.9656935569427,199.86361499084595,81.31685934076236
gatedmoe_base,128,8,42,6,187.9016196051523,202.68756341085566,66.87471809949862
gatedmoe_base,128,8,42,7,190.1645586027275,204.20016756556603,56.72734053888636
gatedmoe_base,128,8,42,8,195.43151984688566,209.51639943668,50.13840360174977
gatedmoe_base,128,8,42,9,192.70994040401234,205.42094473714545,47.240506165300744
gatedmoe_base,128,8,42,10,185.00204270179634,195.87614047223587,50.23314009086094
gatedmoe_base,128,8,5150,1,267.23073425613205,291.34168253494363,536.56785464039
gatedmoe_base,128,8,5150,2,201.44549803451542,220.4957892593622,218.6055834805716
gatedmoe_base,128,8,5150,3,184.61652950781257,201.24906045933182,141.23797189452986
gatedmoe_base,128,8,5150,4,181.28954498688708,197.56440437516358,105.5992347498922
gatedmoe_base,128,8,5150,5,181.11549085130935,196.5746922608863,84.359802501211
gatedmoe_base,128,8,5150,6,185.88490595360688,200.61807811321898,69.97272509130786
gatedmoe_base,128,8,5150,7,184.98453972637705,198.9905910351402,59.96674718101003
gatedmoe_base,128,8,5150,8,188.92423898532203,203.44851233103594,53.32677801556054
gatedmoe_base,128,8,5150,9,187.77627326131642,202.72388570361852,50.5605780324456
gatedmoe_base,128,8,5150,10,179.87506261259406,192.08667417714707,53.409664360042
gatedmoe_base,128,8,60486,1,277.50369061701565,300.82959004928,562.1075614476576
gatedmoe_base,128,8,60486,2,210.3934474068089,228.60985656459815,221.03853203998716
gatedmoe_base,128,8,60486,3,191.33982893804952,207.1597587997485,141.02850450799343
gatedmoe_base,128,8,60486,4,187.63675459368073,202.19541810792055,104.45794751385837
gatedmoe_base,128,8,60486,5,184.74181345373535,199.85500739167264,82.7452942118853
gatedmoe_base,128,8,60486,6,188.26831951931186,202.77831703817725,68.05868015561809
gatedmoe_base,128,8,60486,7,192.333512662919,206.37240493862322,57.83871822101656
gatedmoe_base,128,8,60486,8,195.967320796741,210.4160670905943,51.30076884639586
gatedmoe_base,128,8,60486,9,194.67796138971244,208.2723368445738,48.422692440222725
gatedmoe_base,128,8,60486,10,189.18565497884714,199.74067047013244,50.85191457550659
gatedmoe_base,128,8,7,1,270.54298239467124,293.0980123192073,538.7824281585105
gatedmoe_base,128,8,7,2,205.8344909798805,224.62787594178027,221.20682683803102
gatedmoe_base,128,8,7,3,188.00443147774251,205.65036809488322,141.77427489154795
gatedmoe_base,128,8,7,4,182.7973962386962,199.05146351605902,104.44543460926603
gatedmoe_base,128,8,7,5,184.66115899872432,199.9170130437138,82.22022480889997
gatedmoe_base,128,8,7,6,189.349238331092,203.06910009533638,67.53251027249712
gatedmoe_base,128,8,7,7,191.5480052423348,204.6328674204675,57.456003813832794
gatedmoe_base,128,8,7,8,193.68702322916687,207.143382224772,50.811112744998
gatedmoe_base,128,8,7,9,192.42188375768401,205.58823871932879,47.89832572722087
gatedmoe_base,128,8,7,10,187.13357731102883,198.50659187586905,50.27760067240288
gatedmoe_base,128,8,777,1,281.2009846056226,305.1764187968952,539.9992304449266
gatedmoe_base,128,8,777,2,210.80781714743136,229.34031223866847,225.19895623691357
gatedmoe_base,128,8,777,3,192.27013717487355,209.51271994145787,144.36006264439874
gatedmoe_base,128,8,777,4,186.1938554447184,202.46118851954353,107.30647077079801
gatedmoe_base,128,8,777,5,184.88169984466703,199.42901566031955,85.3360809050343
gatedmoe_base,128,8,777,6,188.29037411998456,201.62747663103738,70.35523709054395
gatedmoe_base,128,8,777,7,189.68202673147013,203.05079166052386,59.97154741151655
gatedmoe_base,128,8,777,8,192.82020902002893,206.65157004170075,53.34350963096267
gatedmoe_base,128,8,777,9,192.29178756548623,204.57585291461075,50.60328570849048
gatedmoe_base,128,8,777,10,187.5668702922784,198.05339044980553,52.71740617863261
gatedmoe_base,128,8,888,1,263.42860747813234,286.1128703171954,530.3737886461444
gatedmoe_base,128,8,888,2,205.01536661377506,224.57104159184613,215.31402465049612
gatedmoe_base,128,8,888,3,184.30848238104556,202.2789528720163,138.25399913177804
gatedmoe_base,128,8,888,4,179.80175046212094,195.30400558254584,102.10223496664742
gatedmoe_base,128,8,888,5,182.00586074728025,196.86794839948956,80.29770157067442
gatedmoe_base,128,8,888,6,186.5892926028476,200.02156017513377,65.78851680091114
gatedmoe_base,128,8,888,7,188.6245424770553,202.25436220576745,55.696788248147776
gatedmoe_base,128,8,888,8,194.4490805261536,208.34941533369013,49.12888651311538
gatedmoe_base,128,8,888,9,193.02395906587228,207.0877167697915,46.192678494290824
gatedmoe_base,128,8,888,10,186.63027987720122,198.95066947241986,48.29179870655312
gatedmoe_base,128,8,999,1,269.0733250644487,293.5703528789161,541.1448330512852
gatedmoe_base,128,8,999,2,203.38080933945284,223.5806920367394,216.95321452045417
gatedmoe_base,128,8,999,3,185.99958374250323,202.26621950894472,138.3154640045297
gatedmoe_base,128,8,999,4,181.99984919497686,196.94185612546684,101.90290229172953
gatedmoe_base,128,8,999,5,185.31941352469943,199.78357071572904,80.07626650572173
gatedmoe_base,128,8,999,6,191.13733962807532,203.79359928437913,65.43006901027728
gatedmoe_base,128,8,999,7,193.48125993433115,207.26745299467188,55.37683229997804
gatedmoe_base,128,8,999,8,200.74533744485592,215.84959588568,48.89449951000339
gatedmoe_base,128,8,999,9,198.73987395933807,213.24039132185158,46.12284519002034
gatedmoe_base,128,8,999,10,190.3012861986144,200.88009533629315,48.62208916139746
gatedmoe_g,128,0,123,1,204.81894885513546,224.11975750218946,388.0327008716196
gatedmoe_g,128,0,123,2,176.86170307917962,192.4508374713078,156.50465470213604
gatedmoe_g,128,0,123,3,176.14173071455502,190.69644942458828,97.16780161585275
gatedmoe_g,128,0,123,4,183.71102009375667,197.38293760140584,70.06610251282
gatedmoe_g,128,0,123,5,191.96388453687388,206.04916708437324,54.61803730070297
gatedmoe_g,128,0,123,6,208.4377302767186,223.46078215040578,44.092688457839856
gatedmoe_g,128,0,123,7,215.2349192226543,231.37106909948716,36.72137703065976
gatedmoe_g,128,0,123,8,228.9085947391171,245.010845325374,31.87284588200703
gatedmoe_g,128,0,123,9,233.68999847304454,249.32068208865422,29.482263248632645
gatedmoe_g,128,0,123,10,230.89810635633793,244.55761308924357,30.243327619436158
gatedmoe_g,128,0,2026,1,207.89074632331946,226.92198460542923,388.35726233269077
gatedmoe_g,128,0,2026,2,176.7237315510646,191.48491940726313,155.75879921924468
gatedmoe_g,128,0,2026,3,177.69964242878305,192.17382149708254,96.09155551834988
gatedmoe_g,128,0,2026,4,183.47280778828258,197.58058181583075,69.35565388335576
gatedmoe_g,128,0,2026,5,192.87018813249267,207.72729628292558,54.13527319690957
gatedmoe_g,128,0,2026,6,208.57627286167153,223.35342523328768,43.757750229875974
gatedmoe_g,128,0,2026,7,219.99731858235705,235.68799738294203,36.38774018096431
gatedmoe_g,128,0,2026,8,233.66586484286415,250.48897415741376,31.579442542244482
gatedmoe_g,128,0,2026,9,241.4432313710722,259.12419257268664,29.222052254434722
gatedmoe_g,128,0,2026,10,233.67500057163446,247.50601913129267,29.82703600654634
gatedmoe_g,128,0,31415,1,206.87277560528358,225.44186234472681,391.905607267565
gatedmoe_g,128,0,31415,2,174.5897201842598,188.44320410169496,155.67472367286595
gatedmoe_g,128,0,31415,3,175.11038898719346,189.46206874154677,95.70052478396242
gatedmoe_g,128,0,31415,4,178.26984963391143,191.0191692054391,68.70350953084076
gatedmoe_g,128,0,31415,5,189.92726348199008,201.48569220783511,53.244701429573865
gatedmoe_g,128,0,31415,6,207.80905590594767,219.82938572815627,42.83305299856528
gatedmoe_g,128,0,31415,7,220.295250424921,233.8909820582069,35.614838938993806
gatedmoe_g,128,0,31415,8,232.57126804919716,245.38581547435479,30.907563107898774
gatedmoe_g,128,0,31415,9,235.93768551943603,248.20091851536472,28.541012741724565
gatedmoe_g,128,0,31415,10,230.16593267337566,241.21945289515887,28.992341313400843
gatedmoe_g,128,0,42,1,206.39422875716284,226.0922003714223,389.6693988884934
gatedmoe_g,128,0,42,2,175.6664684774094,189.98521595406325,156.33390413214997
gatedmoe_g,128,0,42,3,179.05574576104925,192.87212211720467,96.55229965475777
gatedmoe_g,128,0,42,4,185.69808939783206,200.00580277813924,69.63956640119498
gatedmoe_g,128,0,42,5,195.4613206753279,207.5993314407295,54.31690435370021
gatedmoe_g,128,0,42,6,209.5090728478335,222.4334373682179,43.93169772497893
gatedmoe_g,128,0,42,7,223.89289583519277,238.440391517451,36.57929186795595
gatedmoe_g,128,0,42,8,237.13183426043483,252.86200488214823,31.738441297351415
gatedmoe_g,128,0,42,9,240.22200678500414,256.1561990409771,29.298985611668485
gatedmoe_g,128,0,42,10,235.738988157081,248.43180329177966,29.88902246692474
gatedmoe_g,128,0,5150,1,205.75259365546464,225.9148272904643,389.98004844004737
gatedmoe_g,128,0,5150,2,173.496369857445,188.8859413714138,155.48646749456842
gatedmoe_g,128,0,5150,3,176.36622823269704,190.6481487964206,96.1310410195035
gatedmoe_g,128,0,5150,4,184.80096876756735,198.18868161333086,69.64453324972067
gatedmoe_g,128,0,5150,5,194.58246697221924,208.66610870590617,54.38996225841898
gatedmoe_g,128,0,5150,6,212.82696636146576,227.52909556615955,44.079890311000945
gatedmoe_g,128,0,5150,7,223.64911241898645,239.82304005646873,36.82392379596584
gatedmoe_g,128,0,5150,8,237.1585666682227,254.69028755155617,31.953563859399097
gatedmoe_g,128,0,5150,9,237.26068441394443,253.3739928703938,29.505476940461936
gatedmoe_g,128,0,5150,10,230.87208054995472,244.54929842115303,29.995380024348897
gatedmoe_g,128,0,60486,1,207.7674901065132,227.50623307067755,390.0715686244561
gatedmoe_g,128,0,60486,2,173.61326987810324,187.81289674281157,155.77279366372673
gatedmoe_g,128,0,60486,3,176.0142497103215,189.0843502370367,96.41216187733829
gatedmoe_g,128,0,60486,4,183.97327905846865,196.86066267570678,69.49706112110569
gatedmoe_g,128,0,60486,5,191.83599051147434,203.7613374529932,54.08591831251159
gatedmoe_g,128,0,60486,6,207.63351654664586,220.60443715403576,43.62886559003378
gatedmoe_g,128,0,60486,7,217.37274158320017,233.5532376574944,36.19206716902119
gatedmoe_g,128,0,60486,8,231.395486406025,247.1347940144257,31.233349379522018
gatedmoe_g,128,0,60486,9,232.20372575247276,245.7230286845777,28.778288570166627
gatedmoe_g,128,0,60486,10,228.8520655063383,239.91605584651467,29.343789097570397
gatedmoe_g,128,0,7,1,208.1588859042689,227.96758796512324,389.705630745523
gatedmoe_g,128,0,7,2,175.82759291747442,190.67104186495206,156.575664302889
gatedmoe_g,128,0,7,3,176.97166798501806,190.9624780428372,96.3951901220175
gatedmoe_g,128,0,7,4,183.4531008241449,196.76512571779523,69.38780193216544
gatedmoe_g,128,0,7,5,195.02295035104464,208.74374985133545,53.98047481014267
gatedmoe_g,128,0,7,6,211.2529203362554,223.88971288304253,43.58493234442776
gatedmoe_g,128,0,7,7,222.14246850602092,234.9093021941086,36.314273132931845
gatedmoe_g,128,0,7,8,237.9719672959261,252.59574714699352,31.56844170168429
gatedmoe_g,128,0,7,9,239.2272235982331,254.78384434272377,29.136009121074213
gatedmoe_g,128,0,7,10,232.43939386974014,246.62193141799645,29.69204763754409
gatedmoe_g,128,0,777,1,205.4416265579916,224.96634655054697,387.63311592171453
gatedmoe_g,128,0,777,2,172.71823379304928,187.35085180919538,155.2903006533522
gatedmoe_g,128,0,777,3,171.9543017250654,184.96411260795887,96.11946185114834
gatedmoe_g,128,0,777,4,177.6374430482312,190.0958456130014,69.31564516354031
gatedmoe_g,128,0,777,5,190.47332137590647,202.93408508739657,53.99266152569978
gatedmoe_g,128,0,777,6,205.17850984087383,218.44462197910087,43.63723832563443
gatedmoe_g,128,0,777,7,218.49684492779193,232.25493899798835,36.31311944549071
gatedmoe_g,128,0,777,8,231.41755597885344,246.76594174835586,31.46737591513084
gatedmoe_g,128,0,777,9,235.96772217899118,250.47754512781367,29.055927674563716
gatedmoe_g,128,0,777,10,230.0834898138807,243.15450576367158,29.750463176745846
gatedmoe_g,128,0,888,1,208.28105983056716,227.90392536789926,390.36255542336943
gatedmoe_g,128,0,888,2,177.210780506958,192.96860828455266,156.34547225628495
gatedmoe_g,128,0,888,3,176.35579332593616,190.46582717040818,96.15773814267507
gatedmoe_g,128,0,888,4,183.3334386378251,197.9086244097736,69.19114655589502
gatedmoe_g,128,0,888,5,191.31132648852062,204.8142081407231,53.809459005654574
gatedmoe_g,128,0,888,6,209.2782927727481,222.27779612323698,43.48054463449367
gatedmoe_g,128,0,888,7,223.7502608785201,238.9986764816092,36.17652509283434
gatedmoe_g,128,0,888,8,235.4732998937896,253.63311148638067,31.401608047498403
gatedmoe_g,128,0,888,9,238.52378972851457,255.81143329225281,29.056019812140057
gatedmoe_g,128,0,888,10,233.81765020617274,248.0895167774375,29.46124966642877
gatedmoe_g,128,0,999,1,205.65169239904054,225.3890844583091,387.4796969349797
gatedmoe_g,128,0,999,2,172.34160517620847,186.88472026244077,153.7578503812248
gatedmoe_g,128,0,999,3,174.27494173974566,187.06268068752692,95.41315770549737
gatedmoe_g,128,0,999,4,179.3773257825775,192.18905003842642,69.0659651487967
gatedmoe_g,128,0,999,5,188.32063068916847,200.52030003061236,53.917385482534705
gatedmoe_g,128,0,999,6,205.08717614916938,217.26215701310863,43.55129319357425
gatedmoe_g,128,0,999,7,214.40983580938834,228.31381154112597,36.1893715335666
gatedmoe_g,128,0,999,8,226.5330593229239,241.1004633683781,31.324347889655222
gatedmoe_g,128,0,999,9,231.59111853148818,247.5645584391124,28.955826316775227
gatedmoe_g,128,0,999,10,227.1943687887307,241.42516045620812,29.793954411412226
gatedmoe_g,128,4,123,1,210.16325279027825,230.15804453130679,399.2707174643267
gatedmoe_g,128,4,123,2,175.94889578786479,191.02585204251605,159.50484802477746
gatedmoe_g,128,4,123,3,175.5502470200447,190.5473591988303,98.70766005950827
gatedmoe_g,128,4,123,4,186.0153081453586,200.9474521825941,71.28253674087775
gatedmoe_g,128,4,123,5,195.14856811160072,208.08767129001322,55.6133823948657
gatedmoe_g,128,4,123,6,213.18995309358556,224.70590059425126,45.04723001531557
gatedmoe_g,128,4,123,7,224.8298958952167,239.22417454500373,37.61263743428373
gatedmoe_g,128,4,123,8,238.09648165567836,253.86071285560135,32.75668992857161
gatedmoe_g,128,4,123,9,241.51751364495993,257.3599346151439,30.39106426129337
gatedmoe_g,128,4,123,10,233.81419207665502,246.60658750980556,31.277950555743306
gatedmoe_g,128,4,2026,1,209.75125609295117,229.36355405096754,396.72116445918925
gatedmoe_g,128,4,2026,2,176.3097319274129,190.79645529877502,159.7336514636896
gatedmoe_g,128,4,2026,3,178.43090454263708,191.51637988007752,98.49597659255434
gatedmoe_g,128,4,2026,4,190.6165058256229,204.64870857470137,70.79855278207991
gatedmoe_g,128,4,2026,5,199.83689882406853,213.4663664079751,55.15552562268672
gatedmoe_g,128,4,2026,6,214.37000340821734,228.45332600773736,44.574823101830965
gatedmoe_g,128,4,2026,7,225.3704611288946,242.18482663776922,37.084488308586465
gatedmoe_g,128,4,2026,8,239.96763209378273,257.87433173867436,32.14247087492462
gatedmoe_g,128,4,2026,9,244.1713353122526,261.6367935522732,29.712687209554847
gatedmoe_g,128,4,2026,10,240.6280752594129,255.75503623469294,30.298335127844354
gatedmoe_g,128,4,31415,1,211.49440155295068,232.07058370842947,415.5938290140154
gatedmoe_g,128,4,31415,2,174.82284098884702,189.800636426574,161.54298165956078
gatedmoe_g,128,4,31415,3,174.14402622098652,188.71689176182645,98.80205333717346
gatedmoe_g,128,4,31415,4,183.03112319903366,197.2970065447586,70.82836274184935
gatedmoe_g,128,4,31415,5,195.74101826439986,211.0542355083859,55.000765557335974
gatedmoe_g,128,4,31415,6,209.73888374276578,225.6168717704656,44.248655154088084
gatedmoe_g,128,4,31415,7,220.54370789052842,239.4470890861882,36.75773314853265
gatedmoe_g,128,4,31415,8,231.6499032561334,251.007855017441,31.93824557395659
gatedmoe_g,128,4,31415,9,231.90786431248063,250.09374810078452,29.535168008965673
gatedmoe_g,128,4,31415,10,227.57265865158283,242.2832204697873,30.11911776095554
gatedmoe_g,128,4,42,1,211.9240243400321,232.13901918392176,403.8957125046604
gatedmoe_g,128,4,42,2,178.91385453002894,193.40969665394022,160.32439870999409
gatedmoe_g,128,4,42,3,179.362793536131,193.51579137239696,98.9942537672654
gatedmoe_g,128,4,42,4,184.15451289377222,197.90016065341254,71.52868086229584
gatedmoe_g,128,4,42,5,196.61009529655124,208.8311642560588,55.674705427434645
gatedmoe_g,128,4,42,6,209.83394710438668,221.2660115889254,44.96601470673332
gatedmoe_g,128,4,42,7,226.1198658060681,240.0616621951183,37.44780760895482
gatedmoe_g,128,4,42,8,238.59983742693086,254.30738097270233,32.571038996092526
gatedmoe_g,128,4,42,9,240.17639550802127,254.97039808541626,30.153411802809167
gatedmoe_g,128,4,42,10,234.37400970894436,246.44374311963972,30.77186062432976
gatedmoe_g,128,4,5150,1,210.04775251972575,230.1845864188707,404.5059847768579
gatedmoe_g,128,4,5150,2,176.18895264615074,190.84309967080242,159.08541497544445
gatedmoe_g,128,4,5150,3,176.23392604904313,190.25053308896216,97.79802978498147
gatedmoe_g,128,4,5150,4,184.80259121882045,198.6368660363274,70.78905263860054
gatedmoe_g,128,4,5150,5,195.74913557874964,210.19863981485219,55.238868962836044
gatedmoe_g,128,4,5150,6,209.71992279484218,222.8355047076414,44.743931786913265
gatedmoe_g,128,4,5150,7,219.14119949023643,234.33408499457414,37.3153159478848
gatedmoe_g,128,4,5150,8,232.22037021073265,248.97719104747765,32.38536734278643
gatedmoe_g,128,4,5150,9,241.77956015513954,257.4276356603524,30.008174917441316
gatedmoe_g,128,4,5150,10,233.4355625512004,247.21901055693044,30.666857088909342
gatedmoe_g,128,4,60486,1,214.3331216325139,233.44592987677055,417.2018772243665
gatedmoe_g,128,4,60486,2,177.88099829291752,192.79432023568128,161.60155003762122
gatedmoe_g,128,4,60486,3,177.33150634126136,191.20549971120607,98.95201924428632
gatedmoe_g,128,4,60486,4,183.73280587217315,196.67272721424212,71.047295530985
gatedmoe_g,128,4,60486,5,195.72888409936226,208.3023771399272,55.287711451173095
gatedmoe_g,128,4,60486,6,211.97547772868552,225.98419122747893,44.81373731969285
gatedmoe_g,128,4,60486,7,221.54510134387138,238.5406613805377,37.45479081978747
gatedmoe_g,128,4,60486,8,236.99016063401208,255.03679594181807,32.56578238541429
gatedmoe_g,128,4,60486,9,239.735345473069,255.82589067932085,30.18500651779288
gatedmoe_g,128,4,60486,10,232.95129974881152,246.4454182475032,30.94341536143922
gatedmoe_g,128,4,7,1,208.7073531184585,228.2545588150991,397.2308122149306
gatedmoe_g,128,4,7,2,177.22775743671093,192.73429397903416,157.63920968118842
gatedmoe_g,128,4,7,3,176.7339729419838,191.6380009692997,97.18811246550973
gatedmoe_g,128,4,7,4,183.27143367931149,197.4715772409688,70.16085071918559
gatedmoe_g,128,4,7,5,195.4409251153525,208.75764132801493,54.80778069355827
gatedmoe_g,128,4,7,6,211.98757682994335,225.78207137135004,44.413648537730054
gatedmoe_g,128,4,7,7,221.065082806248,236.15168819777722,37.087468127361795
gatedmoe_g,128,4,7,8,234.23893857169767,250.89365395851596,32.26711760732237
gatedmoe_g,128,4,7,9,239.24979470793195,255.10836947991157,29.866116583733927
gatedmoe_g,128,4,7,10,232.9897729529868,245.85973872227586,30.49539991416386
gatedmoe_g,128,4,777,1,211.17290504891275,231.10540919068194,403.5531845809919
gatedmoe_g,128,4,777,2,177.14200674759857,191.45956526967504,160.43157581099675
gatedmoe_g,128,4,777,3,179.6828103697975,193.2374528547694,98.94137757887245
gatedmoe_g,128,4,777,4,187.1848051288608,199.77105105151801,71.39930911840756
gatedmoe_g,128,4,777,5,198.51841968575374,211.74768442430957,55.705143674966784
gatedmoe_g,128,4,777,6,214.54443431651865,227.28261030813383,45.21329613999387
gatedmoe_g,128,4,777,7,222.86048404215697,237.7501251710782,37.786038306467944
gatedmoe_g,128,4,777,8,234.03545889695678,250.27099868962316,32.828455088691626
gatedmoe_g,128,4,777,9,235.7546343239752,252.01114072278048,30.263042387423955
gatedmoe_g,128,4,777,10,230.08439886092376,242.05591904753953,31.06453586882082
gatedmoe_g,128,4,888,1,212.9473354497278,231.90332731834133,402.4675988252718
gatedmoe_g,128,4,888,2,178.72833456052143,193.97047172019631,159.07542624864598
gatedmoe_g,128,4,888,3,180.01246921811796,195.08197279313126,98.13179018914855
gatedmoe_g,128,4,888,4,187.00375570577796,200.689564915537,70.73628224853522
gatedmoe_g,128,4,888,5,198.16805809820875,212.5530409406234,55.126927244341886
gatedmoe_g,128,4,888,6,217.7762795714413,233.189605644579,44.47543631930205
gatedmoe_g,128,4,888,7,226.9475826086453,245.20576375403223,37.05175209791965
gatedmoe_g,128,4,888,8,241.2054154098702,258.919881536026,32.14293609476615
gatedmoe_g,128,4,888,9,243.65386793206318,263.1177383302526,29.770841743674822
gatedmoe_g,128,4,888,10,238.84320009608535,255.86274730569312,30.374366185008284
gatedmoe_g,128,4,999,1,212.5413473831173,232.5816833897553,410.8003636341872
gatedmoe_g,128,4,999,2,177.18018111951602,192.50547558280806,160.3605791991314
gatedmoe_g,128,4,999,3,174.38577054031657,188.28367764813643,99.12069390326559
gatedmoe_g,128,4,999,4,186.69726192943747,200.8395064936575,71.61812909020968
gatedmoe_g,128,4,999,5,197.02074483531547,210.7407157330218,55.897177781926146
gatedmoe_g,128,4,999,6,210.10361728958335,223.09809018066008,45.20832637315433
gatedmoe_g,128,4,999,7,221.49434979492096,236.24871066959835,37.60104482817299
gatedmoe_g,128,4,999,8,234.31053211496632,249.38388439927095,32.55393214750369
gatedmoe_g,128,4,999,9,240.4852003194107,256.026507198451,30.045776177126914
gatedmoe_g,128,4,999,10,234.44220154319558,247.9964624877061,30.76724309201734
gatedmoe_g,128,8,123,1,245.03284439605056,266.9285290644599,492.22610671855585
gatedmoe_g,128,8,123,2,197.84420736554645,215.52159969625203,197.59045886252218
gatedmoe_g,128,8,123,3,183.5130641510733,200.36149413724297,126.24121181820496
gatedmoe_g,128,8,123,4,180.37823026587054,195.78403083907543,92.58404681781509
gatedmoe_g,128,8,123,5,183.82989378451293,197.1507225145076,72.42571050995036
gatedmoe_g,128,8,123,6,192.36472416947066,204.5558774357734,58.806312338112775
gatedmoe_g,128,8,123,7,196.88661078436093,209.25969771380187,49.26360104849994
gatedmoe_g,128,8,123,8,203.2362536668666,215.83076529633286,43.2020091843959
gatedmoe_g,128,8,123,9,203.17574648654002,214.9500477278246,40.50297090101262
gatedmoe_g,128,8,123,10,200.51535319698135,210.14317332261274,42.20634261017648
gatedmoe_g,128,8,2026,1,220.46251015795514,241.3882530427992,428.4636895157841
gatedmoe_g,128,8,2026,2,183.24940081514777,199.00993799978454,170.11932890495774
gatedmoe_g,128,8,2026,3,179.35372073293183,193.46140085736187,104.98685595350275
gatedmoe_g,128,8,2026,4,190.93756568084157,205.23442194654714,75.72473441803338
gatedmoe_g,128,8,2026,5,198.05919848684746,212.25234673681751,59.16884551654169
gatedmoe_g,128,8,2026,6,210.98668014224685,225.7925340558233,47.95222474385595
gatedmoe_g,128,8,2026,7,225.46549377466673,242.69830415639126,40.06199630058259
gatedmoe_g,128,8,2026,8,241.21946609893536,260.1405865480501,34.902727303920436
gatedmoe_g,128,8,2026,9,244.12140468208756,263.1887725554565,32.349971015856774
gatedmoe_g,128,8,2026,10,240.03982523860364,257.3930777659775,32.98031939446792
gatedmoe_g,128,8,31415,1,262.8349411308188,285.8426004284562,528.4164499507181
gatedmoe_g,128,8,31415,2,206.0371721649394,225.03928532917365,212.00502071806653
gatedmoe_g,128,8,31415,3,190.77596755162114,208.01576789345182,138.48030684486744
gatedmoe_g,128,8,31415,4,185.58694018658517,201.9187775474784,103.93581829030879
gatedmoe_g,128,8,31415,5,185.4122921357125,200.61787776427903,83.11433252966584
gatedmoe_g,128,8,31415,6,189.0248942310913,203.58686707837197,69.00813215848119
gatedmoe_g,128,8,31415,7,189.72531038851454,204.97930119977036,59.14076092296782
gatedmoe_g,128,8,31415,8,195.7416669155642,211.48570019648596,52.861314746544494
gatedmoe_g,128,8,31415,9,192.98879951411132,208.05503385592644,50.73706055656023
gatedmoe_g,128,8,31415,10,186.92090259891899,199.53178527969692,53.55298917868422
gatedmoe_g,128,8,42,1,253.02984324690684,276.35002819221535,496.95515843237916
gatedmoe_g,128,8,42,2,198.8510359455381,216.5090967690564,203.90607681696085
gatedmoe_g,128,8,42,3,187.61789871600266,204.5058695347603,130.91294087284953
gatedmoe_g,128,8,42,4,183.4983483164601,199.24026219178185,97.19823275439649
gatedmoe_g,128,8,42,5,186.3993563461523,200.09280561501262,77.10375745865755
gatedmoe_g,128,8,42,6,189.88862230008115,203.41074712529485,63.51979258260298
gatedmoe_g,128,8,42,7,192.4235060352326,206.56130559122462,54.064892461086245
gatedmoe_g,128,8,42,8,198.55726709372638,211.89467889485798,47.82245905157755
gatedmoe_g,128,8,42,9,192.85381317210872,205.74889285309615,45.16673859105276
gatedmoe_g,128,8,42,10,187.2225885150802,197.6084372783636,47.74093787929039
gatedmoe_g,128,8,5150,1,257.10125506949794,279.54602230721065,510.2707427848767
gatedmoe_g,128,8,5150,2,200.07413621801965,218.21654072138136,205.01201255592844
gatedmoe_g,128,8,5150,3,185.17825432764135,202.62538390240454,132.60429830572906
gatedmoe_g,128,8,5150,4,181.85260667577788,199.09937187422383,99.22729532230609
gatedmoe_g,128,8,5150,5,182.22996708788347,196.97803220643016,78.97739945353237
gatedmoe_g,128,8,5150,6,188.10447983761838,201.95097566927888,65.20089270652058
gatedmoe_g,128,8,5150,7,190.42519338889366,205.0029210239199,55.40784498905347
gatedmoe_g,128,8,5150,8,193.84169240636885,209.1231386971654,49.05635168491121
gatedmoe_g,128,8,5150,9,193.65459538360952,208.0405583606911,46.35236703755355
gatedmoe_g,128,8,5150,10,186.37688769809074,198.37899556167747,48.75720982079077
gatedmoe_g,128,8,60486,1,261.70580007677694,283.3199355617461,542.2118252445634
gatedmoe_g,128,8,60486,2,202.9276317136155,219.63678602863152,207.58991414928622
gatedmoe_g,128,8,60486,3,182.91688079301076,197.78389655079758,132.20787123237645
gatedmoe_g,128,8,60486,4,177.80337902591268,191.41350127019672,97.36664316412188
gatedmoe_g,128,8,60486,5,182.03909742849925,195.12930847389802,76.6867791368518
gatedmoe_g,128,8,60486,6,187.76519561878607,199.45478990969886,62.78530129179057
gatedmoe_g,128,8,60486,7,190.31499723190882,202.45409287907975,53.222412876201744
gatedmoe_g,128,8,60486,8,197.26572556703425,209.74387503486395,47.21446896554579
gatedmoe_g,128,8,60486,9,195.00233173785045,206.7490091794103,44.764313529453844
gatedmoe_g,128,8,60486,10,188.59202514807484,199.3250983458548,46.85465752952808
gatedmoe_g,128,8,7,1,242.69791028479938,264.5751871495488,485.0346430237471
gatedmoe_g,128,8,7,2,187.90668161067,204.4067777376108,186.73525128183934
gatedmoe_g,128,8,7,3,180.17453822107782,194.27771603199392,115.16980810058678
gatedmoe_g,128,8,7,4,188.0832775382608,200.46247089774297,82.72671494685666
gatedmoe_g,128,8,7,5,194.0663457401179,207.53310950464967,64.08620598238389
gatedmoe_g,128,8,7,6,203.39160613674625,216.74848187315268,51.503326647566205
gatedmoe_g,128,8,7,7,216.37423369393036,230.80546590799278,42.99879074227225
gatedmoe_g,128,8,7,8,230.8835300260752,246.45149913493717,37.53771059788488
gatedmoe_g,128,8,7,9,231.9643294831788,246.60677055275494,35.162212238255755
gatedmoe_g,128,8,7,10,224.89524866012798,236.910540710314,36.56423192005001
gatedmoe_g,128,8,777,1,252.6844439341928,275.50654875137946,499.64787941359805
gatedmoe_g,128,8,777,2,203.41380868920155,220.65267016110684,202.87784435315433
gatedmoe_g,128,8,777,3,185.7563912428986,200.8739822246927,130.56233878742222
gatedmoe_g,128,8,777,4,181.83105913918257,195.1186481012371,97.15053913762826
gatedmoe_g,128,8,777,5,183.7421789761066,195.20979750142362,77.06941515268792
gatedmoe_g,128,8,777,6,185.49797298309477,196.9166900692543,63.57559326263603
gatedmoe_g,128,8,777,7,190.41212142938426,202.6542961038472,53.94920253488988
gatedmoe_g,128,8,777,8,196.49825460286854,207.42026195164735,47.66010018217634
gatedmoe_g,128,8,777,9,194.752730163926,205.88471364895983,44.981281023285455
gatedmoe_g,128,8,777,10,188.10314948906301,198.6043984797926,46.82489784726738
gatedmoe_g,128,8,888,1,257.4544239068628,279.81266980853303,517.8510470033115
gatedmoe_g,128,8,888,2,200.77361708856463,218.5538676125363,206.06195404518544
gatedmoe_g,128,8,888,3,185.23588452542393,200.87281474545264,133.44160775923626
gatedmoe_g,128,8,888,4,181.81662826416434,197.65611835931023,99.60128124323576
gatedmoe_g,128,8,888,5,181.86090518398183,196.81520184770227,78.95527143503516
gatedmoe_g,128,8,888,6,188.15439995804343,201.9965423537093,65.0431893358029
gatedmoe_g,128,8,888,7,190.78746440094443,204.32304349281318,55.255176377207896
gatedmoe_g,128,8,888,8,196.06726514344788,208.32171762061816,48.89138882205331
gatedmoe_g,128,8,888,9,192.62877659148995,204.70393666312148,46.22229149853392
gatedmoe_g,128,8,888,10,186.58683577600874,196.66722783968947,48.82712718315854
gatedmoe_g,128,8,999,1,254.55559954886945,279.25425095279104,522.3135489413079
gatedmoe_g,128,8,999,2,196.01619522308198,214.88648436199452,201.95728688253615
gatedmoe_g,128,8,999,3,178.74641663635322,194.43334165550687,128.03846316674546
gatedmoe_g,128,8,999,4,177.14077735365137,191.49987971651456,94.15264534420312
gatedmoe_g,128,8,999,5,182.01097688564994,196.27216497818432,73.71635604793693
gatedmoe_g,128,8,999,6,190.00345405541938,202.62172151666744,59.94524656636563
gatedmoe_g,128,8,999,7,191.34129028408512,204.2045667263481,50.22042288997082
gatedmoe_g,128,8,999,8,201.3770946796223,214.4343583326729,44.037150177830604
gatedmoe_g,128,8,999,9,200.31142569012545,213.45840591220136,41.40632013434931
gatedmoe_g,128,8,999,10,194.61715496239157,205.82910680840203,42.83322050295349
learned_top1,128,0,123,1,205.527443724183,224.9777409803847,387.6202349856796
learned_top1,128,0,123,2,173.9503246305578,189.4115194517465,155.91650319972027
learned_top1,128,0,123,3,177.13205330256713,190.80711299501826,97.06516616979061
learned_top1,128,0,123,4,181.24325964548623,193.3880859060523,70.09821691481278
learned_top1,128,0,123,5,191.54313603331747,204.363547564217,54.573011701225724
learned_top1,128,0,123,6,208.54874266385187,220.17757801892097,44.0215894374824
learned_top1,128,0,123,7,219.08705950147993,232.16791590455009,36.58314772405152
learned_top1,128,0,123,8,234.146305453338,247.9043363656227,31.719814106356
learned_top1,128,0,123,9,236.62676814334094,249.64633654196646,29.327102690046654
learned_top1,128,0,123,10,229.88060500225663,241.25916384867028,30.209774003734207
learned_top1,128,0,2026,1,207.4901459799475,226.64825379717558,388.34502062759213
learned_top1,128,0,2026,2,175.677788988936,191.0357224800211,156.365194778019
learned_top1,128,0,2026,3,175.0633754600117,189.63982349249832,96.84505702801641
learned_top1,128,0,2026,4,184.67136828439152,198.48387500624278,69.8915682240592
learned_top1,128,0,2026,5,193.6918320705743,207.76020848083073,54.338886872977895
learned_top1,128,0,2026,6,209.36281492888443,224.02717798704856,43.8033892407479
learned_top1,128,0,2026,7,224.6041992572729,239.80027339797476,36.350626204450315
learned_top1,128,0,2026,8,239.07954252871482,255.01419106103228,31.48394427231045
learned_top1,128,0,2026,9,241.25410482817284,256.28701378486545,29.071657117532055
learned_top1,128,0,2026,10,233.87899436163212,246.13545199718413,29.75930575368116
learned_top1,128,0,31415,1,207.4017574005255,225.9277739206525,392.0529395255299
learned_top1,128,0,31415,2,172.74639230418782,187.26902540502508,155.4920358633986
learned_top1,128,0,31415,3,172.8937035006516,187.28082390972384,95.29439463143001
learned_top1,128,0,31415,4,182.27515904124516,195.96417132605808,68.34803397868384
learned_top1,128,0,31415,5,191.4799135635599,204.5644648029779,53.02796084549708
learned_top1,128,0,31415,6,204.73549733221665,218.84585453155194,42.64409421609715
learned_top1,128,0,31415,7,222.88412058448458,238.3838842509295,35.3795622121475
learned_top1,128,0,31415,8,234.13609020150534,250.3122898430512,30.63894524434182
learned_top1,128,0,31415,9,232.54671042650514,246.92159788284698,28.284259778052576
learned_top1,128,0,31415,10,228.84629570041315,241.65994113916062,28.851398839537136
learned_top1,128,0,42,1,205.59809882254802,225.1875059815898,390.176057466455
learned_top1,128,0,42,2,175.6005527123574,190.6708806123874,156.36199660152946
learned_top1,128,0,42,3,178.46693453513012,192.92184188816526,96.69393094458124
learned_top1,128,0,42,4,183.00552157309406,195.97130221443277,69.92389996090667
learned_top1,128,0,42,5,194.64352540233187,206.3252524850457,54.41474809224194
learned_top1,128,0,42,6,211.0140857224098,223.7487800712042,43.977422160354635
learned_top1,128,0,42,7,225.67999301463357,240.88308218787947,36.59688180892346
learned_top1,128,0,42,8,238.5839154370866,255.05087567431823,31.76399137791811
learned_top1,128,0,42,9,240.81880597779204,256.5827007653661,29.362303154198553
learned_top1,128,0,42,10,234.22646204617263,246.27053696039002,29.992632306801834
learned_top1,128,0,5150,1,205.96967818964092,225.96912293941944,389.77396129973766
learned_top1,128,0,5150,2,175.10982414097927,190.58478007465416,154.69954890715752
learned_top1,128,0,5150,3,175.05612295618067,189.32377410580398,95.57220698792213
learned_top1,128,0,5150,4,185.05520891349656,198.2265357539953,69.16219366344309
learned_top1,128,0,5150,5,192.51341269051488,204.8060230371687,53.88192565482217
learned_top1,128,0,5150,6,208.62994722067717,222.6055495916497,43.55463402711788
learned_top1,128,0,5150,7,220.92354735515102,236.60670539390094,36.23368346722211
learned_top1,128,0,5150,8,233.35844536065073,249.06324209673733,31.365577103580534
learned_top1,128,0,5150,9,236.9266437919109,250.35386936072572,28.93730819663354
learned_top1,128,0,5150,10,231.92310193708747,243.76958471658742,29.506705786847675
learned_top1,128,0,60486,1,209.6316914734542,228.34191264335706,389.9494386409549
learned_top1,128,0,60486,2,174.37017818765239,187.25536854258615,155.7088696058395
learned_top1,128,0,60486,3,172.3623403623934,184.77610818781565,96.28442012172947
learned_top1,128,0,60486,4,180.23847168002504,193.29883318166307,69.39388006604311
learned_top1,128,0,60486,5,191.29637471204794,204.370335950696,54.015867890939646
learned_top1,128,0,60486,6,208.11482423489088,220.07084707293603,43.535162357821
learned_top1,128,0,60486,7,218.60477121251463,231.27937383455787,36.09773764468593
learned_top1,128,0,60486,8,231.2857196824012,244.80973625397112,31.154315951512167
learned_top1,128,0,60486,9,235.95024090559772,249.9579108303389,28.749406484780433
learned_top1,128,0,60486,10,232.39465779206154,243.27197339278462,29.365842318552318
learned_top1,128,0,7,1,209.17000323474966,228.32837573637522,389.5167209202396
learned_top1,128,0,7,2,175.97955189922513,190.41054051756328,156.92914278617195
learned_top1,128,0,7,3,176.82416699071476,189.6297155236849,96.74512291519672
learned_top1,128,0,7,4,182.54458076243756,195.84619804086228,69.71265825728264
learned_top1,128,0,7,5,190.35208907816855,202.21789843986056,54.27527702378442
learned_top1,128,0,7,6,207.760625164415,220.22997963286244,43.8333197273443
learned_top1,128,0,7,7,220.5281999221808,234.9671494857958,36.482563966104344
learned_top1,128,0,7,8,236.05203983013354,251.66206826335366,31.5796136880874
learned_top1,128,0,7,9,239.71032626423556,255.2439514732185,29.148418186374112
learned_top1,128,0,7,10,233.42079890982936,246.8069832517182,29.67972292668513
learned_top1,128,0,777,1,205.12579165687902,224.5507258820582,388.58515717787964
learned_top1,128,0,777,2,174.8839994818062,189.02247405257035,155.69752898089607
learned_top1,128,0,777,3,172.58368964214122,186.66876404074858,96.3349402988348
learned_top1,128,0,777,4,179.1020903733103,192.1755937035445,69.4800307689268
learned_top1,128,0,777,5,192.28917166817817,204.1762765140343,54.23036200693883
learned_top1,128,0,777,6,211.65818594297428,222.71209218939438,43.888837443003354
learned_top1,128,0,777,7,221.35963802208974,233.9719663910028,36.52636521923806
learned_top1,128,0,777,8,235.18952011393333,249.10603280292284,31.586769615765203
learned_top1,128,0,777,9,237.19085064688795,250.71435634937765,29.203537592470994
learned_top1,128,0,777,10,231.21312513853098,241.82597308464165,29.664356807928183
learned_top1,128,0,888,1,207.03210240763505,226.79455408325765,389.760497993114
learned_top1,128,0,888,2,174.59818399425868,190.3909178556227,156.2972639280217
learned_top1,128,0,888,3,174.3062504965137,189.26076896281026,96.13546657242209
learned_top1,128,0,888,4,184.40671169095916,198.98685112538934,69.18611360420333
learned_top1,128,0,888,5,194.35425365286088,207.24763796083712,53.83513045173892
learned_top1,128,0,888,6,210.8454280270542,223.9691183431282,43.44809369985065
learned_top1,128,0,888,7,224.57128878292795,239.60229227011286,36.17117899171528
learned_top1,128,0,888,8,235.26488655804286,252.51872164941412,31.40954997072368
learned_top1,128,0,888,9,240.29096710424338,257.5798827162865,28.931064431377944
learned_top1,128,0,888,10,232.61998653605266,246.66533795962027,29.400830642847865
learned_top1,128,0,999,1,207.308667315536,227.38149394193468,387.5666452879841
learned_top1,128,0,999,2,174.35550315504756,189.47755289487696,154.93121194483354
learned_top1,128,0,999,3,173.30614835727326,186.7462672143796,96.209806019883
learned_top1,128,0,999,4,181.16267419718403,195.14558498881135,69.55097695085072
learned_top1,128,0,999,5,190.61657762349435,205.7214603377879,54.353826070349925
learned_top1,128,0,999,6,208.6584588500425,223.04042282646608,44.04146632281341
learned_top1,128,0,999,7,218.3533542019448,232.08082728090733,36.677770257038
learned_top1,128,0,999,8,228.53061065966946,243.73123454580752,31.798183597771626
learned_top1,128,0,999,9,233.20325108854502,248.98491702992146,29.40663699163849
learned_top1,128,0,999,10,227.8923724497172,241.88143344916207,30.05582154184839
learned_top1,128,4,123,1,210.76031999096026,229.81760695628273,399.5018311415587
learned_top1,128,4,123,2,180.55455156853506,195.72020260331115,161.14043127044567
learned_top1,128,4,123,3,175.04304269336737,190.30543084970853,99.8176582936269
learned_top1,128,4,123,4,184.40208903949573,200.14217374945054,72.02682372410898
learned_top1,128,4,123,5,199.95666735784533,213.90988005174125,56.20804088010872
learned_top1,128,4,123,6,212.7969343908729,227.66896111339813,45.53238900829765
learned_top1,128,4,123,7,225.06781908516342,242.02189176862436,38.04966544234955
learned_top1,128,4,123,8,237.9246076316358,254.20425265794333,33.01988521573981
learned_top1,128,4,123,9,242.73084036251038,259.24484323043123,30.485145620189254
learned_top1,128,4,123,10,234.97115145734537,250.3612754128107,31.186569475773364
learned_top1,128,4,2026,1,211.1228942830396,230.33047853561038,398.00924222656363
learned_top1,128,4,2026,2,180.87975259129442,195.49684624130848,161.38763338071416
learned_top1,128,4,2026,3,176.84543299036812,191.50598322435425,100.15306217250752
learned_top1,128,4,2026,4,182.68752497673114,198.30562166858172,71.92507718064142
learned_top1,128,4,2026,5,194.0685612224248,210.4768897630417,56.03988464917688
learned_top1,128,4,2026,6,207.85471109828092,223.45258866902103,45.324353787140346
learned_top1,128,4,2026,7,221.2146900691506,239.08336525073125,37.760545543557754
learned_top1,128,4,2026,8,234.8823689975029,254.92855872017367,32.742855358304574
learned_top1,128,4,2026,9,240.8760759988933,259.8209572208022,30.198950457117153
learned_top1,128,4,2026,10,234.26184725161514,250.7894336604394,30.92399030922617
learned_top1,128,4,31415,1,212.45553861191127,232.27188716182098,403.99887549003677
learned_top1,128,4,31415,2,177.719689865929,192.51750094146308,161.83816764773434
learned_top1,128,4,31415,3,176.48508951369533,190.0887549304062,99.81073318068773
learned_top1,128,4,31415,4,186.71500028120002,198.2120860409376,71.73897469137964
learned_top1,128,4,31415,5,197.07044817782668,210.07697060268708,55.70912023488543
learned_top1,128,4,31415,6,215.6743674444363,227.9309763129648,44.94946078658682
learned_top1,128,4,31415,7,226.54823610035356,241.83248392685948,37.43857667908258
learned_top1,128,4,31415,8,241.22176655799913,258.28924315086186,32.45667626895871
learned_top1,128,4,31415,9,246.97583030170983,262.4465686974974,29.9142365532004
learned_top1,128,4,31415,10,242.31521692957858,255.58229108567642,30.380191599018207
learned_top1,128,4,42,1,211.55484888356196,232.16943759881454,401.12405836493025
learned_top1,128,4,42,2,176.0968535186182,191.7515994242885,161.1657956040236
learned_top1,128,4,42,3,178.00199740886046,192.46275119348078,98.7838901135363
learned_top1,128,4,42,4,185.5153758654642,199.27912578107222,70.98064619989586
learned_top1,128,4,42,5,197.59019546106833,211.62115168263603,55.28584165933849
learned_top1,128,4,42,6,209.60733452470137,223.37310608546517,44.73210048557041
learned_top1,128,4,42,7,223.69927039361917,238.75172279632207,37.30907496633379
learned_top1,128,4,42,8,236.8472771350385,254.06205463742342,32.34348877475153
learned_top1,128,4,42,9,240.85099275198405,256.96747039592276,29.863331412475386
learned_top1,128,4,42,10,236.55483370517155,250.01003906036465,30.47837998872233
learned_top1,128,4,5150,1,211.34960912295443,232.0934423626286,401.30416800490747
learned_top1,128,4,5150,2,177.04791180256652,191.87244374592834,160.77470383871355
learned_top1,128,4,5150,3,178.63044652092555,192.35659174212722,99.23735889255937
learned_top1,128,4,5150,4,186.076112681294,198.59985641145565,71.44448454736388
learned_top1,128,4,5150,5,196.72243004342033,208.74424847483957,55.58153166861871
learned_top1,128,4,5150,6,210.28936949081995,221.75957557586386,44.93814240355584
learned_top1,128,4,5150,7,227.55522851127418,240.778391973144,37.43572890370755
learned_top1,128,4,5150,8,238.23563678953266,253.5922079690827,32.42464294056032
learned_top1,128,4,5150,9,243.0452016064014,257.5167127541623,29.876051608400545
learned_top1,128,4,5150,10,238.60610555588295,254.3016118837799,30.51777007714719
learned_top1,128,4,60486,1,212.04310275598175,231.4154599269187,402.1427727590646
learned_top1,128,4,60486,2,176.5950261756277,190.4638693841977,160.89210270046647
learned_top1,128,4,60486,3,174.8670242421746,187.12438925417337,99.18010476813298
learned_top1,128,4,60486,4,184.6307653523274,196.50398877739548,71.11398225330731
learned_top1,128,4,60486,5,196.48076226285295,209.89849935983304,55.092086990985145
learned_top1,128,4,60486,6,213.24108580688107,225.8800440741736,44.369281959682176
learned_top1,128,4,60486,7,226.22545578513575,242.0098224452854,36.78023701055759
learned_top1,128,4,60486,8,242.03530274640846,259.9423532612217,31.770427923380694
learned_top1,128,4,60486,9,245.1305348895145,262.1808531762984,29.26132747560158
learned_top1,128,4,60486,10,239.69808849379598,253.5634004645871,29.864176311591404
learned_top1,128,4,7,1,211.11480605365102,230.27583416721916,398.38983356781193
learned_top1,128,4,7,2,179.08603182894873,193.88126332033843,160.93586291327938
learned_top1,128,4,7,3,178.55483051674082,192.62013588001463,99.39970201004293
learned_top1,128,4,7,4,187.18218970166933,200.09725130884524,71.58237027597828
learned_top1,128,4,7,5,196.19468998991323,209.38493811504,55.739896334164136
learned_top1,128,4,7,6,209.53928731852753,222.48503373838628,45.107499166813184
learned_top1,128,4,7,7,222.59806789694247,235.79871498167302,37.63032322659766
learned_top1,128,4,7,8,238.80626261902742,252.78408968516155,32.647405073754
learned_top1,128,4,7,9,243.72034942217556,258.2981469808013,30.17777533470465
learned_top1,128,4,7,10,237.1957416205235,249.87161362025498,30.832620274857945
learned_top1,128,4,777,1,210.14985490522588,229.553915572822,396.1330638981751
learned_top1,128,4,777,2,178.21775233243338,193.99103577446283,159.3336893921318
learned_top1,128,4,777,3,178.15925369373232,194.0165462241716,98.88388877921327
learned_top1,128,4,777,4,183.9416394864979,199.9477964198823,71.38474984052606
learned_top1,128,4,777,5,195.6933604427564,210.94604742535975,55.57839338727816
learned_top1,128,4,777,6,212.3721021199407,227.4382046905233,44.99531608096168
learned_top1,128,4,777,7,226.3270484452657,242.5085534966273,37.53159449849757
learned_top1,128,4,777,8,239.87844006631414,256.67324283717466,32.59561778108647
learned_top1,128,4,777,9,244.47599447220216,261.34861629215146,30.112865255000646
learned_top1,128,4,777,10,238.37204403655255,253.82061185662343,30.761077369516663
learned_top1,128,4,888,1,212.2791875106944,232.2220168508916,400.0756506161834
learned_top1,128,4,888,2,179.04860479883197,194.16347875579825,161.87322402027993
learned_top1,128,4,888,3,177.20943631208394,191.24898685871787,100.25135598684624
learned_top1,128,4,888,4,187.82615068554222,200.80168089550878,71.93344008437447
learned_top1,128,4,888,5,199.83800306610812,212.2888751619047,55.83540720150551
learned_top1,128,4,888,6,218.4271520380105,229.8125071483437,45.12329233638726
learned_top1,128,4,888,7,232.1151713943484,244.7186629398986,37.61618084009444
learned_top1,128,4,888,8,245.77380602993557,260.85600979488095,32.63318665226281
learned_top1,128,4,888,9,250.65822207108866,265.52253342097026,30.090176863625178
learned_top1,128,4,888,10,243.44428646539563,256.94781522333983,30.721752779752087
learned_top1,128,4,999,1,211.24684426218798,230.92825426118955,399.06261787586084
learned_top1,128,4,999,2,180.06561787372803,193.67334541322077,160.4245201229221
learned_top1,128,4,999,3,177.9418012941478,190.08981441139596,99.32247029032521
learned_top1,128,4,999,4,185.46451351978575,197.35609316608998,71.64781833862415
learned_top1,128,4,999,5,199.89889956819115,211.81835081479238,55.81048331629662
learned_top1,128,4,999,6,213.71068261258208,225.57589366124702,45.11271690427533
learned_top1,128,4,999,7,223.9758183041357,236.36309942938252,37.57614676591132
learned_top1,128,4,999,8,239.29868962413482,252.5728291606789,32.60762692154681
learned_top1,128,4,999,9,245.74311786856734,258.9766968804909,30.00530255920633
learned_top1,128,4,999,10,238.0022810549888,250.1745129672507,30.544619194511217
learned_top1,128,8,123,1,218.07926556963474,239.0048778939305,419.09342419542526
learned_top1,128,8,123,2,182.00249212399982,197.97098621737305,168.44221015894476
learned_top1,128,8,123,3,181.88396927194438,197.18117750646016,104.0139940159868
learned_top1,128,8,123,4,187.78519273200146,202.36268509499075,74.79552851705894
learned_top1,128,8,123,5,199.1894022556837,213.6502538639889,58.151052908245795
learned_top1,128,8,123,6,211.88762451932251,226.4610180089121,47.14516412131414
learned_top1,128,8,123,7,229.6663741215262,244.3952345005604,39.36654637649529
learned_top1,128,8,123,8,243.83429694595367,259.7464548754362,34.273632641140594
learned_top1,128,8,123,9,249.47515127527305,266.3413289516072,31.7498516506001
learned_top1,128,8,123,10,242.0321459250506,255.37520215066684,32.35160276421343
learned_top1,128,8,2026,1,219.4336106687341,239.15135454100977,413.12570409147605
learned_top1,128,8,2026,2,180.64839358138826,196.12934762587844,167.49453786424266
learned_top1,128,8,2026,3,180.9426145308762,194.7527675265102,103.49128075846784
learned_top1,128,8,2026,4,185.37796565971763,199.2897418238415,74.22061878226089
learned_top1,128,8,2026,5,196.19696593335664,210.93157574233348,57.73112202960832
learned_top1,128,8,2026,6,212.44938197825886,228.6065379639769,46.743945161693695
learned_top1,128,8,2026,7,227.40998064957475,243.9570484079655,39.03273078382678
learned_top1,128,8,2026,8,239.1125804860261,256.1455991663343,33.98729039784574
learned_top1,128,8,2026,9,240.62838284103827,257.33880006746256,31.532792263445895
learned_top1,128,8,2026,10,234.58784717548733,248.49222824685225,32.300263583293585
learned_top1,128,8,31415,1,223.43682547005494,243.9238961444114,440.40300079740695
learned_top1,128,8,31415,2,186.44232722339174,202.3063668087048,174.86252753476478
learned_top1,128,8,31415,3,183.33598339127226,197.96155446489482,107.76849623149508
learned_top1,128,8,31415,4,186.28094395808907,201.35577337716964,77.11817170242465
learned_top1,128,8,31415,5,200.77818513070451,216.42228189854518,59.88081730438874
learned_top1,128,8,31415,6,213.4025697871779,228.99762807239577,48.40815230269043
learned_top1,128,8,31415,7,224.38162698281747,242.3517697604632,40.502954572825026
learned_top1,128,8,31415,8,240.676245017814,261.4541313869334,35.22599823991907
learned_top1,128,8,31415,9,242.4387727134814,263.15531520822486,32.59388809160613
learned_top1,128,8,31415,10,241.04283608638917,258.9530648238708,33.37683224991243
learned_top1,128,8,42,1,218.9097721331348,239.68536303360307,419.68275404398935
learned_top1,128,8,42,2,181.78075821848574,196.9704801333602,168.9748214484287
learned_top1,128,8,42,3,177.39671771459817,191.59578455631475,103.70137774019226
learned_top1,128,8,42,4,187.01162009561511,200.39732837363016,74.36844403330635
learned_top1,128,8,42,5,205.74605251100053,219.17365071756083,57.87502582540346
learned_top1,128,8,42,6,213.5299433013738,226.5583232310675,46.85939784503914
learned_top1,128,8,42,7,227.09235860079522,243.17616330458324,39.07572752713682
learned_top1,128,8,42,8,243.782589968949,262.09682888724376,34.005538535772644
learned_top1,128,8,42,9,247.35524787983826,265.5077943973579,31.528060378369215
learned_top1,128,8,42,10,241.0723799068942,257.10846321628713,32.2116778635754
learned_top1,128,8,5150,1,218.8046639501357,238.8400834009374,422.6832648896261
learned_top1,128,8,5150,2,182.95052575781773,198.5946953399002,169.70730155234688
learned_top1,128,8,5150,3,182.02048752357211,195.82787219020682,105.0511999498414
learned_top1,128,8,5150,4,188.01647928225213,201.44710603494497,75.5833221425658
learned_top1,128,8,5150,5,201.37584556351118,215.48887616465322,58.86326591122837
learned_top1,128,8,5150,6,213.3377399478461,228.1984934612772,47.63423616178143
learned_top1,128,8,5150,7,225.73043098161165,242.5339415302681,39.78685223098755
learned_top1,128,8,5150,8,240.14493205771305,258.09382198576066,34.60263562155615
learned_top1,128,8,5150,9,245.3158467894193,261.3183093471068,32.14998547306607
learned_top1,128,8,5150,10,237.78418685002543,253.487241861093,32.93397664796221
learned_top1,128,8,60486,1,222.06634939642947,243.34977442868342,428.1013910097362
learned_top1,128,8,60486,2,184.60726492486504,200.29135766553864,172.3928450071542
learned_top1,128,8,60486,3,179.67836589378012,194.09954406096256,106.36234726456682
learned_top1,128,8,60486,4,187.49232993165379,200.50916744464072,76.19283798541245
learned_top1,128,8,60486,5,197.90521714720217,212.66029010049274,59.13722046707179
learned_top1,128,8,60486,6,214.71823797344126,229.0430678259889,47.779212385592665
learned_top1,128,8,60486,7,227.23102347396133,244.01923024048796,39.781745472762104
learned_top1,128,8,60486,8,242.4509716515601,262.64081251427297,34.46532549771988
learned_top1,128,8,60486,9,249.49413445858528,269.7214782329237,31.9032214702435
learned_top1,128,8,60486,10,241.98508458966555,258.7625494577351,32.78037090304484
learned_top1,128,8,7,1,218.85416691830534,237.96180592452706,421.7555706378934
learned_top1,128,8,7,2,180.80304171056312,196.1552513349471,168.74776168942628
learned_top1,128,8,7,3,178.91316055855816,191.78339445194234,104.28781026219718
learned_top1,128,8,7,4,189.8425468499029,202.5943851471424,75.15568200833638
learned_top1,128,8,7,5,195.21418853008115,207.7235977480534,58.53839644808782
learned_top1,128,8,7,6,212.6627717957875,225.75961292317265,47.38288232946612
learned_top1,128,8,7,7,225.535778535329,240.66218362143638,39.599839487015586
learned_top1,128,8,7,8,240.93834226703913,255.45704975347738,34.525445074369976
learned_top1,128,8,7,9,240.99865654663088,254.98266298508617,32.028755759434446
learned_top1,128,8,7,10,233.903747038563,247.09863107228873,32.875599931199524
learned_top1,128,8,777,1,219.3568762956571,238.1327205921005,414.6183649124538
learned_top1,128,8,777,2,181.96932920864793,196.945583292654,167.98544002648038
learned_top1,128,8,777,3,178.82786558607313,193.64853255805505,103.81789151296485
learned_top1,128,8,777,4,185.82992796707563,199.0765083601259,74.48490999794626
learned_top1,128,8,777,5,198.62048645174931,211.89229686011453,57.91121987102009
learned_top1,128,8,777,6,212.05497799427008,223.83318512157373,46.96473343825713
learned_top1,128,8,777,7,224.46013707853345,239.55429752973873,39.17538146672684
learned_top1,128,8,777,8,240.0748063504456,256.5405714404818,33.97794262480246
learned_top1,128,8,777,9,247.1540843689599,263.2103354478792,31.475565324112516
learned_top1,128,8,777,10,242.03502537120775,255.1210667953116,32.34152041282027
learned_top1,128,8,888,1,222.7387732704066,242.65142373428108,421.20797166847063
learned_top1,128,8,888,2,185.34895502317465,201.13503618583064,170.5314590189833
learned_top1,128,8,888,3,182.30388653511994,196.93439137187278,105.69204262593084
learned_top1,128,8,888,4,186.65947386257815,200.9619286366758,76.0145857789106
learned_top1,128,8,888,5,196.80708913793077,210.18353864348168,59.06654383333946
learned_top1,128,8,888,6,213.83434050795216,228.5604044304611,47.75918358186454
learned_top1,128,8,888,7,227.3215447194517,242.28142540737178,39.90794124270414
learned_top1,128,8,888,8,240.05468432589328,255.6507228385806,34.72255460702106
learned_top1,128,8,888,9,243.51082005543535,259.7116464472578,32.29286168596074
learned_top1,128,8,888,10,237.49951973342212,251.79482981681838,33.15484389258179
learned_top1,128,8,999,1,223.38258645664595,243.01116768853555,424.6373524195863
learned_top1,128,8,999,2,184.4590172023319,199.99906669650875,170.50697029712606
learned_top1,128,8,999,3,179.54215892639775,194.1547026554277,105.41110472677862
learned_top1,128,8,999,4,186.1036904938563,200.1879167579187,75.52585387943033
learned_top1,128,8,999,5,197.74944189200767,212.74785162667402,58.76770114936313
learned_top1,128,8,999,6,210.5726515591701,223.8081055183406,47.50064229671871
learned_top1,128,8,999,7,221.017082132456,234.84055711041745,39.62697566088137
learned_top1,128,8,999,8,234.69955348533608,250.2314084554565,34.50736468727737
learned_top1,128,8,999,9,243.22841270338,258.52472794482435,32.06465493187869
learned_top1,128,8,999,10,238.0800733272976,252.02960763568518,32.9191312645009
learned_top1_aux0,128,4,123,1,209.14105213265813,228.23122096109765,395.5685953423287
learned_top1_aux0,128,4,123,2,177.01009432769033,192.1360203356426,159.6671732811991
learned_top1_aux0,128,4,123,3,174.17934970846787,189.1823703033623,98.79095899174683
learned_top1_aux0,128,4,123,4,182.56060634659053,195.73042654238031,71.29372793788455
learned_top1_aux0,128,4,123,5,193.4225362687248,206.14773359955808,55.685927901413656
learned_top1_aux0,128,4,123,6,209.6560436916594,223.6314107053438,44.96399723412562
learned_top1_aux0,128,4,123,7,222.56413325686597,238.08006682033067,37.375246572697826
learned_top1_aux0,128,4,123,8,235.98937583025437,252.15453091749492,32.215902471919584
learned_top1_aux0,128,4,123,9,240.6561342996069,257.73966674138404,29.602325159311455
learned_top1_aux0,128,4,123,10,235.37265031446424,250.87456719238105,30.229513962063123
learned_top1_aux0,128,4,2026,1,205.35807767756407,224.89879436538286,389.83449228299503
learned_top1_aux0,128,4,2026,2,175.9315598713023,190.46575605572093,157.79609977401
learned_top1_aux0,128,4,2026,3,173.11725641043617,187.78526140480383,97.85674266146955
learned_top1_aux0,128,4,2026,4,180.94524138210633,196.18463824813554,70.51965309003246
learned_top1_aux0,128,4,2026,5,193.53624871622867,206.9428728199116,54.95504661357818
learned_top1_aux0,128,4,2026,6,207.4885031000075,222.61178829514077,44.29755391948008
learned_top1_aux0,128,4,2026,7,223.23006665157877,238.47209799308712,36.81520490765937
learned_top1_aux0,128,4,2026,8,234.4139915757857,250.84706141904462,31.8963994270873
learned_top1_aux0,128,4,2026,9,243.83472001007394,259.4812739592863,29.408249586232195
learned_top1_aux0,128,4,2026,10,236.55042324443374,250.69671095085144,30.072056028169204
learned_top1_aux0,128,4,31415,1,208.92464429251618,228.35956657560897,394.14994297765367
learned_top1_aux0,128,4,31415,2,176.61488317762564,191.97062673128778,158.24977444599378
learned_top1_aux0,128,4,31415,3,178.30016781182766,191.99590431075015,98.16648151049866
learned_top1_aux0,128,4,31415,4,187.82974751939128,200.8753223040421,71.03439719992578
learned_top1_aux0,128,4,31415,5,196.11761909923712,209.31589709535763,55.441003311521605
learned_top1_aux0,128,4,31415,6,208.55476536756393,221.27748337726504,44.80828305738394
learned_top1_aux0,128,4,31415,7,225.03016800088673,240.08476039326766,37.3085464708823
learned_top1_aux0,128,4,31415,8,236.5386159747038,253.54141547057824,32.32511269887239
learned_top1_aux0,128,4,31415,9,244.7770476372817,261.6080313191009,29.721906700562517
learned_top1_aux0,128,4,31415,10,239.74052715599387,252.9271038831038,30.60672270741117
learned_top1_aux0,128,4,42,1,209.08552205511828,228.8814302357656,392.6867939796308
learned_top1_aux0,128,4,42,2,176.36713776520003,192.14202224610298,158.06297110646253
learned_top1_aux0,128,4,42,3,174.60671678076633,190.06689707737704,97.15092233103891
learned_top1_aux0,128,4,42,4,185.032672445287,198.62148309026088,69.93750437557271
learned_top1_aux0,128,4,42,5,194.2214540201829,208.6424131523809,54.486030642704996
learned_top1_aux0,128,4,42,6,205.00956770090303,217.6221632149627,43.99217300254641
learned_top1_aux0,128,4,42,7,219.71634253419703,234.8739920689492,36.59588017680216
learned_top1_aux0,128,4,42,8,232.2582117612061,248.0041848125821,31.691830932534938
learned_top1_aux0,128,4,42,9,236.72387231357754,252.6909227785028,29.197490115004733
learned_top1_aux0,128,4,42,10,235.49577349033885,249.8950149473563,29.920698333536333
learned_top1_aux0,128,4,5150,1,208.71106882202335,229.52735347914134,395.36924661327055
learned_top1_aux0,128,4,5150,2,177.2050501750053,193.34302952197848,158.65712893777868
learned_top1_aux0,128,4,5150,3,174.85065459458608,188.86443167808415,98.4399209517675
learned_top1_aux0,128,4,5150,4,183.9864759226591,198.0237298478781,71.41499341221798
learned_top1_aux0,128,4,5150,5,197.4596179515372,211.44412506166583,55.689076176735334
learned_top1_aux0,128,4,5150,6,210.82645236827847,224.51823224496036,44.92697103828622
learned_top1_aux0,128,4,5150,7,225.3644991573558,240.75309023566132,37.21610143467945
learned_top1_aux0,128,4,5150,8,235.49895829617645,254.0644547155437,32.02734725066481
learned_top1_aux0,128,4,5150,9,244.1198884721478,262.91256348362094,29.53234565976437
learned_top1_aux0,128,4,5150,10,236.67394249224157,252.9144725271071,30.33506191763002
learned_top1_aux0,128,4,60486,1,210.04181799767093,229.32292704174733,397.0356714923194
learned_top1_aux0,128,4,60486,2,177.30737051126138,191.81391338847823,159.1363843444289
learned_top1_aux0,128,4,60486,3,175.3463922541256,188.81758036199827,98.06884465949207
learned_top1_aux0,128,4,60486,4,185.35461968064715,197.65560354277648,70.70020556792623
learned_top1_aux0,128,4,60486,5,197.54690331097186,210.63735307264508,55.029763958891905
learned_top1_aux0,128,4,60486,6,210.58989558923437,223.74036869338772,44.20662929398844
learned_top1_aux0,128,4,60486,7,224.91565732610138,238.07583214553392,36.52525983801099
learned_top1_aux0,128,4,60486,8,237.0503414428343,252.64442152988207,31.435835070109846
learned_top1_aux0,128,4,60486,9,244.83057739267247,259.9945941531727,28.863817656484756
learned_top1_aux0,128,4,60486,10,237.84861598337588,251.08363127140805,29.518465541740163
learned_top1_aux0,128,4,7,1,210.0262127975858,229.33957046260787,393.2126221781244
learned_top1_aux0,128,4,7,2,176.75666800166704,191.8436311363553,157.91145250853302
learned_top1_aux0,128,4,7,3,176.70089557070358,191.2612460458466,97.52271952369767
learned_top1_aux0,128,4,7,4,185.95409428642853,200.15445015705507,70.58315258041993
learned_top1_aux0,128,4,7,5,197.43938729852087,211.9079516747593,55.00997262094287
learned_top1_aux0,128,4,7,6,213.35983388119223,226.311725983497,44.476678840470804
learned_top1_aux0,128,4,7,7,227.660748010156,241.1528641191004,37.00388249680791
learned_top1_aux0,128,4,7,8,240.1588613073863,256.47344865179946,32.06255548385673
learned_top1_aux0,128,4,7,9,245.03162395311412,260.1640659922589,29.548368250085808
learned_top1_aux0,128,4,7,10,239.3192555688231,251.60671162351963,30.07022801894767
learned_top1_aux0,128,4,777,1,206.3625129823702,225.13781784254726,391.30665044093274
learned_top1_aux0,128,4,777,2,177.50169570966798,192.1827968104008,157.23083911356673
learned_top1_aux0,128,4,777,3,176.60596211142405,189.78525393204603,97.53012432842138
learned_top1_aux0,128,4,777,4,181.90064168877956,195.167262196787,70.60130421545682
learned_top1_aux0,128,4,777,5,190.00105810056658,202.82166077218153,55.17325508016182
learned_top1_aux0,128,4,777,6,205.02195600114865,217.97404183869864,44.76606249471863
learned_top1_aux0,128,4,777,7,220.39006198235708,234.07673081051394,37.297186410277305
learned_top1_aux0,128,4,777,8,233.69019324515537,249.02338810610829,32.20187797347077
learned_top1_aux0,128,4,777,9,241.75560244471055,257.208725841388,29.84590521871412
learned_top1_aux0,128,4,777,10,233.92492821003648,247.35351962815005,30.763890037858168
learned_top1_aux0,128,4,888,1,208.77424841457156,228.19101214106576,393.3030548238333
learned_top1_aux0,128,4,888,2,177.0380196870388,192.84466624034016,158.35964690874184
learned_top1_aux0,128,4,888,3,176.09273482639037,189.0934917390278,97.9335030000976
learned_top1_aux0,128,4,888,4,184.83628529359157,196.38960769926007,70.8302636838381
learned_top1_aux0,128,4,888,5,196.19804220043503,208.82320564635765,55.190987641124536
learned_top1_aux0,128,4,888,6,211.24093342052788,224.57730507227802,44.495906877888515
learned_top1_aux0,128,4,888,7,230.82011172972514,244.666551667936,36.915598119037725
learned_top1_aux0,128,4,888,8,242.89201697736073,255.9439774549082,31.837855662356308
learned_top1_aux0,128,4,888,9,244.8657091608887,257.42112646226315,29.52944763538155
learned_top1_aux0,128,4,888,10,241.92052372717194,255.5523378362158,30.054816459765117
learned_top1_aux0,128,4,999,1,209.91450225883042,229.0974371793634,393.9975908126936
learned_top1_aux0,128,4,999,2,174.71832155284628,188.87382848563897,157.05948014320913
learned_top1_aux0,128,4,999,3,172.80784436203356,184.5607595631338,97.00640651765337
learned_top1_aux0,128,4,999,4,181.8872875988234,193.56306310401237,69.89509641810416
learned_top1_aux0,128,4,999,5,190.948392060755,203.3599369550696,54.29299237764166
learned_top1_aux0,128,4,999,6,210.23670033018294,222.2889223847947,43.671942552253164
learned_top1_aux0,128,4,999,7,223.59750885016814,237.18565423463755,36.14323224573888
learned_top1_aux0,128,4,999,8,237.0804314028933,252.91486504308463,31.125826548833672
learned_top1_aux0,128,4,999,9,246.32740344042253,263.5963946205678,28.653304758180415
learned_top1_aux0,128,4,999,10,239.53792746913638,254.34484491157448,29.498886599386463
learned_top1_aux0,128,8,123,1,210.08635246684216,230.1561726123394,400.5025262495795
learned_top1_aux0,128,8,123,2,175.8928228449714,191.46212499286213,161.17482673137496
learned_top1_aux0,128,8,123,3,180.3051573682669,194.72702187034847,100.51863972277368
learned_top1_aux0,128,8,123,4,183.67402633576725,196.3749782867959,72.82688179419752
learned_top1_aux0,128,8,123,5,197.88086362679795,208.52210436416897,56.79029058319201
learned_top1_aux0,128,8,123,6,208.12176342696065,219.577750391559,45.90037955914411
learned_top1_aux0,128,8,123,7,221.7334361620901,234.92072362021133,38.096124337804724
learned_top1_aux0,128,8,123,8,234.80331361643366,249.93078888338638,32.97755324294208
learned_top1_aux0,128,8,123,9,245.41059869870608,259.98827267034557,30.312143325722946
learned_top1_aux0,128,8,123,10,235.70048126403796,249.09990770890798,30.95630219566265
learned_top1_aux0,128,8,2026,1,209.84482412978159,228.43193360733213,396.10122083079773
learned_top1_aux0,128,8,2026,2,175.66377607412616,189.87073617534887,159.75869680304675
learned_top1_aux0,128,8,2026,3,172.58653193142194,185.8593610693482,99.35166588769435
learned_top1_aux0,128,8,2026,4,177.26127153216385,193.06596431953238,71.6401484017712
learned_top1_aux0,128,8,2026,5,189.7725672178022,204.8678266305264,55.66946341485916
learned_top1_aux0,128,8,2026,6,203.99618769939576,219.4712183942806,44.76130855310697
learned_top1_aux0,128,8,2026,7,227.50970945179438,241.9231546039057,37.04040380871279
learned_top1_aux0,128,8,2026,8,231.28125084082498,246.27944303982798,31.876362346395712
learned_top1_aux0,128,8,2026,9,234.2495844557773,248.83358161297943,29.321132529841616
learned_top1_aux0,128,8,2026,10,227.62859730836382,239.6436375534203,30.305627979703534
learned_top1_aux0,128,8,31415,1,216.09963845369447,235.91567376758067,405.99195138286024
learned_top1_aux0,128,8,31415,2,175.12871695505316,189.39969747632372,160.79991639725816
learned_top1_aux0,128,8,31415,3,168.48036957186972,181.48055037362732,99.0293203294164
learned_top1_aux0,128,8,31415,4,178.38081515009637,191.26039254902184,71.24516178379616
learned_top1_aux0,128,8,31415,5,186.88094554854692,198.30057974935423,55.34823631872186
learned_top1_aux0,128,8,31415,6,202.49092914862146,213.2063203765842,44.54379707328405
learned_top1_aux0,128,8,31415,7,221.55316393583445,232.06200981422077,36.74844128133212
learned_top1_aux0,128,8,31415,8,233.4374679371136,247.03023932190257,31.600812507740752
learned_top1_aux0,128,8,31415,9,233.52140266010875,248.3164172886067,29.130575136445177
learned_top1_aux0,128,8,31415,10,232.4454042250124,245.0232186252443,29.597001009892477
learned_top1_aux0,128,8,42,1,207.99279532516076,226.9616880237543,393.5431418215884
learned_top1_aux0,128,8,42,2,176.73977798226343,190.9313705233654,157.76786120167407
learned_top1_aux0,128,8,42,3,177.22937163277987,191.72218916726902,97.31293924190547
learned_top1_aux0,128,8,42,4,184.5795804702605,198.47459024209834,70.14491255641087
learned_top1_aux0,128,8,42,5,194.4214852654962,208.29583201350994,54.617028907208194
learned_top1_aux0,128,8,42,6,207.54875358724797,220.93230822236023,44.05410846244204
learned_top1_aux0,128,8,42,7,227.92405991884877,243.26470373332404,36.412107134032254
learned_top1_aux0,128,8,42,8,240.2358394287538,258.5493816336657,31.43782436729784
learned_top1_aux0,128,8,42,9,244.69886834257895,261.792601647876,28.851923955144628
learned_top1_aux0,128,8,42,10,237.4065655896515,252.58921922913242,29.560170704481408
learned_top1_aux0,128,8,5150,1,212.51546358688876,233.04369100568698,409.72342283879846
learned_top1_aux0,128,8,5150,2,178.00220282792327,192.86164926093238,162.4784459946716
learned_top1_aux0,128,8,5150,3,176.62031416633843,190.27044085553354,100.57532376166999
learned_top1_aux0,128,8,5150,4,183.00766504937286,196.90457593210826,72.6642259617345
learned_top1_aux0,128,8,5150,5,198.89257284529145,211.98989260478243,56.754734153189105
learned_top1_aux0,128,8,5150,6,207.14919324990916,221.8106434525242,45.70226921560533
learned_top1_aux0,128,8,5150,7,229.88138244540795,244.56115224451096,37.87356810109656
learned_top1_aux0,128,8,5150,8,239.5781979291797,254.19320641150952,32.65503910352936
learned_top1_aux0,128,8,5150,9,235.761406811076,250.3586794404798,30.086039723533187
learned_top1_aux0,128,8,5150,10,234.00146185305078,248.4214090700611,30.686016027584888
learned_top1_aux0,128,8,60486,1,212.89695649474947,232.5900536225528,399.12815493087857
learned_top1_aux0,128,8,60486,2,181.34052526878128,196.0715729230872,160.77919762287698
learned_top1_aux0,128,8,60486,3,180.4622696156876,194.86681415703796,99.46320443120221
learned_top1_aux0,128,8,60486,4,185.67915156260207,199.7542647350996,71.70359716795052
learned_top1_aux0,128,8,60486,5,198.98669887725276,212.96388635092336,55.790581724881484
learned_top1_aux0,128,8,60486,6,207.37147473216862,220.25115381804142,44.744122812901345
learned_top1_aux0,128,8,60486,7,226.83967495877363,241.6140395041678,37.1509069070313
learned_top1_aux0,128,8,60486,8,241.14766897532465,256.3687741980951,32.06095791560672
learned_top1_aux0,128,8,60486,9,246.01301602181545,261.96763988956576,29.397112405286357
learned_top1_aux0,128,8,60486,10,242.41408235589114,255.82601496828855,29.876893847550516
learned_top1_aux0,128,8,7,1,215.95516319035488,234.8895009468383,410.55014513091805
learned_top1_aux0,128,8,7,2,181.20031877950825,195.90104047630592,163.555039890819
learned_top1_aux0,128,8,7,3,181.88294528916126,195.5694571210885,101.23289523167027
learned_top1_aux0,128,8,7,4,188.20044124331196,202.2869432528194,72.99726153124446
learned_top1_aux0,128,8,7,5,197.41467342798146,211.4564288518646,56.98968552517327
learned_top1_aux0,128,8,7,6,210.18503649247305,223.6204616933741,45.89165774993494
learned_top1_aux0,128,8,7,7,224.96955732717524,239.69432425361694,38.13605946102675
learned_top1_aux0,128,8,7,8,235.88653206440293,253.70607834448802,33.05581370801794
learned_top1_aux0,128,8,7,9,240.29246434734702,256.92595748729684,30.26035109751349
learned_top1_aux0,128,8,7,10,236.42853162838296,250.86856902005096,31.11265837832827
learned_top1_aux0,128,8,777,1,210.1617310641712,229.5237830510891,400.3388415345696
learned_top1_aux0,128,8,777,2,178.69889306045891,194.3273986473891,160.86428008092835
learned_top1_aux0,128,8,777,3,182.89322842011347,197.4051519457764,99.85887070038494
learned_top1_aux0,128,8,777,4,189.38957514387792,202.1920418168722,72.30028881434511
learned_top1_aux0,128,8,777,5,199.7708804038259,212.55728443060843,56.46021094601382
learned_top1_aux0,128,8,777,6,211.16570674207938,225.85560584178504,45.51638154724079
learned_top1_aux0,128,8,777,7,229.18120798044586,242.22043279678545,37.65865183109698
learned_top1_aux0,128,8,777,8,241.32518518307032,255.52691700260976,32.714389325523825
learned_top1_aux0,128,8,777,9,243.00407963269222,258.3289171131202,29.962034883345577
learned_top1_aux0,128,8,777,10,239.162772731761,251.779695269022,30.860697407329297
learned_top1_aux0,128,8,888,1,217.9608218690671,237.7577412760605,410.64946542107845
learned_top1_aux0,128,8,888,2,178.7751023268067,193.5661960390198,164.04031366577476
learned_top1_aux0,128,8,888,3,179.43763075921112,193.3396044901621,100.87458351915167
learned_top1_aux0,128,8,888,4,188.4090484075352,202.41698393518098,72.73851992572233
learned_top1_aux0,128,8,888,5,200.89323139303116,212.8137912685339,56.98002102319197
learned_top1_aux0,128,8,888,6,213.16912213695753,225.90964945587035,46.153284467225895
learned_top1_aux0,128,8,888,7,229.46283834726702,241.15457271258813,38.43399846530308
learned_top1_aux0,128,8,888,8,238.72007060240034,252.864118348449,33.25198103851038
learned_top1_aux0,128,8,888,9,248.00813939586314,260.9499544437454,30.515645736609958
learned_top1_aux0,128,8,888,10,239.0264062539569,250.63432594176763,31.056920888455746
learned_top1_aux0,128,8,999,1,213.37788072444553,233.768662675065,399.856772498931
learned_top1_aux0,128,8,999,2,178.6943375911918,194.60565518214293,160.92260623211496
learned_top1_aux0,128,8,999,3,176.53541126581743,190.62245268910132,99.84384097724259
learned_top1_aux0,128,8,999,4,187.64090494559903,202.07170368382876,72.26425107884069
learned_top1_aux0,128,8,999,5,197.91678992602328,211.44151791053662,56.49097220235496
learned_top1_aux0,128,8,999,6,212.66222727445088,226.0209314429944,45.638250411301016
learned_top1_aux0,128,8,999,7,227.36453893083308,242.21994464758993,37.81250825876912
learned_top1_aux0,128,8,999,8,238.34734665665977,255.22430183786122,32.55755942026471
learned_top1_aux0,128,8,999,9,244.39834320733235,261.8018229235474,30.155872519993107
learned_top1_aux0,128,8,999,10,239.13196237501603,252.99815819570568,30.764944666736767
random,128,0,123,1,204.81894885513546,224.11975750218946,388.0327008716196
random,128,0,123,2,176.86170307917962,192.4508374713078,156.50465470213604
random,128,0,123,3,176.14173071455502,190.69644942458828,97.16780161585275
random,128,0,123,4,183.71102009375667,197.38293760140584,70.06610251282
random,128,0,123,5,191.96388453687388,206.04916708437324,54.61803730070297
random,128,0,123,6,208.4377302767186,223.46078215040578,44.092688457839856
random,128,0,123,7,215.2349192226543,231.37106909948716,36.72137703065976
random,128,0,123,8,228.9085947391171,245.010845325374,31.87284588200703
random,128,0,123,9,233.68999847304454,249.32068208865422,29.482263248632645
random,128,0,123,10,230.89810635633793,244.55761308924357,30.243327619436158
random,128,0,2026,1,207.89074632331946,226.92198460542923,388.35726233269077
random,128,0,2026,2,176.7237315510646,191.48491940726313,155.75879921924468
random,128,0,2026,3,177.69964242878305,192.17382149708254,96.09155551834988
random,128,0,2026,4,183.47280778828258,197.58058181583075,69.35565388335576
random,128,0,2026,5,192.87018813249267,207.72729628292558,54.13527319690957
random,128,0,2026,6,208.57627286167153,223.35342523328768,43.757750229875974
random,128,0,2026,7,219.99731858235705,235.68799738294203,36.38774018096431
random,128,0,2026,8,233.66586484286415,250.48897415741376,31.579442542244482
random,128,0,2026,9,241.4432313710722,259.12419257268664,29.222052254434722
random,128,0,2026,10,233.67500057163446,247.50601913129267,29.82703600654634
random,128,0,31415,1,206.87277560528358,225.44186234472681,391.905607267565
random,128,0,31415,2,174.5897201842598,188.44320410169496,155.67472367286595
random,128,0,31415,3,175.11038898719346,189.46206874154677,95.70052478396242
random,128,0,31415,4,178.26984963391143,191.0191692054391,68.70350953084076
random,128,0,31415,5,189.92726348199008,201.48569220783511,53.244701429573865
random,128,0,31415,6,207.80905590594767,219.82938572815627,42.83305299856528
random,128,0,31415,7,220.295250424921,233.8909820582069,35.614838938993806
random,128,0,31415,8,232.57126804919716,245.38581547435479,30.907563107898774
random,128,0,31415,9,235.93768551943603,248.20091851536472,28.541012741724565
random,128,0,31415,10,230.16593267337566,241.21945289515887,28.992341313400843
random,128,0,42,1,206.39422875716284,226.0922003714223,389.6693988884934
random,128,0,42,2,175.6664684774094,189.98521595406325,156.33390413214997
random,128,0,42,3,179.05574576104925,192.87212211720467,96.55229965475777
random,128,0,42,4,185.69808939783206,200.00580277813924,69.63956640119498
random,128,0,42,5,195.4613206753279,207.5993314407295,54.31690435370021
random,128,0,42,6,209.5090728478335,222.4334373682179,43.93169772497893
random,128,0,42,7,223.89289583519277,238.440391517451,36.57929186795595
random,128,0,42,8,237.13183426043483,252.86200488214823,31.738441297351415
random,128,0,42,9,240.22200678500414,256.1561990409771,29.298985611668485
random,128,0,42,10,235.738988157081,248.43180329177966,29.88902246692474
random,128,0,5150,1,205.75259365546464,225.9148272904643,389.98004844004737
random,128,0,5150,2,173.496369857445,188.8859413714138,155.48646749456842
random,128,0,5150,3,176.36622823269704,190.6481487964206,96.1310410195035
random,128,0,5150,4,184.80096876756735,198.18868161333086,69.64453324972067
random,128,0,5150,5,194.58246697221924,208.66610870590617,54.38996225841898
random,128,0,5150,6,212.82696636146576,227.52909556615955,44.079890311000945
random,128,0,5150,7,223.64911241898645,239.82304005646873,36.82392379596584
random,128,0,5150,8,237.1585666682227,254.69028755155617,31.953563859399097
random,128,0,5150,9,237.26068441394443,253.3739928703938,29.505476940461936
random,128,0,5150,10,230.87208054995472,244.54929842115303,29.995380024348897
random,128,0,60486,1,207.7674901065132,227.50623307067755,390.0715686244561
random,128,0,60486,2,173.61326987810324,187.81289674281157,155.77279366372673
random,128,0,60486,3,176.0142497103215,189.0843502370367,96.41216187733829
random,128,0,60486,4,183.97327905846865,196.86066267570678,69.49706112110569
random,128,0,60486,5,191.83599051147434,203.7613374529932,54.08591831251159
random,128,0,60486,6,207.63351654664586,220.60443715403576,43.62886559003378
random,128,0,60486,7,217.37274158320017,233.5532376574944,36.19206716902119
random,128,0,60486,8,231.395486406025,247.1347940144257,31.233349379522018
random,128,0,60486,9,232.20372575247276,245.7230286845777,28.778288570166627
random,128,0,60486,10,228.8520655063383,239.91605584651467,29.343789097570397
random,128,0,7,1,208.1588859042689,227.96758796512324,389.705630745523
random,128,0,7,2,175.82759291747442,190.67104186495206,156.575664302889
random,128,0,7,3,176.97166798501806,190.9624780428372,96.3951901220175
random,128,0,7,4,183.4531008241449,196.76512571779523,69.38780193216544
random,128,0,7,5,195.02295035104464,208.74374985133545,53.98047481014267
random,128,0,7,6,211.2529203362554,223.88971288304253,43.58493234442776
random,128,0,7,7,222.14246850602092,234.9093021941086,36.314273132931845
random,128,0,7,8,237.9719672959261,252.59574714699352,31.56844170168429
random,128,0,7,9,239.2272235982331,254.78384434272377,29.136009121074213
random,128,0,7,10,232.43939386974014,246.62193141799645,29.69204763754409
random,128,0,777,1,205.4416265579916,224.96634655054697,387.63311592171453
random,128,0,777,2,172.71823379304928,187.35085180919538,155.2903006533522
random,128,0,777,3,171.9543017250654,184.96411260795887,96.11946185114834
random,128,0,777,4,177.6374430482312,190.0958456130014,69.31564516354031
random,128,0,777,5,190.47332137590647,202.93408508739657,53.99266152569978
random,128,0,777,6,205.17850984087383,218.44462197910087,43.63723832563443
random,128,0,777,7,218.49684492779193,232.25493899798835,36.31311944549071
random,128,0,777,8,231.41755597885344,246.76594174835586,31.46737591513084
random,128,0,777,9,235.96772217899118,250.47754512781367,29.055927674563716
random,128,0,777,10,230.0834898138807,243.15450576367158,29.750463176745846
random,128,0,888,1,208.28105983056716,227.90392536789926,390.36255542336943
random,128,0,888,2,177.210780506958,192.96860828455266,156.34547225628495
random,128,0,888,3,176.35579332593616,190.46582717040818,96.15773814267507
random,128,0,888,4,183.3334386378251,197.9086244097736,69.19114655589502
random,128,0,888,5,191.31132648852062,204.8142081407231,53.809459005654574
random,128,0,888,6,209.2782927727481,222.27779612323698,43.48054463449367
random,128,0,888,7,223.7502608785201,238.9986764816092,36.17652509283434
random,128,0,888,8,235.4732998937896,253.63311148638067,31.401608047498403
random,128,0,888,9,238.52378972851457,255.81143329225281,29.056019812140057
random,128,0,888,10,233.81765020617274,248.0895167774375,29.46124966642877
random,128,0,999,1,205.65169239904054,225.3890844583091,387.4796969349797
random,128,0,999,2,172.34160517620847,186.88472026244077,153.7578503812248
random,128,0,999,3,174.27494173974566,187.06268068752692,95.41315770549737
random,128,0,999,4,179.3773257825775,192.18905003842642,69.0659651487967
random,128,0,999,5,188.32063068916847,200.52030003061236,53.917385482534705
random,128,0,999,6,205.08717614916938,217.26215701310863,43.55129319357425
random,128,0,999,7,214.40983580938834,228.31381154112597,36.1893715335666
random,128,0,999,8,226.5330593229239,241.1004633683781,31.324347889655222
random,128,0,999,9,231.59111853148818,247.5645584391124,28.955826316775227
random,128,0,999,10,227.1943687887307,241.42516045620812,29.793954411412226
random,128,4,123,1,213.01566145254301,232.715052838377,399.6890779760178
random,128,4,123,2,178.8749611515549,194.56117459398615,160.63447387743776
random,128,4,123,3,178.16110339324402,192.45419048488012,99.53317160465801
random,128,4,123,4,186.55385342884992,199.9797144323876,72.01685231270295
random,128,4,123,5,195.4845022391169,207.61557128162318,56.102404109185336
random,128,4,123,6,211.1189529138506,222.3393480189859,45.36934087124287
random,128,4,123,7,224.19525162644436,238.38985201605874,37.77940067879406
random,128,4,123,8,241.0776639052144,256.43539086191674,32.776600506838456
random,128,4,123,9,244.38840142700388,260.493237519369,30.21673147798557
random,128,4,123,10,238.2736059481157,252.35088458507462,30.79435495863029
random,128,4,2026,1,211.0529960244929,230.60382544210952,396.5807101692593
random,128,4,2026,2,177.76160644892676,192.4810669170129,160.4304714859195
random,128,4,2026,3,176.0356546066513,189.94457440144728,99.17011642773478
random,128,4,2026,4,188.37660295022224,201.53318737976483,71.48726932275395
random,128,4,2026,5,199.08350116328808,211.79203453454357,55.71174080450894
random,128,4,2026,6,213.29350595473184,226.6436464118979,44.98691526082605
random,128,4,2026,7,225.33760451695437,241.79464516723195,37.50413574050854
random,128,4,2026,8,242.49732388629772,261.39661966810587,32.55522561821741
random,128,4,2026,9,246.30483278635845,265.0292880186361,30.114977360441113
random,128,4,2026,10,239.71961378603416,255.25784513988515,30.554151998820366
random,128,4,31415,1,213.80277764714455,233.9527230089084,408.6091875218576
random,128,4,31415,2,177.6963043759402,193.15739561309528,161.97623870810057
random,128,4,31415,3,176.5899356131621,190.84793995950736,100.1117312555194
random,128,4,31415,4,187.89667293097014,200.8883675354484,72.11856841539682
random,128,4,31415,5,195.2215220747772,207.32509826062858,56.16277598504272
random,128,4,31415,6,210.147161957638,223.262607513891,45.42934397076829
random,128,4,31415,7,227.89952909653422,242.54196946294076,37.82451642687325
random,128,4,31415,8,240.38820520950296,256.6818253846992,32.708111162504586
random,128,4,31415,9,244.84635800487894,260.391358376751,30.302732112518296
random,128,4,31415,10,238.79154874355538,252.6603843420091,31.109671412381864
random,128,4,42,1,210.01139389638516,230.22400833339918,399.2838392570129
random,128,4,42,2,175.48790271455366,192.04385181349863,159.59612263721513
random,128,4,42,3,176.77675143423298,191.48451110980076,98.44878777027603
random,128,4,42,4,186.71398800515726,201.5609817112527,70.9336937261127
random,128,4,42,5,198.0530796930704,212.18868958778611,55.31027145620761
random,128,4,42,6,214.1657869877211,227.0570256136288,44.66894659481061
random,128,4,42,7,227.38171301617172,242.2151187791276,37.197673996212934
random,128,4,42,8,240.77118172930386,254.77336887604923,32.30897168927706
random,128,4,42,9,246.24819614572985,260.8544901798661,29.845384106539566
random,128,4,42,10,240.19356525224094,252.59465858082362,30.441594697270876
random,128,4,5150,1,210.07594778782803,229.48884266378147,399.5979683266524
random,128,4,5150,2,176.16763358431342,192.28101837567,159.81866457395267
random,128,4,5150,3,176.36140927277964,190.97165965942023,98.74140374023166
random,128,4,5150,4,183.77486084149675,197.6213725860672,71.17364543531097
random,128,4,5150,5,195.9550783791178,210.222237862755,55.44555135114396
random,128,4,5150,6,214.22940998838044,227.07534121557404,44.81874167538603
random,128,4,5150,7,227.01495089285797,242.4088010282291,37.37735660430441
random,128,4,5150,8,241.91239848700306,259.0438571958027,32.40846272665383
random,128,4,5150,9,244.52922420974699,261.6587530842729,29.859474138470066
random,128,4,5150,10,235.92926206180448,250.816363328553,30.424659158512984
random,128,4,60486,1,212.0833577150232,231.60871635071067,405.60417366671186
random,128,4,60486,2,177.52800557766957,192.14113024524477,160.46161696935283
random,128,4,60486,3,177.476304282191,190.66138839452222,98.73851745328078
random,128,4,60486,4,186.7046286396194,198.5189921099687,71.44105236584453
random,128,4,60486,5,201.9573577582279,212.79723384431549,55.72589270693057
random,128,4,60486,6,216.40750464210208,226.23209856298814,45.098024052903114
random,128,4,60486,7,226.42775401797448,239.89491851508788,37.5713965802165
random,128,4,60486,8,238.61037937457937,253.53683849730842,32.565021212206666
random,128,4,60486,9,243.24041745265365,256.9702481800581,30.051958916994128
random,128,4,60486,10,238.40318158714598,251.41331202877586,30.615863181125164
random,128,4,7,1,210.99156594456397,230.92577668309886,397.2858506729375
random,128,4,7,2,176.75102955297584,192.5245133383774,159.15032612039784
random,128,4,7,3,180.20495431396344,193.91346904791197,98.41064476711985
random,128,4,7,4,188.48778999213272,201.96069743158756,71.13221965544686
random,128,4,7,5,197.55788675194944,210.9680609761624,55.516936625728846
random,128,4,7,6,215.548501927458,229.3181941057706,44.94942349344705
random,128,4,7,7,231.50936465555714,246.01537768962885,37.43230424835544
random,128,4,7,8,244.57972043099244,261.0925897452936,32.39574511589556
random,128,4,7,9,251.34476546696433,267.38260714396245,29.87872385466478
random,128,4,7,10,244.05215675491976,258.51457546742006,30.501258981550695
random,128,4,777,1,211.00796832328876,230.7356808342649,397.22417402950543
random,128,4,777,2,178.7206509304422,194.7944518861436,159.5988892705568
random,128,4,777,3,176.68531144286564,192.00281565545117,98.88172085139409
random,128,4,777,4,185.0305067339676,199.15662860234008,71.42915083830765
random,128,4,777,5,196.51088687199558,210.52035151613023,55.81400851473065
random,128,4,777,6,209.4783364375894,223.4364177032249,45.21504859819214
random,128,4,777,7,224.05794011305227,238.67527906185867,37.68344198607109
random,128,4,777,8,236.05677016725792,252.4641453274528,32.70804646564647
random,128,4,777,9,241.74685697032984,257.2224325513687,30.229348598281693
random,128,4,777,10,237.79424682600614,251.33916841291332,30.987567696562557
random,128,4,888,1,212.23763672143838,230.8014374554592,400.6501759876429
random,128,4,888,2,179.58278479434313,193.87374799575474,159.14094813609876
random,128,4,888,3,177.7770668146061,191.25841971257125,98.08847165485
random,128,4,888,4,188.01842680187548,200.78725030789724,70.74641272072797
random,128,4,888,5,197.66511245434228,209.17780806537448,55.264430334707
random,128,4,888,6,211.85388800950793,222.71917045884538,44.71042065635638
random,128,4,888,7,223.14709123148572,237.16263758460994,37.25202767018763
random,128,4,888,8,236.23416993220806,252.55225814740442,32.418907163332264
random,128,4,888,9,241.0993130856491,257.9960937390054,29.97089830537974
random,128,4,888,10,233.38253227697973,246.51888895849652,30.53408623719522
random,128,4,999,1,211.44226173651876,231.08313953891968,399.2154004810724
random,128,4,999,2,182.01022568312544,195.86730898788818,160.82747072579585
random,128,4,999,3,178.41276144633838,191.7771906561871,100.07645266720462
random,128,4,999,4,189.5547680902772,202.25826907034454,72.28702871665442
random,128,4,999,5,202.4238408923952,214.77069048281953,56.27741397548807
random,128,4,999,6,217.96997417491673,229.82913957662385,45.39471990954276
random,128,4,999,7,232.095766732578,244.47687221674974,37.77874379607323
random,128,4,999,8,247.74670913921963,261.3480649047795,32.68023322755692
random,128,4,999,9,248.48167558930683,263.09385740012635,30.136635911611133
random,128,4,999,10,243.2030123849205,254.88123063223813,30.875969309758418
random,128,8,123,1,244.53891009176021,265.87860025124724,479.5185879405303
random,128,8,123,2,196.93852774489844,214.2056346514657,197.12436016934578
random,128,8,123,3,182.22832122035578,198.07320140250158,125.83584408192361
random,128,8,123,4,180.63459363324122,196.21876774912806,91.61069002572422
random,128,8,123,5,184.8955871764172,200.19427555834727,71.17881968940749
random,128,8,123,6,195.0189399201781,208.0132189222756,57.4540253106766
random,128,8,123,7,201.4215990926563,214.26981881446903,47.98001837718954
random,128,8,123,8,207.11057277519626,219.84289740926903,42.04463114462238
random,128,8,123,9,209.56213576999033,221.28900155155338,39.493916353154276
random,128,8,123,10,203.8963977939913,214.296387060247,40.993944797166044
random,128,8,2026,1,221.17610956200537,241.5478611937535,427.218956408259
random,128,8,2026,2,179.68310196813053,194.62954003318146,168.56939273290928
random,128,8,2026,3,176.07023436936316,189.61262729522403,103.70317921117427
random,128,8,2026,4,183.5511118136554,197.76132554876912,74.54327144462003
random,128,8,2026,5,193.65063326653177,207.8038570986451,58.008692615856546
random,128,8,2026,6,210.0018226319661,224.3986927129002,46.82974793121707
random,128,8,2026,7,222.27111388485798,238.5868248762599,39.000999717995064
random,128,8,2026,8,235.45389659284257,252.1250485728704,33.88624143677891
random,128,8,2026,9,237.5157757457757,252.6725028867736,31.362535763102077
random,128,8,2026,10,232.34997594512546,245.74502997077147,32.20985360498024
random,128,8,31415,1,252.09473742276012,275.2286406814117,493.9591773025694
random,128,8,31415,2,199.0231880080482,216.6990259311237,202.00643288858524
random,128,8,31415,3,185.60203175767882,201.509026398432,129.72619055026695
random,128,8,31415,4,183.03098238396336,196.472429303383,96.35778513946843
random,128,8,31415,5,186.80643674911013,199.72230633805833,76.43466190421971
random,128,8,31415,6,193.28096848284056,206.58475178262174,62.72248193187851
random,128,8,31415,7,194.29814178001809,209.44661031212812,53.23016143073747
random,128,8,31415,8,198.63315725322786,214.0076994130651,47.16279121992756
random,128,8,31415,9,195.61470482370555,208.56291825316868,44.5409602920689
random,128,8,31415,10,190.87790230221526,200.89171030902068,46.30274142444494
random,128,8,42,1,222.1388848609443,243.60825317594248,429.62954432582757
random,128,8,42,2,182.57869570416378,199.42684642580426,171.11762525390412
random,128,8,42,3,181.0810862452013,196.97854082764812,105.91539208407372
random,128,8,42,4,191.9425341043144,207.90004016415966,76.20749016462143
random,128,8,42,5,204.86070296829286,218.94435619451374,59.29214839681647
random,128,8,42,6,223.05472056561646,235.87894117813946,47.89517396331706
random,128,8,42,7,230.48753031706522,245.14258041088038,39.925528560123546
random,128,8,42,8,245.69740145726743,262.0248835533409,34.63887130285486
random,128,8,42,9,252.33113799898047,267.4810212020698,32.03125893620849
random,128,8,42,10,248.14500040072198,260.4962772365962,32.91807161413553
random,128,8,5150,1,238.34807155296735,259.6708665131369,472.4104181544721
random,128,8,5150,2,189.80597564192487,206.44474604762942,185.31538089775844
random,128,8,5150,3,185.17423784002278,200.2971548053925,113.72169292578747
random,128,8,5150,4,185.94389679140758,199.2269744602864,81.25523704097907
random,128,8,5150,5,197.70672961094346,212.13152803474435,63.049367676365094
random,128,8,5150,6,210.611867825355,226.21682039540357,50.98757730631094
random,128,8,5150,7,223.84573511164723,241.70285381317703,42.66561869185417
random,128,8,5150,8,230.54916109890692,248.847714045998,37.16842111527821
random,128,8,5150,9,231.64364800362839,250.71025333942953,34.673309465687744
random,128,8,5150,10,223.73008257235085,240.37282338658147,36.09348344256898
random,128,8,60486,1,259.07328173668026,283.91890687893533,525.7633654882903
random,128,8,60486,2,197.50006964879756,217.2469285424135,206.75606381965167
random,128,8,60486,3,184.00021343285044,202.22022629850025,130.74543969544283
random,128,8,60486,4,182.5596385392936,197.83251346858088,96.3763283530128
random,128,8,60486,5,183.7034233223892,197.0100008051101,75.95765619098601
random,128,8,60486,6,189.09918537872753,202.65217018682776,62.08991027313258
random,128,8,60486,7,192.99003759197674,206.93518910750393,52.390407599346375
random,128,8,60486,8,201.30400295828386,213.93752773596597,46.11206699904856
random,128,8,60486,9,202.70762562960806,215.38210434563732,43.336918151984634
random,128,8,60486,10,196.64317721348695,207.03033680812248,44.70069410238529
random,128,8,7,1,219.30088685798174,238.78566303920996,420.5925875838651
random,128,8,7,2,184.9555565671597,198.73853547450722,168.24070037786854
random,128,8,7,3,183.7964332468578,196.77671432221902,104.12346842941398
random,128,8,7,4,187.3099675563853,200.95325565640883,74.92388377574007
random,128,8,7,5,197.69992061642915,210.8409944293924,58.35952794016267
random,128,8,7,6,212.38743822809488,225.42804406870204,47.222919893862084
random,128,8,7,7,231.092868865314,246.57420546760468,39.39752464267573
random,128,8,7,8,248.49024451401027,263.85539508435585,34.18611944725855
random,128,8,7,9,250.7447376124565,264.8246704212449,31.64362569874559
random,128,8,7,10,240.286234721952,252.04434563156315,32.590207947033754
random,128,8,777,1,254.90714481047706,276.61212525572097,498.68511342443963
random,128,8,777,2,200.18373110821162,217.99063334780826,205.09099449971572
random,128,8,777,3,186.93937306762072,203.11838112300632,132.04796644880304
random,128,8,777,4,186.87661506579767,202.26909659291533,98.22128574309824
random,128,8,777,5,188.65885325584247,202.4263083403117,77.9372125098605
random,128,8,777,6,192.75718834146215,206.04106702332672,64.13847659499194
random,128,8,777,7,195.39812422903665,207.86941267658716,54.408728192598424
random,128,8,777,8,199.13358046063567,211.80445956557128,48.15506556669406
random,128,8,777,9,198.5384538192278,211.4721066395154,45.60165738885381
random,128,8,777,10,192.70064879998847,203.77043778998544,47.7060837942555
random,128,8,888,1,259.5215599841954,282.7272782934181,503.9470311314319
random,128,8,888,2,201.01395440236308,218.6932331912742,206.62477823324343
random,128,8,888,3,183.87790584654076,200.60832622534764,132.4961775898347
random,128,8,888,4,181.56780875280882,196.67273783094402,97.7828322584078
random,128,8,888,5,183.34739921960963,197.34244727587495,76.84850068804369
random,128,8,888,6,189.66645368997203,201.7071209208819,62.88143645182396
random,128,8,888,7,193.58220758610432,206.5565323020722,53.15612012682059
random,128,8,888,8,196.09062071821862,210.92502296137593,46.95644488609993
random,128,8,888,9,193.003748230684,205.84696014546046,44.42810522961431
random,128,8,888,10,188.6922924455504,199.8017706074947,46.13202830399955
random,128,8,999,1,261.4595009154573,284.691956446599,519.5975232964298
random,128,8,999,2,202.6029292528873,220.52231107915733,209.13504645513225
random,128,8,999,3,190.37890535428446,205.24339695501882,134.1716875471694
random,128,8,999,4,184.48605743496452,198.48815280457427,98.99849866380524
random,128,8,999,5,183.6485025651568,196.74429149189976,77.79427496982736
random,128,8,999,6,190.15530210023357,203.3355679486481,63.22485016647559
random,128,8,999,7,194.25952050641607,207.58269693717693,53.11185214035453
random,128,8,999,8,198.71588115264106,213.08207821354586,46.556368648262975
random,128,8,999,9,198.61600808981277,210.87265642038344,43.93143655083466
random,128,8,999,10,194.1004447280401,204.55404811179787,46.087907529918795
round_robin,128,0,123,1,204.81894885513546,224.11975750218946,388.0327008716196
round_robin,128,0,123,2,176.86170307917962,192.4508374713078,156.50465470213604
round_robin,128,0,123,3,176.14173071455502,190.69644942458828,97.16780161585275
round_robin,128,0,123,4,183.71102009375667,197.38293760140584,70.06610251282
round_robin,128,0,123,5,191.96388453687388,206.04916708437324,54.61803730070297
round_robin,128,0,123,6,208.4377302767186,223.46078215040578,44.092688457839856
round_robin,128,0,123,7,215.2349192226543,231.37106909948716,36.72137703065976
round_robin,128,0,123,8,228.9085947391171,245.010845325374,31.87284588200703
round_robin,128,0,123,9,233.68999847304454,249.32068208865422,29.482263248632645
round_robin,128,0,123,10,230.89810635633793,244.55761308924357,30.243327619436158
round_robin,128,0,2026,1,207.89074632331946,226.92198460542923,388.35726233269077
round_robin,128,0,2026,2,176.7237315510646,191.48491940726313,155.75879921924468
round_robin,128,0,2026,3,177.69964242878305,192.17382149708254,96.09155551834988
round_robin,128,0,2026,4,183.47280778828258,197.58058181583075,69.35565388335576
round_robin,128,0,2026,5,192.87018813249267,207.72729628292558,54.13527319690957
round_robin,128,0,2026,6,208.57627286167153,223.35342523328768,43.757750229875974
round_robin,128,0,2026,7,219.99731858235705,235.68799738294203,36.38774018096431
round_robin,128,0,2026,8,233.66586484286415,250.48897415741376,31.579442542244482
round_robin,128,0,2026,9,241.4432313710722,259.12419257268664,29.222052254434722
round_robin,128,0,2026,10,233.67500057163446,247.50601913129267,29.82703600654634
round_robin,128,0,31415,1,206.87277560528358,225.44186234472681,391.905607267565
round_robin,128,0,31415,2,174.5897201842598,188.44320410169496,155.67472367286595
round_robin,128,0,31415,3,175.11038898719346,189.46206874154677,95.70052478396242
round_robin,128,0,31415,4,178.26984963391143,191.0191692054391,68.70350953084076
round_robin,128,0,31415,5,189.92726348199008,201.48569220783511,53.244701429573865
round_robin,128,0,31415,6,207.80905590594767,219.82938572815627,42.83305299856528
round_robin,128,0,31415,7,220.295250424921,233.8909820582069,35.614838938993806
round_robin,128,0,31415,8,232.57126804919716,245.38581547435479,30.907563107898774
round_robin,128,0,31415,9,235.93768551943603,248.20091851536472,28.541012741724565
round_robin,128,0,31415,10,230.16593267337566,241.21945289515887,28.992341313400843
round_robin,128,0,42,1,206.39422875716284,226.0922003714223,389.6693988884934
round_robin,128,0,42,2,175.6664684774094,189.98521595406325,156.33390413214997
round_robin,128,0,42,3,179.05574576104925,192.87212211720467,96.55229965475777
round_robin,128,0,42,4,185.69808939783206,200.00580277813924,69.63956640119498
round_robin,128,0,42,5,195.4613206753279,207.5993314407295,54.31690435370021
round_robin,128,0,42,6,209.5090728478335,222.4334373682179,43.93169772497893
round_robin,128,0,42,7,223.89289583519277,238.440391517451,36.57929186795595
round_robin,128,0,42,8,237.13183426043483,252.86200488214823,31.738441297351415
round_robin,128,0,42,9,240.22200678500414,256.1561990409771,29.298985611668485
round_robin,128,0,42,10,235.738988157081,248.43180329177966,29.88902246692474
round_robin,128,0,5150,1,205.75259365546464,225.9148272904643,389.98004844004737
round_robin,128,0,5150,2,173.496369857445,188.8859413714138,155.48646749456842
round_robin,128,0,5150,3,176.36622823269704,190.6481487964206,96.1310410195035
round_robin,128,0,5150,4,184.80096876756735,198.18868161333086,69.64453324972067
round_robin,128,0,5150,5,194.58246697221924,208.66610870590617,54.38996225841898
round_robin,128,0,5150,6,212.82696636146576,227.52909556615955,44.079890311000945
round_robin,128,0,5150,7,223.64911241898645,239.82304005646873,36.82392379596584
round_robin,128,0,5150,8,237.1585666682227,254.69028755155617,31.953563859399097
round_robin,128,0,5150,9,237.26068441394443,253.3739928703938,29.505476940461936
round_robin,128,0,5150,10,230.87208054995472,244.54929842115303,29.995380024348897
round_robin,128,0,60486,1,207.7674901065132,227.50623307067755,390.0715686244561
round_robin,128,0,60486,2,173.61326987810324,187.81289674281157,155.77279366372673
round_robin,128,0,60486,3,176.0142497103215,189.0843502370367,96.41216187733829
round_robin,128,0,60486,4,183.97327905846865,196.86066267570678,69.49706112110569
round_robin,128,0,60486,5,191.83599051147434,203.7613374529932,54.08591831251159
round_robin,128,0,60486,6,207.63351654664586,220.60443715403576,43.62886559003378
round_robin,128,0,60486,7,217.37274158320017,233.5532376574944,36.19206716902119
round_robin,128,0,60486,8,231.395486406025,247.1347940144257,31.233349379522018
round_robin,128,0,60486,9,232.20372575247276,245.7230286845777,28.778288570166627
round_robin,128,0,60486,10,228.8520655063383,239.91605584651467,29.343789097570397
round_robin,128,0,7,1,208.1588859042689,227.96758796512324,389.705630745523
round_robin,128,0,7,2,175.82759291747442,190.67104186495206,156.575664302889
round_robin,128,0,7,3,176.97166798501806,190.9624780428372,96.3951901220175
round_robin,128,0,7,4,183.4531008241449,196.76512571779523,69.38780193216544
round_robin,128,0,7,5,195.02295035104464,208.74374985133545,53.98047481014267
round_robin,128,0,7,6,211.2529203362554,223.88971288304253,43.58493234442776
round_robin,128,0,7,7,222.14246850602092,234.9093021941086,36.314273132931845
round_robin,128,0,7,8,237.9719672959261,252.59574714699352,31.56844170168429
round_robin,128,0,7,9,239.2272235982331,254.78384434272377,29.136009121074213
round_robin,128,0,7,10,232.43939386974014,246.62193141799645,29.69204763754409
round_robin,128,0,777,1,205.4416265579916,224.96634655054697,387.63311592171453
round_robin,128,0,777,2,172.71823379304928,187.35085180919538,155.2903006533522
round_robin,128,0,777,3,171.9543017250654,184.96411260795887,96.11946185114834
round_robin,128,0,777,4,177.6374430482312,190.0958456130014,69.31564516354031
round_robin,128,0,777,5,190.47332137590647,202.93408508739657,53.99266152569978
round_robin,128,0,777,6,205.17850984087383,218.44462197910087,43.63723832563443
round_robin,128,0,777,7,218.49684492779193,232.25493899798835,36.31311944549071
round_robin,128,0,777,8,231.41755597885344,246.76594174835586,31.46737591513084
round_robin,128,0,777,9,235.96772217899118,250.47754512781367,29.055927674563716
round_robin,128,0,777,10,230.0834898138807,243.15450576367158,29.750463176745846
round_robin,128,0,888,1,208.28105983056716,227.90392536789926,390.36255542336943
round_robin,128,0,888,2,177.210780506958,192.96860828455266,156.34547225628495
round_robin,128,0,888,3,176.35579332593616,190.46582717040818,96.15773814267507
round_robin,128,0,888,4,183.3334386378251,197.9086244097736,69.19114655589502
round_robin,128,0,888,5,191.31132648852062,204.8142081407231,53.809459005654574
round_robin,128,0,888,6,209.2782927727481,222.27779612323698,43.48054463449367
round_robin,128,0,888,7,223.7502608785201,238.9986764816092,36.17652509283434
round_robin,128,0,888,8,235.4732998937896,253.63311148638067,31.401608047498403
round_robin,128,0,888,9,238.52378972851457,255.81143329225281,29.056019812140057
round_robin,128,0,888,10,233.81765020617274,248.0895167774375,29.46124966642877
round_robin,128,0,999,1,205.65169239904054,225.3890844583091,387.4796969349797
round_robin,128,0,999,2,172.34160517620847,186.88472026244077,153.7578503812248
round_robin,128,0,999,3,174.27494173974566,187.06268068752692,95.41315770549737
round_robin,128,0,999,4,179.3773257825775,192.18905003842642,69.0659651487967
round_robin,128,0,999,5,188.32063068916847,200.52030003061236,53.917385482534705
round_robin,128,0,999,6,205.08717614916938,217.26215701310863,43.55129319357425
round_robin,128,0,999,7,214.40983580938834,228.31381154112597,36.1893715335666
round_robin,128,0,999,8,226.5330593229239,241.1004633683781,31.324347889655222
round_robin,128,0,999,9,231.59111853148818,247.5645584391124,28.955826316775227
round_robin,128,0,999,10,227.1943687887307,241.42516045620812,29.793954411412226
round_robin,128,4,123,1,210.08797719220047,230.748184392188,400.0841964591023
round_robin,128,4,123,2,177.03220414159864,193.09693665378302,160.4224455006701
round_robin,128,4,123,3,175.1967834871818,191.19418244231196,99.62588698804892
round_robin,128,4,123,4,186.2368013352971,202.04215022135392,72.02270098489024
round_robin,128,4,123,5,195.11190824449713,209.9495520319369,56.267752540100105
round_robin,128,4,123,6,212.79509942119867,226.178355286015,45.53610881066385
round_robin,128,4,123,7,225.1244455421223,239.45044441341844,37.978642758898914
round_robin,128,4,123,8,236.03284704131394,252.27477240682532,32.97475576821547
round_robin,128,4,123,9,239.5493901149986,256.09976860124004,30.48250343886431
round_robin,128,4,123,10,233.1261854219207,246.684280926036,31.273886328820954
round_robin,128,4,2026,1,209.8593714348894,229.11721498829428,395.3998087388366
round_robin,128,4,2026,2,178.5543661737808,192.89947777285977,159.37882752542646
round_robin,128,4,2026,3,177.29154321491066,191.17695237400233,98.49472210071154
round_robin,128,4,2026,4,186.7250717167114,200.6031490553464,71.0519763335008
round_robin,128,4,2026,5,196.79248851201754,210.18386673328948,55.319478415261166
round_robin,128,4,2026,6,211.96422102021538,226.0076165169045,44.647651148368894
round_robin,128,4,2026,7,224.87070231640382,240.82339710002614,37.124155590136475
round_robin,128,4,2026,8,240.62632426931162,257.04212843804964,32.16542508400983
round_robin,128,4,2026,9,244.56402364226446,261.38173458625516,29.68652770304586
round_robin,128,4,2026,10,237.34694867161457,251.60065406910132,30.284630500698277
round_robin,128,4,31415,1,215.00986665216692,236.42264052486829,425.1982234945284
round_robin,128,4,31415,2,176.96891302997227,193.10725202420642,164.7498361007113
round_robin,128,4,31415,3,177.65737597445695,191.41069335228994,100.83833396397314
round_robin,128,4,31415,4,185.2769516469111,199.31458352972294,72.01983632514556
round_robin,128,4,31415,5,195.15292606308347,209.8217576839638,55.66901011521183
round_robin,128,4,31415,6,211.18322950942465,226.5593943753902,44.6009105342274
round_robin,128,4,31415,7,224.11659440289202,241.59086590432804,36.8608797754246
round_robin,128,4,31415,8,237.24569881627707,254.48439531635327,31.87399049979491
round_robin,128,4,31415,9,238.20371075787057,254.79360502291848,29.53784172181695
round_robin,128,4,31415,10,233.76813103450166,248.0261236853242,30.326071514398677
round_robin,128,4,42,1,211.59482885921344,232.27989933760273,404.7318414917265
round_robin,128,4,42,2,177.626758548153,192.98440332432864,160.54391343349215
round_robin,128,4,42,3,176.87763446220683,191.47160539629783,98.77925634255223
round_robin,128,4,42,4,183.4350828646477,196.7507453609468,70.93774148082608
round_robin,128,4,42,5,193.99380480828663,206.53168547587325,55.30341199057082
round_robin,128,4,42,6,211.29722475253908,222.9863483931265,44.78544392987513
round_robin,128,4,42,7,223.66927804492138,238.17573548906924,37.30133014029653
round_robin,128,4,42,8,237.05884102303375,252.49613891052846,32.34339891830983
round_robin,128,4,42,9,239.2586185824204,253.85926596698982,29.93662521468111
round_robin,128,4,42,10,233.58138306774813,246.38081268069408,30.664223336853112
round_robin,128,4,5150,1,209.37553676066915,229.66262149728166,404.6586836135534
round_robin,128,4,5150,2,174.75491903864034,190.33426159753472,159.695109064844
round_robin,128,4,5150,3,177.1211827325499,191.70351878120456,98.36422491341085
round_robin,128,4,5150,4,186.51160196220277,200.2549541292457,71.03679080596588
round_robin,128,4,5150,5,197.6146406960785,212.49304067416813,55.4136624497782
round_robin,128,4,5150,6,210.36458659332058,224.50564512820114,44.82963537974273
round_robin,128,4,5150,7,221.40867391962337,236.6393251594332,37.417361419208184
round_robin,128,4,5150,8,237.34892307523197,252.79700906358093,32.50713486661118
round_robin,128,4,5150,9,239.74377513114692,255.85411272969716,30.02449086783293
round_robin,128,4,5150,10,235.44918305395566,249.00985282325203,30.659831538732945
round_robin,128,4,60486,1,212.98105747827603,232.07868916403092,414.06744834257114
round_robin,128,4,60486,2,176.16204992578182,191.36693097755614,160.7481143117548
round_robin,128,4,60486,3,177.00989714639408,190.77195009140706,98.61863096271824
round_robin,128,4,60486,4,187.87603081872493,201.5530499265052,70.8896147408713
round_robin,128,4,60486,5,197.36184406266122,209.66645609874496,55.19274279324385
round_robin,128,4,60486,6,211.8168933727117,223.4547609024551,44.615787151328306
round_robin,128,4,60486,7,222.57871948786132,238.2046035684329,37.248305996592016
round_robin,128,4,60486,8,232.9638166356471,250.1174492671623,32.363461129888364
round_robin,128,4,60486,9,236.35218439319058,251.66218034055532,29.966952886120772
round_robin,128,4,60486,10,230.14205877328297,242.39230500164754,30.672455383069742
round_robin,128,4,7,1,209.16629947600964,228.20922929686483,398.20991591590035
round_robin,128,4,7,2,176.14684788289074,190.76859978336054,158.0480963427484
round_robin,128,4,7,3,177.33973071015205,191.89613125529823,97.75772137700271
round_robin,128,4,7,4,189.33726293103706,202.7102133575284,70.83128463240017
round_robin,128,4,7,5,201.58934382444923,214.470503955318,55.18220201436639
round_robin,128,4,7,6,215.13501075350905,227.44776187878475,44.68534053011296
round_robin,128,4,7,7,226.81358582907862,240.04512504311396,37.254282403498884
round_robin,128,4,7,8,240.67716409098068,255.0458435033517,32.36710424209818
round_robin,128,4,7,9,242.21345975139158,256.14917005021516,29.99438325147948
round_robin,128,4,7,10,237.49150681667456,250.05170897701788,30.67625723429371
round_robin,128,4,777,1,209.35935355659876,229.39298240797018,402.36900078388084
round_robin,128,4,777,2,179.2555404542883,194.38559592883433,160.35430454205041
round_robin,128,4,777,3,175.97636885286366,189.30295201388196,99.17721772410997
round_robin,128,4,777,4,188.28477742521062,201.7361552903761,71.57164994180535
round_robin,128,4,777,5,195.29318549797074,210.3104180466814,55.8097636078725
round_robin,128,4,777,6,209.7028541975103,224.23021831878395,45.1100749929753
round_robin,128,4,777,7,224.38038801952078,239.62122423890878,37.62236346882694
round_robin,128,4,777,8,238.41647481641166,255.3196937618846,32.66624700312264
round_robin,128,4,777,9,243.2273825272022,259.2655989855118,30.20897575166757
round_robin,128,4,777,10,236.95320494922262,250.60324691903307,30.76871054023059
round_robin,128,4,888,1,211.3726261771544,231.56756977869475,405.21709607988464
round_robin,128,4,888,2,175.97105567711006,191.63208118071,160.00290433338782
round_robin,128,4,888,3,173.56511988462265,187.60218544988803,98.54446901235683
round_robin,128,4,888,4,183.57251083789285,195.37921933167777,71.06329352825405
round_robin,128,4,888,5,193.68903879906424,205.66668121932113,55.47340002810132
round_robin,128,4,888,6,210.8835281214865,221.1658664934726,44.87391440594277
round_robin,128,4,888,7,224.0253466668714,236.10103159993622,37.4536185475914
round_robin,128,4,888,8,236.8558529541242,249.11069788134193,32.568807634080976
round_robin,128,4,888,9,239.4980303744387,252.3099790116128,30.126166804482388
round_robin,128,4,888,10,232.5531177283081,244.74793650580233,30.85282823198989
round_robin,128,4,999,1,212.9837961288128,233.6970050265832,408.61631712352016
round_robin,128,4,999,2,176.6920480411111,191.45026545980667,159.68779680317593
round_robin,128,4,999,3,176.47165498293077,189.41689773622144,98.5762325955185
round_robin,128,4,999,4,183.78205258930657,197.8411078289332,71.11757799649537
round_robin,128,4,999,5,193.80012858041246,208.06331043210827,55.36147152966495
round_robin,128,4,999,6,209.3042553108401,222.93504994633884,44.66395576713497
round_robin,128,4,999,7,218.16115381034584,232.98629524652225,37.07843521815374
round_robin,128,4,999,8,233.37455072077057,248.72305506081742,32.06608311762396
round_robin,128,4,999,9,238.1335431282091,254.27913736547615,29.52018838363769
round_robin,128,4,999,10,234.52517153619326,248.496947783789,30.038987147489575
round_robin,128,8,123,1,266.1074725491832,289.4961829049019,534.5221128639881
round_robin,128,8,123,2,204.24565889380847,222.14502792920342,216.48514502748603
round_robin,128,8,123,3,187.2753610422816,204.44301357648007,139.38551623370836
round_robin,128,8,123,4,181.57091177390762,196.1286568012585,103.5209660241184
round_robin,128,8,123,5,184.59976571714375,197.95622831921276,81.94097787758824
round_robin,128,8,123,6,190.44494724034683,204.69958567780373,67.41933654985675
round_robin,128,8,123,7,191.41527228274762,204.20681824413103,57.14692268549959
round_robin,128,8,123,8,198.05183135537865,210.9170604583843,50.33773019080157
round_robin,128,8,123,9,196.62628967595825,208.40727526405658,47.54764823346995
round_robin,128,8,123,10,190.59600023832365,200.54657256949227,50.322030267392606
round_robin,128,8,2026,1,232.0989808896018,253.7481154489568,457.79424725145213
round_robin,128,8,2026,2,188.38597215340758,204.01012873922474,183.94083678877539
round_robin,128,8,2026,3,181.3512035259484,196.2874224844378,114.31222229331979
round_robin,128,8,2026,4,184.506348528094,197.85425951607178,81.87384365334752
round_robin,128,8,2026,5,198.42878009224466,211.4362818285329,63.192061628258344
round_robin,128,8,2026,6,210.51454056550153,225.49814411114212,50.93669933942834
round_robin,128,8,2026,7,219.96698522446061,236.64796171447043,42.453764581890596
round_robin,128,8,2026,8,234.30385951526785,252.4555777459377,36.88881854796741
round_robin,128,8,2026,9,236.9110119261846,256.0798641593832,34.15516982511529
round_robin,128,8,2026,10,230.48669725699835,247.659052717406,35.01169550273224
round_robin,128,8,31415,1,276.41521592575623,300.61389782170625,565.5574962665124
round_robin,128,8,31415,2,210.2138162363258,230.11505428619412,225.24483378186514
round_robin,128,8,31415,3,191.29080211097138,208.7221186257777,144.3064216862499
round_robin,128,8,31415,4,185.4389958084935,201.7804108871229,106.51794126478563
round_robin,128,8,31415,5,184.7298311419959,199.83342169583594,84.03647876393646
round_robin,128,8,31415,6,185.25953772534507,199.15343833199648,69.10163143172224
round_robin,128,8,31415,7,189.23161421975408,202.8500005452795,58.72110273429201
round_robin,128,8,31415,8,191.681281101514,205.48910129926008,52.007291271611436
round_robin,128,8,31415,9,188.8092764248253,202.23372185693015,49.23932875305386
round_robin,128,8,31415,10,184.24640014647395,196.30001170302572,51.498434902548304
round_robin,128,8,42,1,261.785652312031,283.62770042855436,517.2513668934193
round_robin,128,8,42,2,200.86674265371545,219.23459846166648,214.66364806266267
round_robin,128,8,42,3,184.37938534553967,202.73791830317515,138.0647417131049
round_robin,128,8,42,4,185.9047117538923,202.7996689026729,102.67889095506968
round_robin,128,8,42,5,183.9656935569427,199.86361499084595,81.31685934076236
round_robin,128,8,42,6,187.9016196051523,202.68756341085566,66.87471809949862
round_robin,128,8,42,7,190.1645586027275,204.20016756556603,56.72734053888636
round_robin,128,8,42,8,195.43151984688566,209.51639943668,50.13840360174977
round_robin,128,8,42,9,192.70994040401234,205.42094473714545,47.240506165300744
round_robin,128,8,42,10,185.00204270179634,195.87614047223587,50.23314009086094
round_robin,128,8,5150,1,267.23073425613205,291.34168253494363,536.56785464039
round_robin,128,8,5150,2,201.44549803451542,220.4957892593622,218.6055834805716
round_robin,128,8,5150,3,184.61652950781257,201.24906045933182,141.23797189452986
round_robin,128,8,5150,4,181.28954498688708,197.56440437516358,105.5992347498922
round_robin,128,8,5150,5,181.11549085130935,196.5746922608863,84.359802501211
round_robin,128,8,5150,6,185.88490595360688,200.61807811321898,69.97272509130786
round_robin,128,8,5150,7,184.98453972637705,198.9905910351402,59.96674718101003
round_robin,128,8,5150,8,188.92423898532203,203.44851233103594,53.32677801556054
round_robin,128,8,5150,9,187.77627326131642,202.72388570361852,50.5605780324456
round_robin,128,8,5150,10,179.87506261259406,192.08667417714707,53.409664360042
round_robin,128,8,60486,1,277.50369061701565,300.82959004928,562.1075614476576
round_robin,128,8,60486,2,210.3934474068089,228.60985656459815,221.03853203998716
round_robin,128,8,60486,3,191.33982893804952,207.1597587997485,141.02850450799343
round_robin,128,8,60486,4,187.63675459368073,202.19541810792055,104.45794751385837
round_robin,128,8,60486,5,184.74181345373535,199.85500739167264,82.7452942118853
round_robin,128,8,60486,6,188.26831951931186,202.77831703817725,68.05868015561809
round_robin,128,8,60486,7,192.333512662919,206.37240493862322,57.83871822101656
round_robin,128,8,60486,8,195.967320796741,210.4160670905943,51.30076884639586
round_robin,128,8,60486,9,194.67796138971244,208.2723368445738,48.422692440222725
round_robin,128,8,60486,10,189.18565497884714,199.74067047013244,50.85191457550659
round_robin,128,8,7,1,270.54298239467124,293.0980123192073,538.7824281585105
round_robin,128,8,7,2,205.8344909798805,224.62787594178027,221.20682683803102
round_robin,128,8,7,3,188.00443147774251,205.65036809488322,141.77427489154795
round_robin,128,8,7,4,182.7973962386962,199.05146351605902,104.44543460926603
round_robin,128,8,7,5,184.66115899872432,199.9170130437138,82.22022480889997
round_robin,128,8,7,6,189.349238331092,203.06910009533638,67.53251027249712
round_robin,128,8,7,7,191.5480052423348,204.6328674204675,57.456003813832794
round_robin,128,8,7,8,193.68702322916687,207.143382224772,50.811112744998
round_robin,128,8,7,9,192.42188375768401,205.58823871932879,47.89832572722087
round_robin,128,8,7,10,187.13357731102883,198.50659187586905,50.27760067240288
round_robin,128,8,777,1,281.2009846056226,305.1764187968952,539.9992304449266
round_robin,128,8,777,2,210.80781714743136,229.34031223866847,225.19895623691357
round_robin,128,8,777,3,192.27013717487355,209.51271994145787,144.36006264439874
round_robin,128,8,777,4,186.1938554447184,202.46118851954353,107.30647077079801
round_robin,128,8,777,5,184.88169984466703,199.42901566031955,85.3360809050343
round_robin,128,8,777,6,188.29037411998456,201.62747663103738,70.35523709054395
round_robin,128,8,777,7,189.68202673147013,203.05079166052386,59.97154741151655
round_robin,128,8,777,8,192.82020902002893,206.65157004170075,53.34350963096267
round_robin,128,8,777,9,192.29178756548623,204.57585291461075,50.60328570849048
round_robin,128,8,777,10,187.5668702922784,198.05339044980553,52.71740617863261
round_robin,128,8,888,1,263.42860747813234,286.1128703171954,530.3737886461444
round_robin,128,8,888,2,205.01536661377506,224.57104159184613,215.31402465049612
round_robin,128,8,888,3,184.30848238104556,202.2789528720163,138.25399913177804
round_robin,128,8,888,4,179.80175046212094,195.30400558254584,102.10223496664742
round_robin,128,8,888,5,182.00586074728025,196.86794839948956,80.29770157067442
round_robin,128,8,888,6,186.5892926028476,200.02156017513377,65.78851680091114
round_robin,128,8,888,7,188.6245424770553,202.25436220576745,55.696788248147776
round_robin,128,8,888,8,194.4490805261536,208.34941533369013,49.12888651311538
round_robin,128,8,888,9,193.02395906587228,207.0877167697915,46.192678494290824
round_robin,128,8,888,10,186.63027987720122,198.95066947241986,48.29179870655312
round_robin,128,8,999,1,269.0733250644487,293.5703528789161,541.1448330512852
round_robin,128,8,999,2,203.38080933945284,223.5806920367394,216.95321452045417
round_robin,128,8,999,3,185.99958374250323,202.26621950894472,138.3154640045297
round_robin,128,8,999,4,181.99984919497686,196.94185612546684,101.90290229172953
round_robin,128,8,999,5,185.31941352469943,199.78357071572904,80.07626650572173
round_robin,128,8,999,6,191.13733962807532,203.79359928437913,65.43006901027728
round_robin,128,8,999,7,193.48125993433115,207.26745299467188,55.37683229997804
round_robin,128,8,999,8,200.74533744485592,215.84959588568,48.89449951000339
round_robin,128,8,999,9,198.73987395933807,213.24039132185158,46.12284519002034
round_robin,128,8,999,10,190.3012861986144,200.88009533629315,48.62208916139746
fixed_cadence_random,256,8,123,1,269.44051125408953,293.63754688587693,509.32563377289097
fixed_cadence_random,256,8,123,2,202.33393367854887,219.30062293580343,200.3594968333174
fixed_cadence_random,256,8,123,3,182.89168355869168,197.9684534658434,124.9403551783702
fixed_cadence_random,256,8,123,4,181.52105886456394,194.58759859774884,91.65169654674628
fixed_cadence_random,256,8,123,5,186.68474210660105,200.53890623268038,70.87473197407245
fixed_cadence_random,256,8,123,6,191.7844888107685,204.89100962939128,56.80477169543299
fixed_cadence_random,256,8,123,7,195.7495481597118,209.0341868696612,46.885797539568955
fixed_cadence_random,256,8,123,8,199.1500608985642,212.50051875075897,40.43134196530647
fixed_cadence_random,256,8,123,9,192.61412782325067,204.3627661420008,37.460624526093845
fixed_cadence_random,256,8,123,10,185.3830510477092,196.40171135821822,40.04978462154069
fixed_cadence_random,256,8,2026,1,285.3658283642927,311.1372832578267,524.9278671671227
fixed_cadence_random,256,8,2026,2,208.12129724877408,228.26355679580738,213.4222659685924
fixed_cadence_random,256,8,2026,3,185.7041352984562,202.48061150024512,133.610959470615
fixed_cadence_random,256,8,2026,4,184.95034950760424,200.50616656891523,96.85971891682405
fixed_cadence_random,256,8,2026,5,186.72289667160973,199.88352519292837,74.96218505140894
fixed_cadence_random,256,8,2026,6,190.66050924229026,203.64085314571523,60.03565422644755
fixed_cadence_random,256,8,2026,7,196.6793697906885,210.655729604667,49.67229520162009
fixed_cadence_random,256,8,2026,8,197.72701934918584,211.82586613264323,43.09332296003448
fixed_cadence_random,256,8,2026,9,194.94742009608348,209.13918821560142,40.254686432446476
fixed_cadence_random,256,8,2026,10,184.76908615901817,196.5127039921549,43.980715078363026
fixed_cadence_random,256,8,31415,1,312.1145089350258,341.5250096145041,579.6751532009021
fixed_cadence_random,256,8,31415,2,226.1151352630187,247.4322898412285,238.62521721299083
fixed_cadence_random,256,8,31415,3,195.2460654435077,213.565144455234,149.14927878621046
fixed_cadence_random,256,8,31415,4,188.83653895622635,205.9016020327799,108.73015746303719
fixed_cadence_random,256,8,31415,5,189.80621902101745,205.25472683638952,84.78623862045792
fixed_cadence_random,256,8,31415,6,194.67137215369306,210.15139967087273,68.40092984894736
fixed_cadence_random,256,8,31415,7,195.3142887902063,211.6678995282025,56.9558632199943
fixed_cadence_random,256,8,31415,8,193.54150594627149,208.73392317352864,49.575882997216276
fixed_cadence_random,256,8,31415,9,185.83692312490794,199.83636755508664,46.28665310237639
fixed_cadence_random,256,8,31415,10,178.66157271064017,191.58259900553546,50.43344190951578
fixed_cadence_random,256,8,42,1,325.4506488866307,354.9435504782501,601.2581424952114
fixed_cadence_random,256,8,42,2,226.19024669935115,248.8445382364803,246.42034524849623
fixed_cadence_random,256,8,42,3,198.14055593120005,216.83002965234894,151.91352524037504
fixed_cadence_random,256,8,42,4,193.57139398451028,211.703663587589,110.6724016268952
fixed_cadence_random,256,8,42,5,190.35112267957433,206.5516290400795,85.83041591051216
fixed_cadence_random,256,8,42,6,193.53139333086753,208.02337943453404,69.09458054020891
fixed_cadence_random,256,8,42,7,197.7037944658786,210.69880176687022,57.336215372379435
fixed_cadence_random,256,8,42,8,200.29970807423638,214.33482536779707,49.72844636724346
fixed_cadence_random,256,8,42,9,202.25488308253338,216.21000615160727,46.8034002521625
fixed_cadence_random,256,8,42,10,182.8747986637378,193.92458960922923,51.300549792124
fixed_cadence_random,256,8,5150,1,282.1532515970938,309.1096753498117,521.6083683495348
fixed_cadence_random,256,8,5150,2,210.8726868235103,229.52910257550016,212.02679904955045
fixed_cadence_random,256,8,5150,3,186.46009365411388,202.54270740385357,132.26883905190695
fixed_cadence_random,256,8,5150,4,184.19438077545115,198.29583857106817,94.71180539702627
fixed_cadence_random,256,8,5150,5,188.97732683673507,202.55152096604525,72.10690407600832
fixed_cadence_random,256,8,5150,6,193.60937262782292,207.34698858120197,56.74649918444195
fixed_cadence_random,256,8,5150,7,201.48252846982862,215.33898052552416,46.0020167876621
fixed_cadence_random,256,8,5150,8,207.05075646374212,221.34563557099872,39.127940833853586
fixed_cadence_random,256,8,5150,9,202.6885596163091,215.3488517497344,36.16787582371105
fixed_cadence_random,256,8,5150,10,196.09100730364864,205.86073941356136,38.4288075951354
fixed_cadence_random,256,8,60486,1,283.1213686879614,308.78239548934573,522.164132278975
fixed_cadence_random,256,8,60486,2,209.18775855176162,228.47441413171845,214.74942838163298
fixed_cadence_random,256,8,60486,3,188.85913082801673,205.14906957939047,134.8464782064938
fixed_cadence_random,256,8,60486,4,186.82938390109524,201.66362800339147,99.14339623085704
fixed_cadence_random,256,8,60486,5,184.79376158326843,199.2658560746605,77.21867170419327
fixed_cadence_random,256,8,60486,6,185.79050340464596,200.609202486097,62.44191159639999
fixed_cadence_random,256,8,60486,7,191.36303391667826,205.1837635796133,52.032610138852185
fixed_cadence_random,256,8,60486,8,191.09362969493662,204.36062506043803,45.23833472678842
fixed_cadence_random,256,8,60486,9,184.97832527867448,197.0768711603173,42.221293813001175
fixed_cadence_random,256,8,60486,10,174.65581639040488,185.85716135167692,45.56814562863141
fixed_cadence_random,256,8,7,1,305.434061917276,332.5558915513967,555.9797519186105
fixed_cadence_random,256,8,7,2,222.59884122607662,242.5881466912105,235.36789180192008
fixed_cadence_random,256,8,7,3,194.27113231615942,211.93533584439416,147.7050641757394
fixed_cadence_random,256,8,7,4,188.39617599635466,205.24439686967554,106.60214781341166
fixed_cadence_random,256,8,7,5,191.8955919645676,207.68765212977905,82.27490055430758
fixed_cadence_random,256,8,7,6,194.19483650763937,209.508486339918,65.7818108018385
fixed_cadence_random,256,8,7,7,199.06649259390375,213.42376248822964,54.26651697620757
fixed_cadence_random,256,8,7,8,200.3383894849003,216.45462818468897,46.71692287412497
fixed_cadence_random,256,8,7,9,196.4021498152553,211.40653706592525,43.37901041445801
fixed_cadence_random,256,8,7,10,184.13151061290006,195.55875950636252,47.697755716139355
fixed_cadence_random,256,8,777,1,278.82673937584286,303.6633395559855,516.6505176978711
fixed_cadence_random,256,8,777,2,203.90604457721935,222.26933705736266,206.33934886394084
fixed_cadence_random,256,8,777,3,181.69026152582575,197.17596549059726,127.9974507139934
fixed_cadence_random,256,8,777,4,180.11379360809394,193.14933141340254,92.22809495913701
fixed_cadence_random,256,8,777,5,184.47715200059,197.61029427103605,70.96323627074776
fixed_cadence_random,256,8,777,6,191.39118208741266,205.62848761493353,56.53401004840148
fixed_cadence_random,256,8,777,7,190.82458715842537,204.8447061513835,46.40447955760045
fixed_cadence_random,256,8,777,8,196.01857277571293,211.39776993589746,39.663439889012
fixed_cadence_random,256,8,777,9,196.02488556529815,210.57637509412638,36.70418533938035
fixed_cadence_random,256,8,777,10,185.15830630909625,197.05626631481596,39.20209740201924
fixed_cadence_random,256,8,888,1,295.95072649334355,322.1919171746615,562.2057937546076
fixed_cadence_random,256,8,888,2,213.9664651677464,233.57300085849994,222.91018910751572
fixed_cadence_random,256,8,888,3,187.60790165930564,204.57999052211335,138.25970486895193
fixed_cadence_random,256,8,888,4,187.85126147085373,203.12933053297598,100.62872192638109
fixed_cadence_random,256,8,888,5,187.68311292201648,204.20621746951585,77.60429479857493
fixed_cadence_random,256,8,888,6,198.52980080477053,213.31520612412976,61.749197711366
fixed_cadence_random,256,8,888,7,199.23559866341438,214.2813259827471,50.6320690271722
fixed_cadence_random,256,8,888,8,202.97212337633826,217.8256638212197,43.42700569422392
fixed_cadence_random,256,8,888,9,198.95456122641312,212.80092890248176,40.415094757104946
fixed_cadence_random,256,8,888,10,187.43150122454236,198.57374600068758,44.12003402549143
fixed_cadence_random,256,8,999,1,338.50713658110186,370.2374832804386,634.3667005065053
fixed_cadence_random,256,8,999,2,251.44875579187632,274.9695231325079,269.9193796856319
fixed_cadence_random,256,8,999,3,213.900546915497,233.29394628794066,170.50891179166504
fixed_cadence_random,256,8,999,4,198.6253915160071,215.42058331725426,123.76871920224924
fixed_cadence_random,256,8,999,5,199.13382462896115,215.04005723837403,96.02412316590649
fixed_cadence_random,256,8,999,6,196.81717181190746,210.4923131224238,77.85229701841111
fixed_cadence_random,256,8,999,7,194.81720186400042,207.8911547262526,65.50870993188305
fixed_cadence_random,256,8,999,8,194.7973847811733,208.5416913322484,57.55818383506089
fixed_cadence_random,256,8,999,9,190.4556273980256,203.28900785052562,54.50064609171097
fixed_cadence_random,256,8,999,10,176.02992982738806,185.56880843232554,60.48626739970218
learned_top1,256,8,123,1,231.88663720197613,253.68744636735107,415.3556396668361
learned_top1,256,8,123,2,185.90427224767288,200.98628802650396,167.51744184227255
learned_top1,256,8,123,3,173.39528577230635,187.10617082181005,106.07763125719372
learned_top1,256,8,123,4,175.42822642248277,186.82113257103015,77.15605941836122
learned_top1,256,8,123,5,181.0247798705182,190.99011614730804,59.27095218427518
learned_top1,256,8,123,6,190.33585392785955,200.723258237456,46.86261430697722
learned_top1,256,8,123,7,193.70409065473598,206.39907191075008,38.317031997812926
learned_top1,256,8,123,8,200.53442049468947,212.88541198500417,32.784730856220484
learned_top1,256,8,123,9,200.81921367135678,212.60373983486204,30.287220304182345
learned_top1,256,8,123,10,191.14997729682713,200.4696527478353,31.96268380764879
learned_top1,256,8,2026,1,236.95644649533656,258.1554647174653,433.38587931330534
learned_top1,256,8,2026,2,190.3544169976889,207.2042245520483,171.78799712994152
learned_top1,256,8,2026,3,175.8475179396985,190.79785088494586,108.19183894867801
learned_top1,256,8,2026,4,172.61422975920706,186.26173218892595,78.4961709166012
learned_top1,256,8,2026,5,177.18655460949353,189.29045560038412,60.431058404851626
learned_top1,256,8,2026,6,185.09341833109173,195.6579680165074,48.049397799538205
learned_top1,256,8,2026,7,190.62246361332365,202.66835306067134,39.22722492203284
learned_top1,256,8,2026,8,196.66887492825674,209.29976246003824,33.63638669366775
learned_top1,256,8,2026,9,197.3329996438281,209.76853362882207,31.12095397120143
learned_top1,256,8,2026,10,185.90957916851252,195.06783127831292,32.479419451544274
learned_top1,256,8,31415,1,244.11189771226438,265.13668271580127,443.2661156600034
learned_top1,256,8,31415,2,189.75928837524594,206.5452244049142,178.26787731039624
learned_top1,256,8,31415,3,180.9403712605671,195.45863850394784,113.07854870465323
learned_top1,256,8,31415,4,177.13525654306855,189.5747594074535,82.50981131628288
learned_top1,256,8,31415,5,180.31624936157144,192.18538435816686,63.79287732124131
learned_top1,256,8,31415,6,188.19961849392337,200.1935632113606,50.9228691486996
learned_top1,256,8,31415,7,192.42911857338257,205.50023674598148,41.85018001922616
learned_top1,256,8,31415,8,195.91388175634847,209.8004772006599,35.93679464180236
learned_top1,256,8,31415,9,193.91224479387117,206.56227382879948,33.497629131238114
learned_top1,256,8,31415,10,181.2687832523365,191.45799172869818,35.67113812575261
learned_top1,256,8,42,1,235.93230714011906,257.4090268087344,430.22873064217583
learned_top1,256,8,42,2,184.74075117378518,201.17927846754813,169.75635433703624
learned_top1,256,8,42,3,175.53860905763594,189.11178032246318,107.76587996231223
learned_top1,256,8,42,4,175.9220311322137,188.0287547429644,78.91081188561715
learned_top1,256,8,42,5,182.3258948475308,194.99489086077313,60.807712670811696
learned_top1,256,8,42,6,188.0247742737392,200.26149343105624,48.22883257031374
learned_top1,256,8,42,7,193.7129253262597,206.7995358272771,39.40542861986091
learned_top1,256,8,42,8,200.0726755185636,213.8901275705545,33.731893784837766
learned_top1,256,8,42,9,193.01371107575255,206.406329956707,31.359405819192066
learned_top1,256,8,42,10,185.684645508592,196.7977308095139,32.93925039528837
learned_top1,256,8,5150,1,233.89386758440898,256.8049269653761,425.8146308850111
learned_top1,256,8,5150,2,183.69344714817043,200.39113800526926,169.86808142670702
learned_top1,256,8,5150,3,170.42230541280284,184.97830550362906,106.20697040661543
learned_top1,256,8,5150,4,171.7632374405985,185.21273847731484,76.81688918059086
learned_top1,256,8,5150,5,179.07211085268554,192.5497902252524,58.6322879205514
learned_top1,256,8,5150,6,192.75957193565898,205.06663729815088,45.96278470466278
learned_top1,256,8,5150,7,197.84654921800484,210.53603661537437,37.26347873069023
learned_top1,256,8,5150,8,204.67702801263127,217.55064294607453,31.724685525019726
learned_top1,256,8,5150,9,206.15583569526953,219.02608181676416,29.491514710474704
learned_top1,256,8,5150,10,197.33944332814468,208.25656932089964,30.905061003004928
learned_top1,256,8,60486,1,236.81361179053118,260.11669616818835,427.9020613797533
learned_top1,256,8,60486,2,184.79140688758022,202.40761716496135,173.69543765066445
learned_top1,256,8,60486,3,173.69351150494722,190.45870041122987,109.26925327076364
learned_top1,256,8,60486,4,177.81823239065056,191.74447199524909,79.18655121327564
learned_top1,256,8,60486,5,185.27242373621306,198.76092831327193,60.288406279825985
learned_top1,256,8,60486,6,194.34207462702665,207.7029841545924,47.222282807968895
learned_top1,256,8,60486,7,200.92486098545953,215.47593353980218,38.11976660467874
learned_top1,256,8,60486,8,204.61880824663382,217.82884355779885,32.373850524340774
learned_top1,256,8,60486,9,202.58559077982065,215.8432262748729,29.825858921452383
learned_top1,256,8,60486,10,196.95898803994467,208.42512157997385,31.197621326196103
learned_top1,256,8,7,1,239.94587685314607,262.5677528548093,435.2291811424731
learned_top1,256,8,7,2,188.26359403120549,206.53561457269748,173.17740808794744
learned_top1,256,8,7,3,176.01992813396578,191.24052917457993,109.19348292064878
learned_top1,256,8,7,4,180.8749182966653,196.66720041397903,78.93451380268618
learned_top1,256,8,7,5,184.98946755230517,200.15534154270426,59.76736109304996
learned_top1,256,8,7,6,197.11447393671577,212.54872200006665,46.37554833370956
learned_top1,256,8,7,7,210.44144625333251,226.03900585975143,37.083115104637756
learned_top1,256,8,7,8,221.93686474292704,238.1552828656687,31.274635448356964
learned_top1,256,8,7,9,219.3325433424159,234.82285848763033,28.908894607320377
learned_top1,256,8,7,10,206.7798202049804,219.55502710214583,30.626560017617138
learned_top1,256,8,777,1,241.04972764642662,263.3750517082749,435.0910261248903
learned_top1,256,8,777,2,185.9643072440073,203.04296474430114,174.1971774982232
learned_top1,256,8,777,3,176.94370416939586,190.2310107797239,110.48287038298301
learned_top1,256,8,777,4,175.2692356580994,187.75155909630712,80.31325473162804
learned_top1,256,8,777,5,181.79108725016425,193.99125132200848,61.57735134026842
learned_top1,256,8,777,6,191.4518183182058,203.7232135859412,48.450817528533335
learned_top1,256,8,777,7,200.1807816493733,211.99601117577254,39.237299710806425
learned_top1,256,8,777,8,203.84851379077148,216.54497549643713,33.265199574622244
learned_top1,256,8,777,9,203.91542380911866,216.04753097413086,30.682289435711006
learned_top1,256,8,777,10,194.56663895179685,205.04957665084183,32.70094615487768
learned_top1,256,8,888,1,232.5358279227305,252.96814364652886,425.6437844120395
learned_top1,256,8,888,2,183.53395717769715,199.17825229552957,168.56150422497134
learned_top1,256,8,888,3,170.5813327028975,183.2298789090656,105.78971081811387
learned_top1,256,8,888,4,175.67033294012504,186.59623701172887,77.08373622539627
learned_top1,256,8,888,5,178.56086565411147,189.63424267375376,59.3081947143337
learned_top1,256,8,888,6,183.88749119513704,195.45704880182146,47.105031065334835
learned_top1,256,8,888,7,194.40914934176234,208.00105933734733,38.39745926739246
learned_top1,256,8,888,8,200.54660587328902,213.6619901530727,32.87006279187612
learned_top1,256,8,888,9,198.06520238977254,209.4410608984128,30.658308490179266
learned_top1,256,8,888,10,187.7641603444211,198.36065668215642,32.227188294088954
learned_top1,256,8,999,1,229.74193887449732,249.0199837726359,408.6100454690549
learned_top1,256,8,999,2,183.13100376652784,198.848758229413,163.3959784582288
learned_top1,256,8,999,3,174.51338394033192,188.09930769378545,102.52232527944408
learned_top1,256,8,999,4,178.52577813818078,191.73952271533452,73.78599494293397
learned_top1,256,8,999,5,186.79445151241168,198.6705972437992,55.971616253540375
learned_top1,256,8,999,6,197.36053997872637,211.49484772799454,43.719406576263694
learned_top1,256,8,999,7,204.39940527241802,219.13563697189832,35.093042959351365
learned_top1,256,8,999,8,216.37807722380438,231.12233273337858,29.541753592475498
learned_top1,256,8,999,9,216.3949330312994,231.4756508581532,27.04644098992509
learned_top1,256,8,999,10,205.66052067385937,216.55591416308877,28.19899932955914
random,256,8,123,1,241.45677731902842,263.41631738257325,443.40264577169114
random,256,8,123,2,184.43580912426364,201.74796678486,174.96185311769202
random,256,8,123,3,175.228107595087,189.98697652393378,111.17232363971381
random,256,8,123,4,173.2533793587999,185.5330259320943,81.47625527458906
random,256,8,123,5,181.07124377257293,193.99331256205153,63.08750511079492
random,256,8,123,6,188.4213795995246,200.76871047612147,50.3260990438632
random,256,8,123,7,192.3312291305801,203.43389152921523,41.305712450262234
random,256,8,123,8,197.00254525741633,209.36400049030343,35.49355887250785
random,256,8,123,9,196.71648497337634,208.87614192503585,33.0294558890154
random,256,8,123,10,185.63841482879906,195.4289840717127,35.36922392389485
random,256,8,2026,1,362.41847547149206,393.95136886893835,651.7063921680698
random,256,8,2026,2,274.245964518498,298.9790625829063,287.7933356836401
random,256,8,2026,3,242.84229443590763,266.9546458520871,191.15071631231058
random,256,8,2026,4,224.27972308929813,246.3540777623371,142.63837694981822
random,256,8,2026,5,219.07740556331964,239.1559709021541,113.01791273866729
random,256,8,2026,6,222.90305966915383,242.69106146543385,93.15414249732517
random,256,8,2026,7,213.61575032738992,233.46561993298252,79.45745199968638
random,256,8,2026,8,215.3022235670513,233.74752542201773,70.41550538632214
random,256,8,2026,9,211.13135422068115,227.8020661180651,67.79955999196936
random,256,8,2026,10,193.87586301292828,208.72776823734327,78.89345878936255
random,256,8,31415,1,244.16807333819744,264.81159498934943,445.48052533453836
random,256,8,31415,2,188.76791952622867,205.20153047845037,174.7657038172702
random,256,8,31415,3,179.746634885978,194.55544719677638,112.4285073594472
random,256,8,31415,4,181.42933924581968,194.83129838581448,83.57456270181704
random,256,8,31415,5,185.723258754842,198.7870561827031,65.66005761133192
random,256,8,31415,6,193.91981693476743,207.78062118616367,53.11364216845735
random,256,8,31415,7,190.56069727290534,202.71536009925256,44.28120323693899
random,256,8,31415,8,192.11890980142948,203.90456730199875,38.43173622032871
random,256,8,31415,9,189.03248534052253,201.570905041973,35.98950005685989
random,256,8,31415,10,182.7307157717527,193.67054790578746,38.34124851344815
random,256,8,42,1,251.28889414067444,273.4035648025885,457.8542732771675
random,256,8,42,2,193.11868010883998,209.61263118417443,177.44799414928298
random,256,8,42,3,181.0097159587817,195.20120944007454,112.8442930529534
random,256,8,42,4,176.9743258304285,190.1235404603981,83.12102650436024
random,256,8,42,5,182.95003238948533,196.79018919015445,64.59331237786678
random,256,8,42,6,187.20489120750238,200.04847469684802,51.72965394941118
random,256,8,42,7,188.63549243357303,201.2819793759908,42.71812924267302
random,256,8,42,8,191.66034071895612,204.55994838445818,36.927800960012746
random,256,8,42,9,192.1244072160076,206.04089184529784,34.66743340788268
random,256,8,42,10,179.5907796671266,190.55140080007726,37.124451386177746
random,256,8,5150,1,239.81975917771908,260.2822607528641,432.1120238106351
random,256,8,5150,2,190.824178840681,207.06729389178176,172.58150401067178
random,256,8,5150,3,176.1930792369442,189.4846037306467,108.63763508652094
random,256,8,5150,4,180.43307027897205,193.28499569335796,78.75210030483807
random,256,8,5150,5,185.6227081536699,198.6927840012057,60.06732375997842
random,256,8,5150,6,193.83156255273153,205.23962446768093,47.166514317868284
random,256,8,5150,7,198.89827444673932,209.977186581754,38.044413209855065
random,256,8,5150,8,208.2577301882015,220.7700562406437,32.252755113434276
random,256,8,5150,9,209.7450122554156,223.4387737183958,29.795102087457256
random,256,8,5150,10,199.56717665602642,210.35376215305578,31.322778389972193
random,256,8,60486,1,229.8061337181601,251.3925097597023,422.10140996839954
random,256,8,60486,2,186.89499877981012,203.4187593371982,166.38764288635883
random,256,8,60486,3,180.42591270492937,195.60490682894485,105.97962642985256
random,256,8,60486,4,177.94166011643875,191.28632351681264,77.68673246211276
random,256,8,60486,5,186.28241518580882,200.0084308741811,59.9990914506348
random,256,8,60486,6,193.40944997763356,206.31107089132453,47.53187091304083
random,256,8,60486,7,198.97779510635803,212.8618137439339,38.6474868825316
random,256,8,60486,8,206.9081597230163,221.12987171101497,32.768003420315914
random,256,8,60486,9,205.99677795656277,219.61089232606002,30.2297147621567
random,256,8,60486,10,197.9221709078315,209.60203663624003,31.82444226825979
random,256,8,7,1,267.18744948441184,291.69334766037025,487.07750204609164
random,256,8,7,2,202.6831408228449,220.07481099147543,195.9426713679671
random,256,8,7,3,186.36548412539926,201.10049936687543,124.67487199305846
random,256,8,7,4,180.29041269183472,193.31218033155702,91.34418954310968
random,256,8,7,5,185.8651372674769,199.73145360137215,70.74537187448321
random,256,8,7,6,194.15297912609776,208.41544584630154,56.46137949011732
random,256,8,7,7,199.17066156832993,214.8800639084249,46.44202372942624
random,256,8,7,8,206.2594331769672,221.39607031409562,39.952442537339465
random,256,8,7,9,198.2927204452417,212.10574819708685,37.45731490803718
random,256,8,7,10,187.79364607845122,199.87192625203804,40.76372626954742
random,256,8,777,1,266.9647283163571,290.9369889380147,488.6553405417986
random,256,8,777,2,204.53886824286482,219.95766298239454,190.96647781186724
random,256,8,777,3,185.36341149464639,199.14927430425988,121.84291279881839
random,256,8,777,4,183.69259625777406,197.27644790397252,90.0401404433569
random,256,8,777,5,183.86641425503362,199.08939915802605,70.4048136573015
random,256,8,777,6,190.06634211265057,205.923237377945,56.79914319268325
random,256,8,777,7,195.73989901285015,211.08193949828004,47.23625556891963
random,256,8,777,8,196.55162464047288,211.1960704524695,41.02912449348991
random,256,8,777,9,191.9974025370772,205.33386693522107,38.550855456147254
random,256,8,777,10,184.53828636562355,196.60700223654655,41.75133551331502
random,256,8,888,1,236.66621063328276,258.5328955708491,436.43657385049914
random,256,8,888,2,185.97635696014345,203.50012092199339,170.96724487819097
random,256,8,888,3,177.90797603533028,193.78096555022626,108.31098824976004
random,256,8,888,4,176.8933305350151,191.4745296274501,79.36707004623298
random,256,8,888,5,182.8247350030124,198.05927962431429,61.408299718564415
random,256,8,888,6,189.25761742066524,202.97680195606907,49.060727632917754
random,256,8,888,7,195.81068799325155,209.0159583745164,40.24759374889228
random,256,8,888,8,200.91329506587948,214.97504954470344,34.5306475609701
random,256,8,888,9,197.0228527288455,210.02231565631774,32.160168673952036
random,256,8,888,10,188.71580549057737,199.85269237577447,33.68867107697698
random,256,8,999,1,249.58195734819972,270.89775148439026,462.5165852542869
random,256,8,999,2,196.008436763329,213.3875197011166,180.90421954351754
random,256,8,999,3,181.8354162397628,199.0153820225635,116.30659026352451
random,256,8,999,4,174.53546654067904,188.94509886062954,86.1889278042861
random,256,8,999,5,184.60262910919297,199.01730774363222,67.21462161857252
random,256,8,999,6,192.10807171021378,205.87589304319238,54.133537005774265
random,256,8,999,7,191.23174864909498,205.85447288071435,44.91574398812948
random,256,8,999,8,194.3697380588256,209.52454281160118,38.98191752233854
random,256,8,999,9,188.9219959305194,203.41362859367,36.50056896853382
random,256,8,999,10,182.07172442294424,194.17374541009127,39.66020518301148
round_robin,256,8,123,1,257.97906854203876,281.71154874812026,479.0742922932027
round_robin,256,8,123,2,196.31934205927044,212.45452935418737,190.37037059068
round_robin,256,8,123,3,180.71209836600113,194.58032461459973,119.14113723322593
round_robin,256,8,123,4,177.09101819511199,189.3793551815776,87.22470865475205
round_robin,256,8,123,5,180.42923118122656,191.4325817370166,67.92558772337395
round_robin,256,8,123,6,187.8625632475205,199.9917991444256,54.6562410333624
round_robin,256,8,123,7,193.6582456313679,205.82706888006683,45.32553548193956
round_robin,256,8,123,8,196.08487545710682,208.36115100016238,39.2795389693967
round_robin,256,8,123,9,192.02154980077893,202.90855767875632,36.868848571317315
round_robin,256,8,123,10,182.22289887109872,191.31797856887135,39.809390327279935
round_robin,256,8,2026,1,249.93254765153563,272.6915351630671,461.4042780080036
round_robin,256,8,2026,2,190.22514160151346,206.88300996862475,185.87908063059575
round_robin,256,8,2026,3,176.78686626210174,190.71290095231802,115.68473399699343
round_robin,256,8,2026,4,176.46083766899338,189.1320904722832,83.24320168585335
round_robin,256,8,2026,5,184.66858818307924,195.5534258731651,63.547502942321266
round_robin,256,8,2026,6,187.8357137942931,198.0249921191452,50.036017578353274
round_robin,256,8,2026,7,191.24678196993423,202.0662269593302,40.64518623106464
round_robin,256,8,2026,8,199.80519630744558,210.08707881870237,34.71774766477892
round_robin,256,8,2026,9,195.33131489096027,204.61506139445413,32.25045213235414
round_robin,256,8,2026,10,187.72618266211705,195.6997536862359,33.60451759883362
round_robin,256,8,31415,1,261.2681309963282,287.02764231128486,486.7286052610616
round_robin,256,8,31415,2,199.3251834152384,219.35565375037044,196.2003030053734
round_robin,256,8,31415,3,182.77118135357202,199.52171281818474,122.87561397472024
round_robin,256,8,31415,4,178.18416949532082,193.38111251823014,88.9247162477428
round_robin,256,8,31415,5,182.39654380041318,197.19475902073282,68.77698595720858
round_robin,256,8,31415,6,189.53383673648833,204.43725186568585,54.80345296900774
round_robin,256,8,31415,7,190.4294840134219,204.85220350263535,45.15240946741747
round_robin,256,8,31415,8,197.06593053799617,211.80594021368688,38.8347631503886
round_robin,256,8,31415,9,193.40795036149623,207.77524115949146,36.180172854231124
round_robin,256,8,31415,10,184.1712392022648,196.11651791868175,38.6237127679579
round_robin,256,8,42,1,256.66451191506496,281.91780638095025,487.01803976773095
round_robin,256,8,42,2,195.84034653145193,212.6243615644049,191.01988820972062
round_robin,256,8,42,3,178.88364058740427,193.57757098724085,119.10396505208763
round_robin,256,8,42,4,178.10427976966741,192.2760734103847,86.25974903964381
round_robin,256,8,42,5,183.34328212227962,194.99733381527227,66.35517215156715
round_robin,256,8,42,6,191.56424015932967,202.5753704401165,52.637449802904925
round_robin,256,8,42,7,193.29127248723046,205.00230684083186,43.002972667666604
round_robin,256,8,42,8,197.9083511598691,210.80143216037945,36.83639584113267
round_robin,256,8,42,9,195.99972515975705,208.2887961148598,34.17615386870607
round_robin,256,8,42,10,187.18285499327658,197.13023055015333,36.110003241321365
round_robin,256,8,5150,1,293.31695612299006,318.6678427301757,525.8709780030259
round_robin,256,8,5150,2,211.99307448744503,231.6838358218297,218.80206535571784
round_robin,256,8,5150,3,192.8517892929435,210.3788728936674,136.8128318288075
round_robin,256,8,5150,4,189.55810939152207,205.19044260115098,98.8669847180628
round_robin,256,8,5150,5,187.42620718610144,202.61634655224293,75.99458510103001
round_robin,256,8,5150,6,193.13162832166051,208.87103232443457,60.48683173382344
round_robin,256,8,5150,7,203.02825403374405,217.42500279691933,49.790376175744
round_robin,256,8,5150,8,202.21982557323264,217.6623348521142,42.92721189526412
round_robin,256,8,5150,9,198.17064280097992,213.09406703567137,40.2618957726249
round_robin,256,8,5150,10,186.49161642451386,199.19654848117452,43.23062390369731
round_robin,256,8,60486,1,255.1996914905954,279.1074593545737,471.22672857407866
round_robin,256,8,60486,2,196.5941669380129,215.68657458646214,191.03682932213258
round_robin,256,8,60486,3,181.85861409329593,198.9830441520657,121.44513623075392
round_robin,256,8,60486,4,182.95641475773445,197.9762824800936,88.34453229335573
round_robin,256,8,60486,5,189.09102028839186,203.27372275435977,67.6397612356216
round_robin,256,8,60486,6,197.20305199777476,211.39847650422655,53.462098497584265
round_robin,256,8,60486,7,203.5472192750163,217.72011899628055,43.59683484994302
round_robin,256,8,60486,8,205.7312833486127,219.8115359178252,37.22723419911139
round_robin,256,8,60486,9,200.40016117750514,213.3309689437178,34.49380255436147
round_robin,256,8,60486,10,193.30312850320956,205.1529086948337,36.60683807269164
round_robin,256,8,7,1,261.8968986942503,286.7477831222665,480.8101692760912
round_robin,256,8,7,2,197.40831192652834,215.52326145326225,193.44189891649117
round_robin,256,8,7,3,181.8359204461016,195.87202558363205,121.65595850170652
round_robin,256,8,7,4,181.91322044427906,195.6539228416876,88.65406896158393
round_robin,256,8,7,5,188.26235459091743,201.88518869215554,68.37222377935163
round_robin,256,8,7,6,194.70538240161375,208.0494492483287,54.53347217869316
round_robin,256,8,7,7,197.18294639597437,209.68118243766637,44.73053006319771
round_robin,256,8,7,8,203.23383987438217,216.85400050673553,38.4603774622263
round_robin,256,8,7,9,202.7212947434994,215.11293715176345,35.9324135332588
round_robin,256,8,7,10,189.34763286730382,198.82135131691686,37.90070392362901
round_robin,256,8,777,1,261.99028732780886,288.1306061771403,488.8689913401739
round_robin,256,8,777,2,200.62300555580646,218.41913116550546,196.24633922715412
round_robin,256,8,777,3,177.2099042583238,192.90070824814106,120.15271449211069
round_robin,256,8,777,4,177.1553886705354,190.7523828585727,85.21691498149474
round_robin,256,8,777,5,181.58755112852177,194.44077895809437,64.09392425427657
round_robin,256,8,777,6,190.24039079968085,202.77569450627024,49.8292918873574
round_robin,256,8,777,7,199.82319279753924,212.76157982982372,40.15283232539078
round_robin,256,8,777,8,207.99518979597102,221.95337777402622,33.99578373333727
round_robin,256,8,777,9,207.9924486167398,222.9391115875691,31.145728980955678
round_robin,256,8,777,10,196.40412753177918,207.16243989531614,32.751863595690445
round_robin,256,8,888,1,261.1587004708365,283.8775988854006,469.3684583615581
round_robin,256,8,888,2,195.2198120630859,213.06585742460965,188.12326926496647
round_robin,256,8,888,3,178.39081088792787,193.48974792423502,116.12469078166039
round_robin,256,8,888,4,177.34907329986143,191.3931742869697,83.63146139316217
round_robin,256,8,888,5,177.6504217615557,190.94508761474984,64.14103186289653
round_robin,256,8,888,6,187.05388514632355,199.10319361236543,50.883685153098405
round_robin,256,8,888,7,190.9173346202723,202.8803931673432,41.6406359730006
round_robin,256,8,888,8,196.7733165348213,208.7351231959589,35.75900125075885
round_robin,256,8,888,9,192.44554229845662,203.48500577245738,33.24125378208675
round_robin,256,8,888,10,186.69794569633103,196.74442690414736,34.824039094616
round_robin,256,8,999,1,254.87632322723357,279.14866091466854,466.83949643272945
round_robin,256,8,999,2,192.95449685778425,209.88929907407595,188.754146662116
round_robin,256,8,999,3,177.63381860245173,191.60754536118176,117.67441591152166
round_robin,256,8,999,4,175.73640446823825,189.0275462242378,84.62674617355395
round_robin,256,8,999,5,182.28402683612128,196.60573396877186,64.85184271866132
round_robin,256,8,999,6,188.9905236972341,202.38159426013115,51.48912877182217
round_robin,256,8,999,7,192.03799414427502,206.27212756941276,42.07907168442171
round_robin,256,8,999,8,199.790471729223,213.89994873653035,36.07334408294599
round_robin,256,8,999,9,191.18693769846448,204.39162374824207,33.30805398571323
round_robin,256,8,999,10,183.61928653702435,194.62527535412372,35.26456404179563
