method,budget_kb,F,seed,epoch,test_ppl,val_ppl
cycle_shuffle,42487,8,123,0,250.53264173522797,273.4852814650426
cycle_shuffle,42487,8,123,1,198.09124468921624,216.0245646797637
cycle_shuffle,42487,8,123,2,181.5349469037017,197.14950217776186
cycle_shuffle,42487,8,123,3,182.18526085322142,195.6441007026182
cycle_shuffle,42487,8,123,4,187.4687176755,199.76087754864378
cycle_shuffle,42487,8,123,5,193.37040019968111,206.10520609316399
cycle_shuffle,42487,8,123,6,199.23249472609882,212.30009926581275
cycle_shuffle,42487,8,123,7,206.6329488254704,218.94789009177785
cycle_shuffle,42487,8,123,8,203.17398715422283,214.32160883090157
cycle_shuffle,42487,8,123,9,200.22660463802146,209.7566620784111
cycle_shuffle,42487,8,2026,0,218.27950258039138,240.0404591244733
cycle_shuffle,42487,8,2026,1,182.64538656526491,198.97492559731816
cycle_shuffle,42487,8,2026,2,177.39259634203307,192.1665054831101
cycle_shuffle,42487,8,2026,3,185.29637191489687,198.9435626237194
cycle_shuffle,42487,8,2026,4,195.4284696925698,208.44456534990456
cycle_shuffle,42487,8,2026,5,213.97581586130505,227.19690145107504
cycle_shuffle,42487,8,2026,6,225.50825079990616,242.98792020680617
cycle_shuffle,42487,8,2026,7,241.80156594578102,260.3023091665046
cycle_shuffle,42487,8,2026,8,244.83869861521342,263.6825697648917
cycle_shuffle,42487,8,2026,9,237.22832248829857,252.99507736952083
cycle_shuffle,42487,8,31415,0,260.2995285929601,284.2928933076181
cycle_shuffle,42487,8,31415,1,204.45233656454818,222.77620457147157
cycle_shuffle,42487,8,31415,2,188.8743469607905,205.52718857747814
cycle_shuffle,42487,8,31415,3,184.1185394318177,199.04897066625765
cycle_shuffle,42487,8,31415,4,185.09470662643093,198.32070448065025
cycle_shuffle,42487,8,31415,5,188.65362131111655,201.38891630356596
cycle_shuffle,42487,8,31415,6,188.36508683606084,201.69853101143133
cycle_shuffle,42487,8,31415,7,190.87885990235648,205.14157889680365
cycle_shuffle,42487,8,31415,8,187.50287681368798,200.86606753512618
cycle_shuffle,42487,8,31415,9,182.8981694259888,193.7527449070666
cycle_shuffle,42487,8,42,0,253.1824608401011,274.56007568338595
cycle_shuffle,42487,8,42,1,196.32025222522262,213.88709673452
cycle_shuffle,42487,8,42,2,182.3658169881003,198.44336772835197
cycle_shuffle,42487,8,42,3,178.28037850652777,193.7709855232999
cycle_shuffle,42487,8,42,4,180.84726962900788,195.62233445223575
cycle_shuffle,42487,8,42,5,188.81582990777594,202.2840449857447
cycle_shuffle,42487,8,42,6,190.25296840138452,204.56951874567062
cycle_shuffle,42487,8,42,7,197.89037091244754,212.05322587993712
cycle_shuffle,42487,8,42,8,194.07150072201972,207.6668599378667
cycle_shuffle,42487,8,42,9,189.01695502331057,201.08383471837337
cycle_shuffle,42487,8,5150,0,257.47389354309513,279.8944209724895
cycle_shuffle,42487,8,5150,1,199.41112800206142,217.47049798688226
cycle_shuffle,42487,8,5150,2,185.42011931639476,203.7747314422245
cycle_shuffle,42487,8,5150,3,182.16816379369814,200.16622757256278
cycle_shuffle,42487,8,5150,4,179.800520620799,196.45929611618433
cycle_shuffle,42487,8,5150,5,183.42897780052883,199.39641234664717
cycle_shuffle,42487,8,5150,6,185.19841302428748,202.53946653671406
cycle_shuffle,42487,8,5150,7,189.75109934444,206.0020273232184
cycle_shuffle,42487,8,5150,8,187.42056858752252,201.16489313855988
cycle_shuffle,42487,8,5150,9,181.57550565209957,192.98859384947647
cycle_shuffle,42487,8,60486,0,270.4727022579615,293.8706849643955
cycle_shuffle,42487,8,60486,1,205.96671280856975,223.80042885603427
cycle_shuffle,42487,8,60486,2,186.23500360996812,202.37415728798524
cycle_shuffle,42487,8,60486,3,178.4812912116565,193.49112578281762
cycle_shuffle,42487,8,60486,4,179.2043772610011,193.78454223664988
cycle_shuffle,42487,8,60486,5,185.44488985833203,198.63165307135995
cycle_shuffle,42487,8,60486,6,185.75249916981247,197.88507866854758
cycle_shuffle,42487,8,60486,7,189.0132332084238,201.35542736505715
cycle_shuffle,42487,8,60486,8,188.42960939971573,200.158609090309
cycle_shuffle,42487,8,60486,9,182.44277933690606,191.76840164205987
cycle_shuffle,42487,8,7,0,259.75719655405953,282.7120942223387
cycle_shuffle,42487,8,7,1,201.73012361373148,220.25594633027666
cycle_shuffle,42487,8,7,2,182.90604658292972,199.50092325715215
cycle_shuffle,42487,8,7,3,177.77667216820328,192.88904334558654
cycle_shuffle,42487,8,7,4,181.0026573575292,195.3521544068834
cycle_shuffle,42487,8,7,5,186.72065880335185,200.8586645691267
cycle_shuffle,42487,8,7,6,189.38068798405223,203.30453096644962
cycle_shuffle,42487,8,7,7,192.47127451398413,205.35342231926995
cycle_shuffle,42487,8,7,8,187.10737560990773,198.29830593211275
cycle_shuffle,42487,8,7,9,183.3003989851494,193.5284962133876
cycle_shuffle,42487,8,777,0,250.1336101892701,273.41669425792196
cycle_shuffle,42487,8,777,1,199.93613280147437,217.39810241214795
cycle_shuffle,42487,8,777,2,186.4059120793935,203.8319041213016
cycle_shuffle,42487,8,777,3,182.10009952404303,199.3006390510711
cycle_shuffle,42487,8,777,4,186.8280004345224,203.92777248038632
cycle_shuffle,42487,8,777,5,194.29493258449548,209.40506111713447
cycle_shuffle,42487,8,777,6,203.8952817477385,219.4931746989871
cycle_shuffle,42487,8,777,7,209.22771038182793,224.6688991269806
cycle_shuffle,42487,8,777,8,205.77756882334077,220.36070615610498
cycle_shuffle,42487,8,777,9,202.37324796529265,214.36566873069768
cycle_shuffle,42487,8,888,0,259.2246250582419,282.953577992562
cycle_shuffle,42487,8,888,1,207.97650648769624,225.86227498562727
cycle_shuffle,42487,8,888,2,189.34331881985264,205.83064753635762
cycle_shuffle,42487,8,888,3,185.96525733241765,200.94319912012475
cycle_shuffle,42487,8,888,4,186.06553943686393,199.8693547950574
cycle_shuffle,42487,8,888,5,189.07260921264424,201.7665117271887
cycle_shuffle,42487,8,888,6,191.76888761927995,205.2661376774369
cycle_shuffle,42487,8,888,7,198.53942280212823,211.85185687565698
cycle_shuffle,42487,8,888,8,195.85573351565515,209.09130295774182
cycle_shuffle,42487,8,888,9,188.82391047926856,200.25191021519169
cycle_shuffle,42487,8,999,0,257.3010168980705,280.0106885336866
cycle_shuffle,42487,8,999,1,199.14070215977654,216.27623566834276
cycle_shuffle,42487,8,999,2,183.49848140296558,198.70755032886595
cycle_shuffle,42487,8,999,3,182.8881109334231,196.28631433278656
cycle_shuffle,42487,8,999,4,183.78513969251313,196.54130894859344
cycle_shuffle,42487,8,999,5,188.44160894148686,199.3303205430623
cycle_shuffle,42487,8,999,6,193.0943376213833,205.0280312523047
cycle_shuffle,42487,8,999,7,200.64933994358222,213.9279617911027
cycle_shuffle,42487,8,999,8,199.05315047530567,211.80314566577616
cycle_shuffle,42487,8,999,9,191.76522534244626,201.1898418779373
fixed_cadence_random,24457,4,123,0,210.87424411675659,230.07768789156623
fixed_cadence_random,24457,4,123,1,177.5307443383435,192.70718367135026
fixed_cadence_random,24457,4,123,2,178.42658683748598,192.13873776726763
fixed_cadence_random,24457,4,123,3,188.26120719181355,201.44699275966374
fixed_cadence_random,24457,4,123,4,200.47128358250686,212.33698741878246
fixed_cadence_random,24457,4,123,5,216.59916945456746,227.24562615811539
fixed_cadence_random,24457,4,123,6,229.14680781767768,241.25401417598738
fixed_cadence_random,24457,4,123,7,248.82893356660975,261.4580961914547
fixed_cadence_random,24457,4,123,8,257.6906958331518,271.50694788259165
fixed_cadence_random,24457,4,123,9,249.58145730688864,261.682569672009
fixed_cadence_random,24457,4,2026,0,211.73694615293186,231.57964233520846
fixed_cadence_random,24457,4,2026,1,179.07027537378272,194.81103698759043
fixed_cadence_random,24457,4,2026,2,178.3669432749825,192.74342899428905
fixed_cadence_random,24457,4,2026,3,186.30438421467773,199.68158673851727
fixed_cadence_random,24457,4,2026,4,199.97110530285943,212.95093061339819
fixed_cadence_random,24457,4,2026,5,217.55598735197424,230.31448222893368
fixed_cadence_random,24457,4,2026,6,232.49983794166178,247.7312069321639
fixed_cadence_random,24457,4,2026,7,248.58388071191217,265.9306883391725
fixed_cadence_random,24457,4,2026,8,251.60510475304142,269.1480950218452
fixed_cadence_random,24457,4,2026,9,245.0565337789256,259.48257896719275
fixed_cadence_random,24457,4,31415,0,210.8295814898132,231.28629365098485
fixed_cadence_random,24457,4,31415,1,177.03009376584916,192.40207084440158
fixed_cadence_random,24457,4,31415,2,177.7362704268808,191.7231887555898
fixed_cadence_random,24457,4,31415,3,189.983481075429,204.3012251979613
fixed_cadence_random,24457,4,31415,4,203.3059671427829,218.2335944238975
fixed_cadence_random,24457,4,31415,5,216.3361176891235,231.08671759145906
fixed_cadence_random,24457,4,31415,6,233.3741336487124,248.5200705622678
fixed_cadence_random,24457,4,31415,7,246.78975889526583,263.5937373036095
fixed_cadence_random,24457,4,31415,8,252.23614891160503,269.87320805759725
fixed_cadence_random,24457,4,31415,9,248.15479768512446,262.97332593854316
fixed_cadence_random,24457,4,42,0,210.8857936260182,230.66140731115848
fixed_cadence_random,24457,4,42,1,178.77357505789976,194.60872620248935
fixed_cadence_random,24457,4,42,2,182.88459040850614,198.09106637069172
fixed_cadence_random,24457,4,42,3,188.70127659933507,203.019118669253
fixed_cadence_random,24457,4,42,4,201.12251111328445,214.69880541170957
fixed_cadence_random,24457,4,42,5,222.85698882941622,235.34016784347128
fixed_cadence_random,24457,4,42,6,238.72083011198225,251.73260978695103
fixed_cadence_random,24457,4,42,7,251.25816069098988,266.0599969143628
fixed_cadence_random,24457,4,42,8,249.37409456675363,264.0592221930393
fixed_cadence_random,24457,4,42,9,246.09833355133736,258.1869425929734
fixed_cadence_random,24457,4,5150,0,211.2199272738643,231.7599784310645
fixed_cadence_random,24457,4,5150,1,176.96600991397347,193.01221337519556
fixed_cadence_random,24457,4,5150,2,178.45897610601216,193.25462347177975
fixed_cadence_random,24457,4,5150,3,191.00233876926902,206.3946867522245
fixed_cadence_random,24457,4,5150,4,199.32704599927828,214.6192978442686
fixed_cadence_random,24457,4,5150,5,218.41536017732255,232.22395884909636
fixed_cadence_random,24457,4,5150,6,232.77653407781523,247.50150991509983
fixed_cadence_random,24457,4,5150,7,246.2482435085405,264.22705134522073
fixed_cadence_random,24457,4,5150,8,249.07522903858674,267.0859709878177
fixed_cadence_random,24457,4,5150,9,243.65263873624434,259.8444358699234
fixed_cadence_random,24457,4,60486,0,216.02578214221722,235.494961231532
fixed_cadence_random,24457,4,60486,1,180.50088828158738,194.92505460637076
fixed_cadence_random,24457,4,60486,2,181.02780542499337,194.88567514673633
fixed_cadence_random,24457,4,60486,3,187.07140101738895,200.16333627893465
fixed_cadence_random,24457,4,60486,4,198.77315414135597,211.52401781910052
fixed_cadence_random,24457,4,60486,5,214.18544083588327,227.384892955741
fixed_cadence_random,24457,4,60486,6,226.03419769740105,242.078738687771
fixed_cadence_random,24457,4,60486,7,244.25638019521656,260.95819516872746
fixed_cadence_random,24457,4,60486,8,248.90531258344186,265.76873390783624
fixed_cadence_random,24457,4,60486,9,239.40436502857548,254.21923332423077
fixed_cadence_random,24457,4,7,0,211.654140440903,230.39250982698886
fixed_cadence_random,24457,4,7,1,180.6392202804418,195.57937581068492
fixed_cadence_random,24457,4,7,2,178.67054535030647,192.5988394841509
fixed_cadence_random,24457,4,7,3,189.2425304123149,202.27106289680518
fixed_cadence_random,24457,4,7,4,202.69608947825884,216.0278911037779
fixed_cadence_random,24457,4,7,5,218.43593179936784,231.36923206941924
fixed_cadence_random,24457,4,7,6,231.77231704724616,247.3222444164356
fixed_cadence_random,24457,4,7,7,249.17663490839234,266.28038242223175
fixed_cadence_random,24457,4,7,8,252.53820007120348,268.5287615185518
fixed_cadence_random,24457,4,7,9,247.29992646215823,261.94543054747146
fixed_cadence_random,24457,4,777,0,209.80453924463353,229.9214358560192
fixed_cadence_random,24457,4,777,1,177.5970914508673,192.54301249971542
fixed_cadence_random,24457,4,777,2,177.1715807858716,191.4166605499833
fixed_cadence_random,24457,4,777,3,184.08586652349763,198.07602953641535
fixed_cadence_random,24457,4,777,4,194.3078514374396,208.68303655352625
fixed_cadence_random,24457,4,777,5,212.81411241850955,228.0464084888812
fixed_cadence_random,24457,4,777,6,227.5139340277904,244.90274276094016
fixed_cadence_random,24457,4,777,7,240.57890196725887,260.2757601620449
fixed_cadence_random,24457,4,777,8,245.72938560848903,265.2012088998283
fixed_cadence_random,24457,4,777,9,240.07208874933752,256.4750696567233
fixed_cadence_random,24457,4,888,0,211.87470250758773,230.82243394039773
fixed_cadence_random,24457,4,888,1,178.92463652554852,194.06359457581627
fixed_cadence_random,24457,4,888,2,182.04784285904944,194.68326232837148
fixed_cadence_random,24457,4,888,3,189.02906468313256,201.74413239755089
fixed_cadence_random,24457,4,888,4,199.59373395229036,213.7392825701016
fixed_cadence_random,24457,4,888,5,220.6102899282645,232.96300282391064
fixed_cadence_random,24457,4,888,6,235.9155346447102,251.2106248982276
fixed_cadence_random,24457,4,888,7,248.93276676956927,265.70085082310726
fixed_cadence_random,24457,4,888,8,248.71276159824106,265.27853718055644
fixed_cadence_random,24457,4,888,9,243.10275366805766,256.96801485311886
fixed_cadence_random,24457,4,999,0,209.45038755406884,229.3847581847429
fixed_cadence_random,24457,4,999,1,176.5722605987503,191.32041246576784
fixed_cadence_random,24457,4,999,2,176.8530310397299,190.56415619290294
fixed_cadence_random,24457,4,999,3,186.01468427184903,199.64557244016328
fixed_cadence_random,24457,4,999,4,195.11582598502287,207.64240823359165
fixed_cadence_random,24457,4,999,5,213.4715995682366,226.2671985984531
fixed_cadence_random,24457,4,999,6,223.0821606529496,236.71387093528062
fixed_cadence_random,24457,4,999,7,239.64039084431107,254.4358185496504
fixed_cadence_random,24457,4,999,8,242.27670761266418,257.28425835722504
fixed_cadence_random,24457,4,999,9,237.80052047221608,251.20717936314995
fixed_cadence_random,42487,8,123,0,272.285841728842,297.38885509711685
fixed_cadence_random,42487,8,123,1,207.74121124376444,226.3013573298651
fixed_cadence_random,42487,8,123,2,189.17863610623613,206.13391379395222
fixed_cadence_random,42487,8,123,3,186.3307362832869,200.91280115813126
fixed_cadence_random,42487,8,123,4,185.90675807873367,201.7724768211085
fixed_cadence_random,42487,8,123,5,192.69825589648082,206.78484536390283
fixed_cadence_random,42487,8,123,6,196.11878530433103,210.78787784464348
fixed_cadence_random,42487,8,123,7,200.68053308989337,214.42367633939767
fixed_cadence_random,42487,8,123,8,196.79975202043585,210.31435564266957
fixed_cadence_random,42487,8,123,9,192.85269729261478,204.9488670480114
fixed_cadence_random,42487,8,2026,0,235.40937364226843,256.33521867072466
fixed_cadence_random,42487,8,2026,1,190.276801726571,205.87705440752316
fixed_cadence_random,42487,8,2026,2,187.56893265835387,200.66575692230842
fixed_cadence_random,42487,8,2026,3,188.4038513232815,200.80996612562782
fixed_cadence_random,42487,8,2026,4,197.55868787438547,210.23163526631143
fixed_cadence_random,42487,8,2026,5,215.04190843702727,227.4629983467579
fixed_cadence_random,42487,8,2026,6,224.29014102325073,236.75229273186665
fixed_cadence_random,42487,8,2026,7,236.35907159720307,249.0797853811851
fixed_cadence_random,42487,8,2026,8,237.9291352393709,252.49214758369538
fixed_cadence_random,42487,8,2026,9,233.47923225259925,246.2997014432187
fixed_cadence_random,42487,8,31415,0,275.58900104245885,301.0508242601157
fixed_cadence_random,42487,8,31415,1,211.3150141507287,230.46359276759603
fixed_cadence_random,42487,8,31415,2,188.18764341045804,205.7955636495253
fixed_cadence_random,42487,8,31415,3,184.4580075484233,199.87110356202734
fixed_cadence_random,42487,8,31415,4,184.4629886106012,198.43363139413475
fixed_cadence_random,42487,8,31415,5,190.09977864040752,203.4410709291018
fixed_cadence_random,42487,8,31415,6,190.85383767483543,204.64092685029377
fixed_cadence_random,42487,8,31415,7,195.23152117126648,209.49551557731294
fixed_cadence_random,42487,8,31415,8,191.6126621709554,206.07350255068926
fixed_cadence_random,42487,8,31415,9,185.19583870937814,197.48493800668476
fixed_cadence_random,42487,8,42,0,278.9466692976161,304.30102086093643
fixed_cadence_random,42487,8,42,1,210.37933347191768,230.06298624112253
fixed_cadence_random,42487,8,42,2,188.53378367381802,206.08735817043922
fixed_cadence_random,42487,8,42,3,183.6957473690142,200.10140545299046
fixed_cadence_random,42487,8,42,4,183.7978413995845,198.2932374384377
fixed_cadence_random,42487,8,42,5,188.77009570056444,202.14718306389847
fixed_cadence_random,42487,8,42,6,190.40224175377605,204.62705709526915
fixed_cadence_random,42487,8,42,7,193.65841945440587,207.77189693932084
fixed_cadence_random,42487,8,42,8,189.36233899943736,202.50258061309532
fixed_cadence_random,42487,8,42,9,183.43341508737421,193.87465414512812
fixed_cadence_random,42487,8,5150,0,276.06912995961017,300.73272903463476
fixed_cadence_random,42487,8,5150,1,205.39204802633947,224.438479649448
fixed_cadence_random,42487,8,5150,2,187.30213715277705,203.97702607256065
fixed_cadence_random,42487,8,5150,3,180.30380342884075,194.8280748605181
fixed_cadence_random,42487,8,5150,4,179.7408031078581,193.32875054941945
fixed_cadence_random,42487,8,5150,5,182.48651845796135,196.9584548321653
fixed_cadence_random,42487,8,5150,6,183.4183940148213,198.58748328645794
fixed_cadence_random,42487,8,5150,7,186.695897395551,202.45388250000477
fixed_cadence_random,42487,8,5150,8,185.5774313347532,201.02700510314673
fixed_cadence_random,42487,8,5150,9,179.7033443689715,192.9059886208109
fixed_cadence_random,42487,8,60486,0,291.03674897790415,316.0757626726855
fixed_cadence_random,42487,8,60486,1,219.05146924056916,240.34926931775723
fixed_cadence_random,42487,8,60486,2,197.78501939275858,216.23579749282177
fixed_cadence_random,42487,8,60486,3,191.08039623426296,208.626575379143
fixed_cadence_random,42487,8,60486,4,190.52274179672872,206.43856110345547
fixed_cadence_random,42487,8,60486,5,191.96132617478906,207.83582497901244
fixed_cadence_random,42487,8,60486,6,189.0731547002285,204.8964707437463
fixed_cadence_random,42487,8,60486,7,192.432835938733,208.0346756096028
fixed_cadence_random,42487,8,60486,8,190.24964305847058,205.1278745256876
fixed_cadence_random,42487,8,60486,9,184.5954045109536,197.67512749819005
fixed_cadence_random,42487,8,7,0,262.070480496689,284.3962290651964
fixed_cadence_random,42487,8,7,1,198.21721213497523,216.95431879899726
fixed_cadence_random,42487,8,7,2,181.5266676336258,198.5036468671248
fixed_cadence_random,42487,8,7,3,179.78273749361517,194.47626553411214
fixed_cadence_random,42487,8,7,4,181.3717057981354,195.33310504346014
fixed_cadence_random,42487,8,7,5,186.58256668641425,200.808596672384
fixed_cadence_random,42487,8,7,6,192.78431485905253,206.46263606663408
fixed_cadence_random,42487,8,7,7,198.09914591929007,211.8031647215524
fixed_cadence_random,42487,8,7,8,193.83051169422095,207.32082679309417
fixed_cadence_random,42487,8,7,9,186.4624651299938,197.9378848914326
fixed_cadence_random,42487,8,777,0,267.9008838402961,292.47167289448277
fixed_cadence_random,42487,8,777,1,207.49817931805867,226.4160915255723
fixed_cadence_random,42487,8,777,2,189.25675364844804,207.25791398196807
fixed_cadence_random,42487,8,777,3,186.01825461567046,202.7079610152082
fixed_cadence_random,42487,8,777,4,186.11288027748296,201.9437298493709
fixed_cadence_random,42487,8,777,5,194.75330218403536,210.27607647996032
fixed_cadence_random,42487,8,777,6,192.4917412034375,207.58440953938137
fixed_cadence_random,42487,8,777,7,193.9823611470185,208.63620178637186
fixed_cadence_random,42487,8,777,8,191.07736115903865,204.93588356630517
fixed_cadence_random,42487,8,777,9,184.52493827241392,197.15124488479825
fixed_cadence_random,42487,8,888,0,281.2438979983904,304.39361278037586
fixed_cadence_random,42487,8,888,1,209.3756441495084,227.56742083234576
fixed_cadence_random,42487,8,888,2,194.43816006654512,211.91620992913326
fixed_cadence_random,42487,8,888,3,189.50883895370572,205.01025631971447
fixed_cadence_random,42487,8,888,4,191.22214136834762,206.30821984043237
fixed_cadence_random,42487,8,888,5,193.1089880899801,207.1845973052722
fixed_cadence_random,42487,8,888,6,192.13834276198972,207.21950597431064
fixed_cadence_random,42487,8,888,7,197.706452334917,213.20964656446765
fixed_cadence_random,42487,8,888,8,196.49693260406525,211.40012073495797
fixed_cadence_random,42487,8,888,9,188.27543965976966,199.69819716204574
fixed_cadence_random,42487,8,999,0,266.34895549036474,290.8868987890898
fixed_cadence_random,42487,8,999,1,204.27561933652535,223.44418842591458
fixed_cadence_random,42487,8,999,2,185.99541901455626,203.20008874972083
fixed_cadence_random,42487,8,999,3,180.19516668305099,195.9420653699953
fixed_cadence_random,42487,8,999,4,180.0334932079696,194.3300762631253
fixed_cadence_random,42487,8,999,5,183.8906058594235,196.7780155601103
fixed_cadence_random,42487,8,999,6,187.34916877725922,199.4325871437354
fixed_cadence_random,42487,8,999,7,190.8852045070771,203.60830224857744
fixed_cadence_random,42487,8,999,8,190.20411716868347,201.83346577326606
fixed_cadence_random,42487,8,999,9,184.49182730961368,194.36503114331427
learned_top1,17991,0,123,0,205.527443724183,224.9777409803847
learned_top1,17991,0,123,1,173.9503246305578,189.4115194517465
learned_top1,17991,0,123,2,177.13205330256713,190.80711299501826
learned_top1,17991,0,123,3,181.24325964548623,193.3880859060523
learned_top1,17991,0,123,4,191.54313603331747,204.363547564217
learned_top1,17991,0,123,5,208.54874266385187,220.17757801892097
learned_top1,17991,0,123,6,219.08705950147993,232.16791590455009
learned_top1,17991,0,123,7,234.146305453338,247.9043363656227
learned_top1,17991,0,123,8,236.62676814334094,249.64633654196646
learned_top1,17991,0,123,9,229.88060500225663,241.25916384867028
learned_top1,17991,0,2026,0,207.4901459799475,226.64825379717558
learned_top1,17991,0,2026,1,175.677788988936,191.0357224800211
learned_top1,17991,0,2026,2,175.0633754600117,189.63982349249832
learned_top1,17991,0,2026,3,184.67136828439152,198.48387500624278
learned_top1,17991,0,2026,4,193.6918320705743,207.76020848083073
learned_top1,17991,0,2026,5,209.36281492888443,224.02717798704856
learned_top1,17991,0,2026,6,224.6041992572729,239.80027339797476
learned_top1,17991,0,2026,7,239.07954252871482,255.01419106103228
learned_top1,17991,0,2026,8,241.25410482817284,256.28701378486545
learned_top1,17991,0,2026,9,233.87899436163212,246.13545199718413
learned_top1,17991,0,31415,0,207.4017574005255,225.9277739206525
learned_top1,17991,0,31415,1,172.74639230418782,187.26902540502508
learned_top1,17991,0,31415,2,172.8937035006516,187.28082390972384
learned_top1,17991,0,31415,3,182.27515904124516,195.96417132605808
learned_top1,17991,0,31415,4,191.4799135635599,204.5644648029779
learned_top1,17991,0,31415,5,204.73549733221665,218.84585453155194
learned_top1,17991,0,31415,6,222.88412058448458,238.3838842509295
learned_top1,17991,0,31415,7,234.13609020150534,250.3122898430512
learned_top1,17991,0,31415,8,232.54671042650514,246.92159788284698
learned_top1,17991,0,31415,9,228.84629570041315,241.65994113916062
learned_top1,17991,0,42,0,205.59809882254802,225.1875059815898
learned_top1,17991,0,42,1,175.6005527123574,190.6708806123874
learned_top1,17991,0,42,2,178.46693453513012,192.92184188816526
learned_top1,17991,0,42,3,183.00552157309406,195.97130221443277
learned_top1,17991,0,42,4,194.64352540233187,206.3252524850457
learned_top1,17991,0,42,5,211.0140857224098,223.7487800712042
learned_top1,17991,0,42,6,225.67999301463357,240.88308218787947
learned_top1,17991,0,42,7,238.5839154370866,255.05087567431823
learned_top1,17991,0,42,8,240.81880597779204,256.5827007653661
learned_top1,17991,0,42,9,234.22646204617263,246.27053696039002
learned_top1,17991,0,5150,0,205.96967818964092,225.96912293941944
learned_top1,17991,0,5150,1,175.10982414097927,190.58478007465416
learned_top1,17991,0,5150,2,175.05612295618067,189.32377410580398
learned_top1,17991,0,5150,3,185.05520891349656,198.2265357539953
learned_top1,17991,0,5150,4,192.51341269051488,204.8060230371687
learned_top1,17991,0,5150,5,208.62994722067717,222.6055495916497
learned_top1,17991,0,5150,6,220.92354735515102,236.60670539390094
learned_top1,17991,0,5150,7,233.35844536065073,249.06324209673733
learned_top1,17991,0,5150,8,236.9266437919109,250.35386936072572
learned_top1,17991,0,5150,9,231.92310193708747,243.76958471658742
learned_top1,17991,0,60486,0,209.6316914734542,228.34191264335706
learned_top1,17991,0,60486,1,174.37017818765239,187.25536854258615
learned_top1,17991,0,60486,2,172.3623403623934,184.77610818781565
learned_top1,17991,0,60486,3,180.23847168002504,193.29883318166307
learned_top1,17991,0,60486,4,191.29637471204794,204.370335950696
learned_top1,17991,0,60486,5,208.11482423489088,220.07084707293603
learned_top1,17991,0,60486,6,218.60477121251463,231.27937383455787
learned_top1,17991,0,60486,7,231.2857196824012,244.80973625397112
learned_top1,17991,0,60486,8,235.95024090559772,249.9579108303389
learned_top1,17991,0,60486,9,232.39465779206154,243.27197339278462
learned_top1,17991,0,7,0,209.17000323474966,228.32837573637522
learned_top1,17991,0,7,1,175.97955189922513,190.41054051756328
learned_top1,17991,0,7,2,176.82416699071476,189.6297155236849
learned_top1,17991,0,7,3,182.54458076243756,195.84619804086228
learned_top1,17991,0,7,4,190.35208907816855,202.21789843986056
learned_top1,17991,0,7,5,207.760625164415,220.22997963286244
learned_top1,17991,0,7,6,220.5281999221808,234.9671494857958
learned_top1,17991,0,7,7,236.05203983013354,251.66206826335366
learned_top1,17991,0,7,8,239.71032626423556,255.2439514732185
learned_top1,17991,0,7,9,233.42079890982936,246.8069832517182
learned_top1,17991,0,777,0,205.12579165687902,224.5507258820582
learned_top1,17991,0,777,1,174.8839994818062,189.02247405257035
learned_top1,17991,0,777,2,172.58368964214122,186.66876404074858
learned_top1,17991,0,777,3,179.1020903733103,192.1755937035445
learned_top1,17991,0,777,4,192.28917166817817,204.1762765140343
learned_top1,17991,0,777,5,211.65818594297428,222.71209218939438
learned_top1,17991,0,777,6,221.35963802208974,233.9719663910028
learned_top1,17991,0,777,7,235.18952011393333,249.10603280292284
learned_top1,17991,0,777,8,237.19085064688795,250.71435634937765
learned_top1,17991,0,777,9,231.21312513853098,241.82597308464165
learned_top1,17991,0,888,0,207.03210240763505,226.79455408325765
learned_top1,17991,0,888,1,174.59818399425868,190.3909178556227
learned_top1,17991,0,888,2,174.3062504965137,189.26076896281026
learned_top1,17991,0,888,3,184.40671169095916,198.98685112538934
learned_top1,17991,0,888,4,194.35425365286088,207.24763796083712
learned_top1,17991,0,888,5,210.8454280270542,223.9691183431282
learned_top1,17991,0,888,6,224.57128878292795,239.60229227011286
learned_top1,17991,0,888,7,235.26488655804286,252.51872164941412
learned_top1,17991,0,888,8,240.29096710424338,257.5798827162865
learned_top1,17991,0,888,9,232.61998653605266,246.66533795962027
learned_top1,17991,0,999,0,207.308667315536,227.38149394193468
learned_top1,17991,0,999,1,174.35550315504756,189.47755289487696
learned_top1,17991,0,999,2,173.30614835727326,186.7462672143796
learned_top1,17991,0,999,3,181.16267419718403,195.14558498881135
learned_top1,17991,0,999,4,190.61657762349435,205.7214603377879
learned_top1,17991,0,999,5,208.6584588500425,223.04042282646608
learned_top1,17991,0,999,6,218.3533542019448,232.08082728090733
learned_top1,17991,0,999,7,228.53061065966946,243.73123454580752
learned_top1,17991,0,999,8,233.20325108854502,248.98491702992146
learned_top1,17991,0,999,9,227.8923724497172,241.88143344916207
learned_top1,24457,4,123,0,210.76031999096026,229.81760695628273
learned_top1,24457,4,123,1,180.55455156853506,195.72020260331115
learned_top1,24457,4,123,2,175.04304269336737,190.30543084970853
learned_top1,24457,4,123,3,184.40208903949573,200.14217374945054
learned_top1,24457,4,123,4,199.95666735784533,213.90988005174125
learned_top1,24457,4,123,5,212.7969343908729,227.66896111339813
learned_top1,24457,4,123,6,225.06781908516342,242.02189176862436
learned_top1,24457,4,123,7,237.9246076316358,254.20425265794333
learned_top1,24457,4,123,8,242.73084036251038,259.24484323043123
learned_top1,24457,4,123,9,234.97115145734537,250.3612754128107
learned_top1,24457,4,2026,0,211.1228942830396,230.33047853561038
learned_top1,24457,4,2026,1,180.87975259129442,195.49684624130848
learned_top1,24457,4,2026,2,176.84543299036812,191.50598322435425
learned_top1,24457,4,2026,3,182.68752497673114,198.30562166858172
learned_top1,24457,4,2026,4,194.0685612224248,210.4768897630417
learned_top1,24457,4,2026,5,207.85471109828092,223.45258866902103
learned_top1,24457,4,2026,6,221.2146900691506,239.08336525073125
learned_top1,24457,4,2026,7,234.8823689975029,254.92855872017367
learned_top1,24457,4,2026,8,240.8760759988933,259.8209572208022
learned_top1,24457,4,2026,9,234.26184725161514,250.7894336604394
learned_top1,24457,4,31415,0,212.45553861191127,232.27188716182098
learned_top1,24457,4,31415,1,177.719689865929,192.51750094146308
learned_top1,24457,4,31415,2,176.48508951369533,190.0887549304062
learned_top1,24457,4,31415,3,186.71500028120002,198.2120860409376
learned_top1,24457,4,31415,4,197.07044817782668,210.07697060268708
learned_top1,24457,4,31415,5,215.6743674444363,227.9309763129648
learned_top1,24457,4,31415,6,226.54823610035356,241.83248392685948
learned_top1,24457,4,31415,7,241.22176655799913,258.28924315086186
learned_top1,24457,4,31415,8,246.97583030170983,262.4465686974974
learned_top1,24457,4,31415,9,242.31521692957858,255.58229108567642
learned_top1,24457,4,42,0,211.55484888356196,232.16943759881454
learned_top1,24457,4,42,1,176.0968535186182,191.7515994242885
learned_top1,24457,4,42,2,178.00199740886046,192.46275119348078
learned_top1,24457,4,42,3,185.5153758654642,199.27912578107222
learned_top1,24457,4,42,4,197.59019546106833,211.62115168263603
learned_top1,24457,4,42,5,209.60733452470137,223.37310608546517
learned_top1,24457,4,42,6,223.69927039361917,238.75172279632207
learned_top1,24457,4,42,7,236.8472771350385,254.06205463742342
learned_top1,24457,4,42,8,240.85099275198405,256.96747039592276
learned_top1,24457,4,42,9,236.55483370517155,250.01003906036465
learned_top1,24457,4,5150,0,211.34960912295443,232.0934423626286
learned_top1,24457,4,5150,1,177.04791180256652,191.87244374592834
learned_top1,24457,4,5150,2,178.63044652092555,192.35659174212722
learned_top1,24457,4,5150,3,186.076112681294,198.59985641145565
learned_top1,24457,4,5150,4,196.72243004342033,208.74424847483957
learned_top1,24457,4,5150,5,210.28936949081995,221.75957557586386
learned_top1,24457,4,5150,6,227.55522851127418,240.778391973144
learned_top1,24457,4,5150,7,238.23563678953266,253.5922079690827
learned_top1,24457,4,5150,8,243.0452016064014,257.5167127541623
learned_top1,24457,4,5150,9,238.60610555588295,254.3016118837799
learned_top1,24457,4,60486,0,212.04310275598175,231.4154599269187
learned_top1,24457,4,60486,1,176.5950261756277,190.4638693841977
learned_top1,24457,4,60486,2,174.8670242421746,187.12438925417337
learned_top1,24457,4,60486,3,184.6307653523274,196.50398877739548
learned_top1,24457,4,60486,4,196.48076226285295,209.89849935983304
learned_top1,24457,4,60486,5,213.24108580688107,225.8800440741736
learned_top1,24457,4,60486,6,226.22545578513575,242.0098224452854
learned_top1,24457,4,60486,7,242.03530274640846,259.9423532612217
learned_top1,24457,4,60486,8,245.1305348895145,262.1808531762984
learned_top1,24457,4,60486,9,239.69808849379598,253.5634004645871
learned_top1,24457,4,7,0,211.11480605365102,230.27583416721916
learned_top1,24457,4,7,1,179.08603182894873,193.88126332033843
learned_top1,24457,4,7,2,178.55483051674082,192.62013588001463
learned_top1,24457,4,7,3,187.18218970166933,200.09725130884524
learned_top1,24457,4,7,4,196.19468998991323,209.38493811504
learned_top1,24457,4,7,5,209.53928731852753,222.48503373838628
learned_top1,24457,4,7,6,222.59806789694247,235.79871498167302
learned_top1,24457,4,7,7,238.80626261902742,252.78408968516155
learned_top1,24457,4,7,8,243.72034942217556,258.2981469808013
learned_top1,24457,4,7,9,237.1957416205235,249.87161362025498
learned_top1,24457,4,777,0,210.14985490522588,229.553915572822
learned_top1,24457,4,777,1,178.21775233243338,193.99103577446283
learned_top1,24457,4,777,2,178.15925369373232,194.0165462241716
learned_top1,24457,4,777,3,183.9416394864979,199.9477964198823
learned_top1,24457,4,777,4,195.6933604427564,210.94604742535975
learned_top1,24457,4,777,5,212.3721021199407,227.4382046905233
learned_top1,24457,4,777,6,226.3270484452657,242.5085534966273
learned_top1,24457,4,777,7,239.87844006631414,256.67324283717466
learned_top1,24457,4,777,8,244.47599447220216,261.34861629215146
learned_top1,24457,4,777,9,238.37204403655255,253.82061185662343
learned_top1,24457,4,888,0,212.2791875106944,232.2220168508916
learned_top1,24457,4,888,1,179.04860479883197,194.16347875579825
learned_top1,24457,4,888,2,177.20943631208394,191.24898685871787
learned_top1,24457,4,888,3,187.82615068554222,200.80168089550878
learned_top1,24457,4,888,4,199.83800306610812,212.2888751619047
learned_top1,24457,4,888,5,218.4271520380105,229.8125071483437
learned_top1,24457,4,888,6,232.1151713943484,244.7186629398986
learned_top1,24457,4,888,7,245.77380602993557,260.85600979488095
learned_top1,24457,4,888,8,250.65822207108866,265.52253342097026
learned_top1,24457,4,888,9,243.44428646539563,256.94781522333983
learned_top1,24457,4,999,0,211.24684426218798,230.92825426118955
learned_top1,24457,4,999,1,180.06561787372803,193.67334541322077
learned_top1,24457,4,999,2,177.9418012941478,190.08981441139596
learned_top1,24457,4,999,3,185.46451351978575,197.35609316608998
learned_top1,24457,4,999,4,199.89889956819115,211.81835081479238
learned_top1,24457,4,999,5,213.71068261258208,225.57589366124702
learned_top1,24457,4,999,6,223.9758183041357,236.36309942938252
learned_top1,24457,4,999,7,239.29868962413482,252.5728291606789
learned_top1,24457,4,999,8,245.74311786856734,258.9766968804909
learned_top1,24457,4,999,9,238.0022810549888,250.1745129672507
learned_top1,42487,8,123,0,218.07926556963474,239.0048778939305
learned_top1,42487,8,123,1,182.00249212399982,197.97098621737305
learned_top1,42487,8,123,2,181.88396927194438,197.18117750646016
learned_top1,42487,8,123,3,187.78519273200146,202.36268509499075
learned_top1,42487,8,123,4,199.1894022556837,213.6502538639889
learned_top1,42487,8,123,5,211.88762451932251,226.4610180089121
learned_top1,42487,8,123,6,229.6663741215262,244.3952345005604
learned_top1,42487,8,123,7,243.83429694595367,259.7464548754362
learned_top1,42487,8,123,8,249.47515127527305,266.3413289516072
learned_top1,42487,8,123,9,242.0321459250506,255.37520215066684
learned_top1,42487,8,2026,0,219.4336106687341,239.15135454100977
learned_top1,42487,8,2026,1,180.64839358138826,196.12934762587844
learned_top1,42487,8,2026,2,180.9426145308762,194.7527675265102
learned_top1,42487,8,2026,3,185.37796565971763,199.2897418238415
learned_top1,42487,8,2026,4,196.19696593335664,210.93157574233348
learned_top1,42487,8,2026,5,212.44938197825886,228.6065379639769
learned_top1,42487,8,2026,6,227.40998064957475,243.9570484079655
learned_top1,42487,8,2026,7,239.1125804860261,256.1455991663343
learned_top1,42487,8,2026,8,240.62838284103827,257.33880006746256
learned_top1,42487,8,2026,9,234.58784717548733,248.49222824685225
learned_top1,42487,8,31415,0,223.43682547005494,243.9238961444114
learned_top1,42487,8,31415,1,186.44232722339174,202.3063668087048
learned_top1,42487,8,31415,2,183.33598339127226,197.96155446489482
learned_top1,42487,8,31415,3,186.28094395808907,201.35577337716964
learned_top1,42487,8,31415,4,200.77818513070451,216.42228189854518
learned_top1,42487,8,31415,5,213.4025697871779,228.99762807239577
learned_top1,42487,8,31415,6,224.38162698281747,242.3517697604632
learned_top1,42487,8,31415,7,240.676245017814,261.4541313869334
learned_top1,42487,8,31415,8,242.4387727134814,263.15531520822486
learned_top1,42487,8,31415,9,241.04283608638917,258.9530648238708
learned_top1,42487,8,42,0,218.9097721331348,239.68536303360307
learned_top1,42487,8,42,1,181.78075821848574,196.9704801333602
learned_top1,42487,8,42,2,177.39671771459817,191.59578455631475
learned_top1,42487,8,42,3,187.01162009561511,200.39732837363016
learned_top1,42487,8,42,4,205.74605251100053,219.17365071756083
learned_top1,42487,8,42,5,213.5299433013738,226.5583232310675
learned_top1,42487,8,42,6,227.09235860079522,243.17616330458324
learned_top1,42487,8,42,7,243.782589968949,262.09682888724376
learned_top1,42487,8,42,8,247.35524787983826,265.5077943973579
learned_top1,42487,8,42,9,241.0723799068942,257.10846321628713
learned_top1,42487,8,5150,0,218.8046639501357,238.8400834009374
learned_top1,42487,8,5150,1,182.95052575781773,198.5946953399002
learned_top1,42487,8,5150,2,182.02048752357211,195.82787219020682
learned_top1,42487,8,5150,3,188.01647928225213,201.44710603494497
learned_top1,42487,8,5150,4,201.37584556351118,215.48887616465322
learned_top1,42487,8,5150,5,213.3377399478461,228.1984934612772
learned_top1,42487,8,5150,6,225.73043098161165,242.5339415302681
learned_top1,42487,8,5150,7,240.14493205771305,258.09382198576066
learned_top1,42487,8,5150,8,245.3158467894193,261.3183093471068
learned_top1,42487,8,5150,9,237.78418685002543,253.487241861093
learned_top1,42487,8,60486,0,222.06634939642947,243.34977442868342
learned_top1,42487,8,60486,1,184.60726492486504,200.29135766553864
learned_top1,42487,8,60486,2,179.67836589378012,194.09954406096256
learned_top1,42487,8,60486,3,187.49232993165379,200.50916744464072
learned_top1,42487,8,60486,4,197.90521714720217,212.66029010049274
learned_top1,42487,8,60486,5,214.71823797344126,229.0430678259889
learned_top1,42487,8,60486,6,227.23102347396133,244.01923024048796
learned_top1,42487,8,60486,7,242.4509716515601,262.64081251427297
learned_top1,42487,8,60486,8,249.49413445858528,269.7214782329237
learned_top1,42487,8,60486,9,241.98508458966555,258.7625494577351
learned_top1,42487,8,7,0,218.85416691830534,237.96180592452706
learned_top1,42487,8,7,1,180.80304171056312,196.1552513349471
learned_top1,42487,8,7,2,178.91316055855816,191.78339445194234
learned_top1,42487,8,7,3,189.8425468499029,202.5943851471424
learned_top1,42487,8,7,4,195.21418853008115,207.7235977480534
learned_top1,42487,8,7,5,212.6627717957875,225.75961292317265
learned_top1,42487,8,7,6,225.535778535329,240.66218362143638
learned_top1,42487,8,7,7,240.93834226703913,255.45704975347738
learned_top1,42487,8,7,8,240.99865654663088,254.98266298508617
learned_top1,42487,8,7,9,233.903747038563,247.09863107228873
learned_top1,42487,8,777,0,219.3568762956571,238.1327205921005
learned_top1,42487,8,777,1,181.96932920864793,196.945583292654
learned_top1,42487,8,777,2,178.82786558607313,193.64853255805505
learned_top1,42487,8,777,3,185.82992796707563,199.0765083601259
learned_top1,42487,8,777,4,198.62048645174931,211.89229686011453
learned_top1,42487,8,777,5,212.05497799427008,223.83318512157373
learned_top1,42487,8,777,6,224.46013707853345,239.55429752973873
learned_top1,42487,8,777,7,240.0748063504456,256.5405714404818
learned_top1,42487,8,777,8,247.1540843689599,263.2103354478792
learned_top1,42487,8,777,9,242.03502537120775,255.1210667953116
learned_top1,42487,8,888,0,222.7387732704066,242.65142373428108
learned_top1,42487,8,888,1,185.34895502317465,201.13503618583064
learned_top1,42487,8,888,2,182.30388653511994,196.93439137187278
learned_top1,42487,8,888,3,186.65947386257815,200.9619286366758
learned_top1,42487,8,888,4,196.80708913793077,210.18353864348168
learned_top1,42487,8,888,5,213.83434050795216,228.5604044304611
learned_top1,42487,8,888,6,227.3215447194517,242.28142540737178
learned_top1,42487,8,888,7,240.05468432589328,255.6507228385806
learned_top1,42487,8,888,8,243.51082005543535,259.7116464472578
learned_top1,42487,8,888,9,237.49951973342212,251.79482981681838
learned_top1,42487,8,999,0,223.38258645664595,243.01116768853555
learned_top1,42487,8,999,1,184.4590172023319,199.99906669650875
learned_top1,42487,8,999,2,179.54215892639775,194.1547026554277
learned_top1,42487,8,999,3,186.1036904938563,200.1879167579187
learned_top1,42487,8,999,4,197.74944189200767,212.74785162667402
learned_top1,42487,8,999,5,210.5726515591701,223.8081055183406
learned_top1,42487,8,999,6,221.017082132456,234.84055711041745
learned_top1,42487,8,999,7,234.69955348533608,250.2314084554565
learned_top1,42487,8,999,8,243.22841270338,258.52472794482435
learned_top1,42487,8,999,9,238.0800733272976,252.02960763568518
learned_top1_aux0,24457,4,123,0,209.14105213265813,228.23122096109765
learned_top1_aux0,24457,4,123,1,177.01009432769033,192.1360203356426
learned_top1_aux0,24457,4,123,2,174.17934970846787,189.1823703033623
learned_top1_aux0,24457,4,123,3,182.56060634659053,195.73042654238031
learned_top1_aux0,24457,4,123,4,193.4225362687248,206.14773359955808
learned_top1_aux0,24457,4,123,5,209.6560436916594,223.6314107053438
learned_top1_aux0,24457,4,123,6,222.56413325686597,238.08006682033067
learned_top1_aux0,24457,4,123,7,235.98937583025437,252.15453091749492
learned_top1_aux0,24457,4,123,8,240.6561342996069,257.73966674138404
learned_top1_aux0,24457,4,123,9,235.37265031446424,250.87456719238105
learned_top1_aux0,24457,4,2026,0,205.35807767756407,224.89879436538286
learned_top1_aux0,24457,4,2026,1,175.9315598713023,190.46575605572093
learned_top1_aux0,24457,4,2026,2,173.11725641043617,187.78526140480383
learned_top1_aux0,24457,4,2026,3,180.94524138210633,196.18463824813554
learned_top1_aux0,24457,4,2026,4,193.53624871622867,206.9428728199116
learned_top1_aux0,24457,4,2026,5,207.4885031000075,222.61178829514077
learned_top1_aux0,24457,4,2026,6,223.23006665157877,238.47209799308712
learned_top1_aux0,24457,4,2026,7,234.4139915757857,250.84706141904462
learned_top1_aux0,24457,4,2026,8,243.83472001007394,259.4812739592863
learned_top1_aux0,24457,4,2026,9,236.55042324443374,250.69671095085144
learned_top1_aux0,24457,4,31415,0,208.92464429251618,228.35956657560897
learned_top1_aux0,24457,4,31415,1,176.61488317762564,191.97062673128778
learned_top1_aux0,24457,4,31415,2,178.30016781182766,191.99590431075015
learned_top1_aux0,24457,4,31415,3,187.82974751939128,200.8753223040421
learned_top1_aux0,24457,4,31415,4,196.11761909923712,209.31589709535763
learned_top1_aux0,24457,4,31415,5,208.55476536756393,221.27748337726504
learned_top1_aux0,24457,4,31415,6,225.03016800088673,240.08476039326766
learned_top1_aux0,24457,4,31415,7,236.5386159747038,253.54141547057824
learned_top1_aux0,24457,4,31415,8,244.7770476372817,261.6080313191009
learned_top1_aux0,24457,4,31415,9,239.74052715599387,252.9271038831038
learned_top1_aux0,24457,4,42,0,209.08552205511828,228.8814302357656
learned_top1_aux0,24457,4,42,1,176.36713776520003,192.14202224610298
learned_top1_aux0,24457,4,42,2,174.60671678076633,190.06689707737704
learned_top1_aux0,24457,4,42,3,185.032672445287,198.62148309026088
learned_top1_aux0,24457,4,42,4,194.2214540201829,208.6424131523809
learned_top1_aux0,24457,4,42,5,205.00956770090303,217.6221632149627
learned_top1_aux0,24457,4,42,6,219.71634253419703,234.8739920689492
learned_top1_aux0,24457,4,42,7,232.2582117612061,248.0041848125821
learned_top1_aux0,24457,4,42,8,236.72387231357754,252.6909227785028
learned_top1_aux0,24457,4,42,9,235.49577349033885,249.8950149473563
learned_top1_aux0,24457,4,5150,0,208.71106882202335,229.52735347914134
learned_top1_aux0,24457,4,5150,1,177.2050501750053,193.34302952197848
learned_top1_aux0,24457,4,5150,2,174.85065459458608,188.86443167808415
learned_top1_aux0,24457,4,5150,3,183.9864759226591,198.0237298478781
learned_top1_aux0,24457,4,5150,4,197.4596179515372,211.44412506166583
learned_top1_aux0,24457,4,5150,5,210.82645236827847,224.51823224496036
learned_top1_aux0,24457,4,5150,6,225.3644991573558,240.75309023566132
learned_top1_aux0,24457,4,5150,7,235.49895829617645,254.0644547155437
learned_top1_aux0,24457,4,5150,8,244.1198884721478,262.91256348362094
learned_top1_aux0,24457,4,5150,9,236.67394249224157,252.9144725271071
learned_top1_aux0,24457,4,60486,0,210.04181799767093,229.32292704174733
learned_top1_aux0,24457,4,60486,1,177.30737051126138,191.81391338847823
learned_top1_aux0,24457,4,60486,2,175.3463922541256,188.81758036199827
learned_top1_aux0,24457,4,60486,3,185.35461968064715,197.65560354277648
learned_top1_aux0,24457,4,60486,4,197.54690331097186,210.63735307264508
learned_top1_aux0,24457,4,60486,5,210.58989558923437,223.74036869338772
learned_top1_aux0,24457,4,60486,6,224.91565732610138,238.07583214553392
learned_top1_aux0,24457,4,60486,7,237.0503414428343,252.64442152988207
learned_top1_aux0,24457,4,60486,8,244.83057739267247,259.9945941531727
learned_top1_aux0,24457,4,60486,9,237.84861598337588,251.08363127140805
learned_top1_aux0,24457,4,7,0,210.0262127975858,229.33957046260787
learned_top1_aux0,24457,4,7,1,176.75666800166704,191.8436311363553
learned_top1_aux0,24457,4,7,2,176.70089557070358,191.2612460458466
learned_top1_aux0,24457,4,7,3,185.95409428642853,200.15445015705507
learned_top1_aux0,24457,4,7,4,197.43938729852087,211.9079516747593
learned_top1_aux0,24457,4,7,5,213.35983388119223,226.311725983497
learned_top1_aux0,24457,4,7,6,227.660748010156,241.1528641191004
learned_top1_aux0,24457,4,7,7,240.1588613073863,256.47344865179946
learned_top1_aux0,24457,4,7,8,245.03162395311412,260.1640659922589
learned_top1_aux0,24457,4,7,9,239.3192555688231,251.60671162351963
learned_top1_aux0,24457,4,777,0,206.3625129823702,225.13781784254726
learned_top1_aux0,24457,4,777,1,177.50169570966798,192.1827968104008
learned_top1_aux0,24457,4,777,2,176.60596211142405,189.78525393204603
learned_top1_aux0,24457,4,777,3,181.90064168877956,195.167262196787
learned_top1_aux0,24457,4,777,4,190.00105810056658,202.82166077218153
learned_top1_aux0,24457,4,777,5,205.02195600114865,217.97404183869864
learned_top1_aux0,24457,4,777,6,220.39006198235708,234.07673081051394
learned_top1_aux0,24457,4,777,7,233.69019324515537,249.02338810610829
learned_top1_aux0,24457,4,777,8,241.75560244471055,257.208725841388
learned_top1_aux0,24457,4,777,9,233.92492821003648,247.35351962815005
learned_top1_aux0,24457,4,888,0,208.77424841457156,228.19101214106576
learned_top1_aux0,24457,4,888,1,177.0380196870388,192.84466624034016
learned_top1_aux0,24457,4,888,2,176.09273482639037,189.0934917390278
learned_top1_aux0,24457,4,888,3,184.83628529359157,196.38960769926007
learned_top1_aux0,24457,4,888,4,196.19804220043503,208.82320564635765
learned_top1_aux0,24457,4,888,5,211.24093342052788,224.57730507227802
learned_top1_aux0,24457,4,888,6,230.82011172972514,244.666551667936
learned_top1_aux0,24457,4,888,7,242.89201697736073,255.9439774549082
learned_top1_aux0,24457,4,888,8,244.8657091608887,257.42112646226315
learned_top1_aux0,24457,4,888,9,241.92052372717194,255.5523378362158
learned_top1_aux0,24457,4,999,0,209.91450225883042,229.0974371793634
learned_top1_aux0,24457,4,999,1,174.71832155284628,188.87382848563897
learned_top1_aux0,24457,4,999,2,172.80784436203356,184.5607595631338
learned_top1_aux0,24457,4,999,3,181.8872875988234,193.56306310401237
learned_top1_aux0,24457,4,999,4,190.948392060755,203.3599369550696
learned_top1_aux0,24457,4,999,5,210.23670033018294,222.2889223847947
learned_top1_aux0,24457,4,999,6,223.59750885016814,237.18565423463755
learned_top1_aux0,24457,4,999,7,237.0804314028933,252.91486504308463
learned_top1_aux0,24457,4,999,8,246.32740344042253,263.5963946205678
learned_top1_aux0,24457,4,999,9,239.53792746913638,254.34484491157448
learned_top1_aux0,42487,8,123,0,210.08635246684216,230.1561726123394
learned_top1_aux0,42487,8,123,1,175.8928228449714,191.46212499286213
learned_top1_aux0,42487,8,123,2,180.3051573682669,194.72702187034847
learned_top1_aux0,42487,8,123,3,183.67402633576725,196.3749782867959
learned_top1_aux0,42487,8,123,4,197.88086362679795,208.52210436416897
learned_top1_aux0,42487,8,123,5,208.12176342696065,219.577750391559
learned_top1_aux0,42487,8,123,6,221.7334361620901,234.92072362021133
learned_top1_aux0,42487,8,123,7,234.80331361643366,249.93078888338638
learned_top1_aux0,42487,8,123,8,245.41059869870608,259.98827267034557
learned_top1_aux0,42487,8,123,9,235.70048126403796,249.09990770890798
learned_top1_aux0,42487,8,2026,0,209.84482412978159,228.43193360733213
learned_top1_aux0,42487,8,2026,1,175.66377607412616,189.87073617534887
learned_top1_aux0,42487,8,2026,2,172.58653193142194,185.8593610693482
learned_top1_aux0,42487,8,2026,3,177.26127153216385,193.06596431953238
learned_top1_aux0,42487,8,2026,4,189.7725672178022,204.8678266305264
learned_top1_aux0,42487,8,2026,5,203.99618769939576,219.4712183942806
learned_top1_aux0,42487,8,2026,6,227.50970945179438,241.9231546039057
learned_top1_aux0,42487,8,2026,7,231.28125084082498,246.27944303982798
learned_top1_aux0,42487,8,2026,8,234.2495844557773,248.83358161297943
learned_top1_aux0,42487,8,2026,9,227.62859730836382,239.6436375534203
learned_top1_aux0,42487,8,31415,0,216.09963845369447,235.91567376758067
learned_top1_aux0,42487,8,31415,1,175.12871695505316,189.39969747632372
learned_top1_aux0,42487,8,31415,2,168.48036957186972,181.48055037362732
learned_top1_aux0,42487,8,31415,3,178.38081515009637,191.26039254902184
learned_top1_aux0,42487,8,31415,4,186.88094554854692,198.30057974935423
learned_top1_aux0,42487,8,31415,5,202.49092914862146,213.2063203765842
learned_top1_aux0,42487,8,31415,6,221.55316393583445,232.06200981422077
learned_top1_aux0,42487,8,31415,7,233.4374679371136,247.03023932190257
learned_top1_aux0,42487,8,31415,8,233.52140266010875,248.3164172886067
learned_top1_aux0,42487,8,31415,9,232.4454042250124,245.0232186252443
learned_top1_aux0,42487,8,42,0,207.99279532516076,226.9616880237543
learned_top1_aux0,42487,8,42,1,176.73977798226343,190.9313705233654
learned_top1_aux0,42487,8,42,2,177.22937163277987,191.72218916726902
learned_top1_aux0,42487,8,42,3,184.5795804702605,198.47459024209834
learned_top1_aux0,42487,8,42,4,194.4214852654962,208.29583201350994
learned_top1_aux0,42487,8,42,5,207.54875358724797,220.93230822236023
learned_top1_aux0,42487,8,42,6,227.92405991884877,243.26470373332404
learned_top1_aux0,42487,8,42,7,240.2358394287538,258.5493816336657
learned_top1_aux0,42487,8,42,8,244.69886834257895,261.792601647876
learned_top1_aux0,42487,8,42,9,237.4065655896515,252.58921922913242
learned_top1_aux0,42487,8,5150,0,212.51546358688876,233.04369100568698
learned_top1_aux0,42487,8,5150,1,178.00220282792327,192.86164926093238
learned_top1_aux0,42487,8,5150,2,176.62031416633843,190.27044085553354
learned_top1_aux0,42487,8,5150,3,183.00766504937286,196.90457593210826
learned_top1_aux0,42487,8,5150,4,198.89257284529145,211.98989260478243
learned_top1_aux0,42487,8,5150,5,207.14919324990916,221.8106434525242
learned_top1_aux0,42487,8,5150,6,229.88138244540795,244.56115224451096
learned_top1_aux0,42487,8,5150,7,239.5781979291797,254.19320641150952
learned_top1_aux0,42487,8,5150,8,235.761406811076,250.3586794404798
learned_top1_aux0,42487,8,5150,9,234.00146185305078,248.4214090700611
learned_top1_aux0,42487,8,60486,0,212.89695649474947,232.5900536225528
learned_top1_aux0,42487,8,60486,1,181.34052526878128,196.0715729230872
learned_top1_aux0,42487,8,60486,2,180.4622696156876,194.86681415703796
learned_top1_aux0,42487,8,60486,3,185.67915156260207,199.7542647350996
learned_top1_aux0,42487,8,60486,4,198.98669887725276,212.96388635092336
learned_top1_aux0,42487,8,60486,5,207.37147473216862,220.25115381804142
learned_top1_aux0,42487,8,60486,6,226.83967495877363,241.6140395041678
learned_top1_aux0,42487,8,60486,7,241.14766897532465,256.3687741980951
learned_top1_aux0,42487,8,60486,8,246.01301602181545,261.96763988956576
learned_top1_aux0,42487,8,60486,9,242.41408235589114,255.82601496828855
learned_top1_aux0,42487,8,7,0,215.95516319035488,234.8895009468383
learned_top1_aux0,42487,8,7,1,181.20031877950825,195.90104047630592
learned_top1_aux0,42487,8,7,2,181.88294528916126,195.5694571210885
learned_top1_aux0,42487,8,7,3,188.20044124331196,202.2869432528194
learned_top1_aux0,42487,8,7,4,197.41467342798146,211.4564288518646
learned_top1_aux0,42487,8,7,5,210.18503649247305,223.6204616933741
learned_top1_aux0,42487,8,7,6,224.96955732717524,239.69432425361694
learned_top1_aux0,42487,8,7,7,235.88653206440293,253.70607834448802
learned_top1_aux0,42487,8,7,8,240.29246434734702,256.92595748729684
learned_top1_aux0,42487,8,7,9,236.42853162838296,250.86856902005096
learned_top1_aux0,42487,8,777,0,210.1617310641712,229.5237830510891
learned_top1_aux0,42487,8,777,1,178.69889306045891,194.3273986473891
learned_top1_aux0,42487,8,777,2,182.89322842011347,197.4051519457764
learned_top1_aux0,42487,8,777,3,189.38957514387792,202.1920418168722
learned_top1_aux0,42487,8,777,4,199.7708804038259,212.55728443060843
learned_top1_aux0,42487,8,777,5,211.16570674207938,225.85560584178504
learned_top1_aux0,42487,8,777,6,229.18120798044586,242.22043279678545
learned_top1_aux0,42487,8,777,7,241.32518518307032,255.52691700260976
learned_top1_aux0,42487,8,777,8,243.00407963269222,258.3289171131202
learned_top1_aux0,42487,8,777,9,239.162772731761,251.779695269022
learned_top1_aux0,42487,8,888,0,217.9608218690671,237.7577412760605
learned_top1_aux0,42487,8,888,1,178.7751023268067,193.5661960390198
learned_top1_aux0,42487,8,888,2,179.43763075921112,193.3396044901621
learned_top1_aux0,42487,8,888,3,188.4090484075352,202.41698393518098
learned_top1_aux0,42487,8,888,4,200.89323139303116,212.8137912685339
learned_top1_aux0,42487,8,888,5,213.16912213695753,225.90964945587035
learned_top1_aux0,42487,8,888,6,229.46283834726702,241.15457271258813
learned_top1_aux0,42487,8,888,7,238.72007060240034,252.864118348449
learned_top1_aux0,42487,8,888,8,248.00813939586314,260.9499544437454
learned_top1_aux0,42487,8,888,9,239.0264062539569,250.63432594176763
learned_top1_aux0,42487,8,999,0,213.37788072444553,233.768662675065
learned_top1_aux0,42487,8,999,1,178.6943375911918,194.60565518214293
learned_top1_aux0,42487,8,999,2,176.53541126581743,190.62245268910132
learned_top1_aux0,42487,8,999,3,187.64090494559903,202.07170368382876
learned_top1_aux0,42487,8,999,4,197.91678992602328,211.44151791053662
learned_top1_aux0,42487,8,999,5,212.66222727445088,226.0209314429944
learned_top1_aux0,42487,8,999,6,227.36453893083308,242.21994464758993
learned_top1_aux0,42487,8,999,7,238.34734665665977,255.22430183786122
learned_top1_aux0,42487,8,999,8,244.39834320733235,261.8018229235474
learned_top1_aux0,42487,8,999,9,239.13196237501603,252.99815819570568
random,17991,0,123,0,204.81894885513546,224.11975750218946
random,17991,0,123,1,176.86170307917962,192.4508374713078
random,17991,0,123,2,176.14173071455502,190.69644942458828
random,17991,0,123,3,183.71102009375667,197.38293760140584
random,17991,0,123,4,191.96388453687388,206.04916708437324
random,17991,0,123,5,208.4377302767186,223.46078215040578
random,17991,0,123,6,215.2349192226543,231.37106909948716
random,17991,0,123,7,228.9085947391171,245.010845325374
random,17991,0,123,8,233.68999847304454,249.32068208865422
random,17991,0,123,9,230.89810635633793,244.55761308924357
random,17991,0,2026,0,207.89074632331946,226.92198460542923
random,17991,0,2026,1,176.7237315510646,191.48491940726313
random,17991,0,2026,2,177.69964242878305,192.17382149708254
random,17991,0,2026,3,183.47280778828258,197.58058181583075
random,17991,0,2026,4,192.87018813249267,207.72729628292558
random,17991,0,2026,5,208.57627286167153,223.35342523328768
random,17991,0,2026,6,219.99731858235705,235.68799738294203
random,17991,0,2026,7,233.66586484286415,250.48897415741376
random,17991,0,2026,8,241.4432313710722,259.12419257268664
random,17991,0,2026,9,233.67500057163446,247.50601913129267
random,17991,0,31415,0,206.87277560528358,225.44186234472681
random,17991,0,31415,1,174.5897201842598,188.44320410169496
random,17991,0,31415,2,175.11038898719346,189.46206874154677
random,17991,0,31415,3,178.26984963391143,191.0191692054391
random,17991,0,31415,4,189.92726348199008,201.48569220783511
random,17991,0,31415,5,207.80905590594767,219.82938572815627
random,17991,0,31415,6,220.295250424921,233.8909820582069
random,17991,0,31415,7,232.57126804919716,245.38581547435479
random,17991,0,31415,8,235.93768551943603,248.20091851536472
random,17991,0,31415,9,230.16593267337566,241.21945289515887
random,17991,0,42,0,206.39422875716284,226.0922003714223
random,17991,0,42,1,175.6664684774094,189.98521595406325
random,17991,0,42,2,179.05574576104925,192.87212211720467
random,17991,0,42,3,185.69808939783206,200.00580277813924
random,17991,0,42,4,195.4613206753279,207.5993314407295
random,17991,0,42,5,209.5090728478335,222.4334373682179
random,17991,0,42,6,223.89289583519277,238.440391517451
random,17991,0,42,7,237.13183426043483,252.86200488214823
random,17991,0,42,8,240.22200678500414,256.1561990409771
random,17991,0,42,9,235.738988157081,248.43180329177966
random,17991,0,5150,0,205.75259365546464,225.9148272904643
random,17991,0,5150,1,173.496369857445,188.8859413714138
random,17991,0,5150,2,176.36622823269704,190.6481487964206
random,17991,0,5150,3,184.80096876756735,198.18868161333086
random,17991,0,5150,4,194.58246697221924,208.66610870590617
random,17991,0,5150,5,212.82696636146576,227.52909556615955
random,17991,0,5150,6,223.64911241898645,239.82304005646873
random,17991,0,5150,7,237.1585666682227,254.69028755155617
random,17991,0,5150,8,237.26068441394443,253.3739928703938
random,17991,0,5150,9,230.87208054995472,244.54929842115303
random,17991,0,60486,0,207.7674901065132,227.50623307067755
random,17991,0,60486,1,173.61326987810324,187.81289674281157
random,17991,0,60486,2,176.0142497103215,189.0843502370367
random,17991,0,60486,3,183.97327905846865,196.86066267570678
random,17991,0,60486,4,191.83599051147434,203.7613374529932
random,17991,0,60486,5,207.63351654664586,220.60443715403576
random,17991,0,60486,6,217.37274158320017,233.5532376574944
random,17991,0,60486,7,231.395486406025,247.1347940144257
random,17991,0,60486,8,232.20372575247276,245.7230286845777
random,17991,0,60486,9,228.8520655063383,239.91605584651467
random,17991,0,7,0,208.1588859042689,227.96758796512324
random,17991,0,7,1,175.82759291747442,190.67104186495206
random,17991,0,7,2,176.97166798501806,190.9624780428372
random,17991,0,7,3,183.4531008241449,196.76512571779523
random,17991,0,7,4,195.02295035104464,208.74374985133545
random,17991,0,7,5,211.2529203362554,223.88971288304253
random,17991,0,7,6,222.14246850602092,234.9093021941086
random,17991,0,7,7,237.9719672959261,252.59574714699352
random,17991,0,7,8,239.2272235982331,254.78384434272377
random,17991,0,7,9,232.43939386974014,246.62193141799645
random,17991,0,777,0,205.4416265579916,224.96634655054697
random,17991,0,777,1,172.71823379304928,187.35085180919538
random,17991,0,777,2,171.9543017250654,184.96411260795887
random,17991,0,777,3,177.6374430482312,190.0958456130014
random,17991,0,777,4,190.47332137590647,202.93408508739657
random,17991,0,777,5,205.17850984087383,218.44462197910087
random,17991,0,777,6,218.49684492779193,232.25493899798835
random,17991,0,777,7,231.41755597885344,246.76594174835586
random,17991,0,777,8,235.96772217899118,250.47754512781367
random,17991,0,777,9,230.0834898138807,243.15450576367158
random,17991,0,888,0,208.28105983056716,227.90392536789926
random,17991,0,888,1,177.210780506958,192.96860828455266
random,17991,0,888,2,176.35579332593616,190.46582717040818
random,17991,0,888,3,183.3334386378251,197.9086244097736
random,17991,0,888,4,191.31132648852062,204.8142081407231
random,17991,0,888,5,209.2782927727481,222.27779612323698
random,17991,0,888,6,223.7502608785201,238.9986764816092
random,17991,0,888,7,235.4732998937896,253.63311148638067
random,17991,0,888,8,238.52378972851457,255.81143329225281
random,17991,0,888,9,233.81765020617274,248.0895167774375
random,17991,0,999,0,205.65169239904054,225.3890844583091
random,17991,0,999,1,172.34160517620847,186.88472026244077
random,17991,0,999,2,174.27494173974566,187.06268068752692
random,17991,0,999,3,179.3773257825775,192.18905003842642
random,17991,0,999,4,188.32063068916847,200.52030003061236
random,17991,0,999,5,205.08717614916938,217.26215701310863
random,17991,0,999,6,214.40983580938834,228.31381154112597
random,17991,0,999,7,226.5330593229239,241.1004633683781
random,17991,0,999,8,231.59111853148818,247.5645584391124
random,17991,0,999,9,227.1943687887307,241.42516045620812
random,24457,4,123,0,213.01566145254301,232.715052838377
random,24457,4,123,1,178.8749611515549,194.56117459398615
random,24457,4,123,2,178.16110339324402,192.45419048488012
random,24457,4,123,3,186.55385342884992,199.9797144323876
random,24457,4,123,4,195.4845022391169,207.61557128162318
random,24457,4,123,5,211.1189529138506,222.3393480189859
random,24457,4,123,6,224.19525162644436,238.38985201605874
random,24457,4,123,7,241.0776639052144,256.43539086191674
random,24457,4,123,8,244.38840142700388,260.493237519369
random,24457,4,123,9,238.2736059481157,252.35088458507462
random,24457,4,2026,0,211.0529960244929,230.60382544210952
random,24457,4,2026,1,177.76160644892676,192.4810669170129
random,24457,4,2026,2,176.0356546066513,189.94457440144728
random,24457,4,2026,3,188.37660295022224,201.53318737976483
random,24457,4,2026,4,199.08350116328808,211.79203453454357
random,24457,4,2026,5,213.29350595473184,226.6436464118979
random,24457,4,2026,6,225.33760451695437,241.79464516723195
random,24457,4,2026,7,242.49732388629772,261.39661966810587
random,24457,4,2026,8,246.30483278635845,265.0292880186361
random,24457,4,2026,9,239.71961378603416,255.25784513988515
random,24457,4,31415,0,213.80277764714455,233.9527230089084
random,24457,4,31415,1,177.6963043759402,193.15739561309528
random,24457,4,31415,2,176.5899356131621,190.84793995950736
random,24457,4,31415,3,187.89667293097014,200.8883675354484
random,24457,4,31415,4,195.2215220747772,207.32509826062858
random,24457,4,31415,5,210.147161957638,223.262607513891
random,24457,4,31415,6,227.89952909653422,242.54196946294076
random,24457,4,31415,7,240.38820520950296,256.6818253846992
random,24457,4,31415,8,244.84635800487894,260.391358376751
random,24457,4,31415,9,238.79154874355538,252.6603843420091
random,24457,4,42,0,210.01139389638516,230.22400833339918
random,24457,4,42,1,175.48790271455366,192.04385181349863
random,24457,4,42,2,176.77675143423298,191.48451110980076
random,24457,4,42,3,186.71398800515726,201.5609817112527
random,24457,4,42,4,198.0530796930704,212.18868958778611
random,24457,4,42,5,214.1657869877211,227.0570256136288
random,24457,4,42,6,227.38171301617172,242.2151187791276
random,24457,4,42,7,240.77118172930386,254.77336887604923
random,24457,4,42,8,246.24819614572985,260.8544901798661
random,24457,4,42,9,240.19356525224094,252.59465858082362
random,24457,4,5150,0,210.07594778782803,229.48884266378147
random,24457,4,5150,1,176.16763358431342,192.28101837567
random,24457,4,5150,2,176.36140927277964,190.97165965942023
random,24457,4,5150,3,183.77486084149675,197.6213725860672
random,24457,4,5150,4,195.9550783791178,210.222237862755
random,24457,4,5150,5,214.22940998838044,227.07534121557404
random,24457,4,5150,6,227.01495089285797,242.4088010282291
random,24457,4,5150,7,241.91239848700306,259.0438571958027
random,24457,4,5150,8,244.52922420974699,261.6587530842729
random,24457,4,5150,9,235.92926206180448,250.816363328553
random,24457,4,60486,0,212.0833577150232,231.60871635071067
random,24457,4,60486,1,177.52800557766957,192.14113024524477
random,24457,4,60486,2,177.476304282191,190.66138839452222
random,24457,4,60486,3,186.7046286396194,198.5189921099687
random,24457,4,60486,4,201.9573577582279,212.79723384431549
random,24457,4,60486,5,216.40750464210208,226.23209856298814
random,24457,4,60486,6,226.42775401797448,239.89491851508788
random,24457,4,60486,7,238.61037937457937,253.53683849730842
random,24457,4,60486,8,243.24041745265365,256.9702481800581
random,24457,4,60486,9,238.40318158714598,251.41331202877586
random,24457,4,7,0,210.99156594456397,230.92577668309886
random,24457,4,7,1,176.75102955297584,192.5245133383774
random,24457,4,7,2,180.20495431396344,193.91346904791197
random,24457,4,7,3,188.48778999213272,201.96069743158756
random,24457,4,7,4,197.55788675194944,210.9680609761624
random,24457,4,7,5,215.548501927458,229.3181941057706
random,24457,4,7,6,231.50936465555714,246.01537768962885
random,24457,4,7,7,244.57972043099244,261.0925897452936
random,24457,4,7,8,251.34476546696433,267.38260714396245
random,24457,4,7,9,244.05215675491976,258.51457546742006
random,24457,4,777,0,211.00796832328876,230.7356808342649
random,24457,4,777,1,178.7206509304422,194.7944518861436
random,24457,4,777,2,176.68531144286564,192.00281565545117
random,24457,4,777,3,185.0305067339676,199.15662860234008
random,24457,4,777,4,196.51088687199558,210.52035151613023
random,24457,4,777,5,209.4783364375894,223.4364177032249
random,24457,4,777,6,224.05794011305227,238.67527906185867
random,24457,4,777,7,236.05677016725792,252.4641453274528
random,24457,4,777,8,241.74685697032984,257.2224325513687
random,24457,4,777,9,237.79424682600614,251.33916841291332
random,24457,4,888,0,212.23763672143838,230.8014374554592
random,24457,4,888,1,179.58278479434313,193.87374799575474
random,24457,4,888,2,177.7770668146061,191.25841971257125
random,24457,4,888,3,188.01842680187548,200.78725030789724
random,24457,4,888,4,197.66511245434228,209.17780806537448
random,24457,4,888,5,211.85388800950793,222.71917045884538
random,24457,4,888,6,223.14709123148572,237.16263758460994
random,24457,4,888,7,236.23416993220806,252.55225814740442
random,24457,4,888,8,241.0993130856491,257.9960937390054
random,24457,4,888,9,233.38253227697973,246.51888895849652
random,24457,4,999,0,211.44226173651876,231.08313953891968
random,24457,4,999,1,182.01022568312544,195.86730898788818
random,24457,4,999,2,178.41276144633838,191.7771906561871
random,24457,4,999,3,189.5547680902772,202.25826907034454
random,24457,4,999,4,202.4238408923952,214.77069048281953
random,24457,4,999,5,217.96997417491673,229.82913957662385
random,24457,4,999,6,232.095766732578,244.47687221674974
random,24457,4,999,7,247.74670913921963,261.3480649047795
random,24457,4,999,8,248.48167558930683,263.09385740012635
random,24457,4,999,9,243.2030123849205,254.88123063223813
random,42487,8,123,0,244.53891009176021,265.87860025124724
random,42487,8,123,1,196.93852774489844,214.2056346514657
random,42487,8,123,2,182.22832122035578,198.07320140250158
random,42487,8,123,3,180.63459363324122,196.21876774912806
random,42487,8,123,4,184.8955871764172,200.19427555834727
random,42487,8,123,5,195.0189399201781,208.0132189222756
random,42487,8,123,6,201.4215990926563,214.26981881446903
random,42487,8,123,7,207.11057277519626,219.84289740926903
random,42487,8,123,8,209.56213576999033,221.28900155155338
random,42487,8,123,9,203.8963977939913,214.296387060247
random,42487,8,2026,0,221.17610956200537,241.5478611937535
random,42487,8,2026,1,179.68310196813053,194.62954003318146
random,42487,8,2026,2,176.07023436936316,189.61262729522403
random,42487,8,2026,3,183.5511118136554,197.76132554876912
random,42487,8,2026,4,193.65063326653177,207.8038570986451
random,42487,8,2026,5,210.0018226319661,224.3986927129002
random,42487,8,2026,6,222.27111388485798,238.5868248762599
random,42487,8,2026,7,235.45389659284257,252.1250485728704
random,42487,8,2026,8,237.5157757457757,252.6725028867736
random,42487,8,2026,9,232.34997594512546,245.74502997077147
random,42487,8,31415,0,252.09473742276012,275.2286406814117
random,42487,8,31415,1,199.0231880080482,216.6990259311237
random,42487,8,31415,2,185.60203175767882,201.509026398432
random,42487,8,31415,3,183.03098238396336,196.472429303383
random,42487,8,31415,4,186.80643674911013,199.72230633805833
random,42487,8,31415,5,193.28096848284056,206.58475178262174
random,42487,8,31415,6,194.29814178001809,209.44661031212812
random,42487,8,31415,7,198.63315725322786,214.0076994130651
random,42487,8,31415,8,195.61470482370555,208.56291825316868
random,42487,8,31415,9,190.87790230221526,200.89171030902068
random,42487,8,42,0,222.1388848609443,243.60825317594248
random,42487,8,42,1,182.57869570416378,199.42684642580426
random,42487,8,42,2,181.0810862452013,196.97854082764812
random,42487,8,42,3,191.9425341043144,207.90004016415966
random,42487,8,42,4,204.86070296829286,218.94435619451374
random,42487,8,42,5,223.05472056561646,235.87894117813946
random,42487,8,42,6,230.48753031706522,245.14258041088038
random,42487,8,42,7,245.69740145726743,262.0248835533409
random,42487,8,42,8,252.33113799898047,267.4810212020698
random,42487,8,42,9,248.14500040072198,260.4962772365962
random,42487,8,5150,0,238.34807155296735,259.6708665131369
random,42487,8,5150,1,189.80597564192487,206.44474604762942
random,42487,8,5150,2,185.17423784002278,200.2971548053925
random,42487,8,5150,3,185.94389679140758,199.2269744602864
random,42487,8,5150,4,197.70672961094346,212.13152803474435
random,42487,8,5150,5,210.611867825355,226.21682039540357
random,42487,8,5150,6,223.84573511164723,241.70285381317703
random,42487,8,5150,7,230.54916109890692,248.847714045998
random,42487,8,5150,8,231.64364800362839,250.71025333942953
random,42487,8,5150,9,223.73008257235085,240.37282338658147
random,42487,8,60486,0,259.07328173668026,283.91890687893533
random,42487,8,60486,1,197.50006964879756,217.2469285424135
random,42487,8,60486,2,184.00021343285044,202.22022629850025
random,42487,8,60486,3,182.5596385392936,197.83251346858088
random,42487,8,60486,4,183.7034233223892,197.0100008051101
random,42487,8,60486,5,189.09918537872753,202.65217018682776
random,42487,8,60486,6,192.99003759197674,206.93518910750393
random,42487,8,60486,7,201.30400295828386,213.93752773596597
random,42487,8,60486,8,202.70762562960806,215.38210434563732
random,42487,8,60486,9,196.64317721348695,207.03033680812248
random,42487,8,7,0,219.30088685798174,238.78566303920996
random,42487,8,7,1,184.9555565671597,198.73853547450722
random,42487,8,7,2,183.7964332468578,196.77671432221902
random,42487,8,7,3,187.3099675563853,200.95325565640883
random,42487,8,7,4,197.69992061642915,210.8409944293924
random,42487,8,7,5,212.38743822809488,225.42804406870204
random,42487,8,7,6,231.092868865314,246.57420546760468
random,42487,8,7,7,248.49024451401027,263.85539508435585
random,42487,8,7,8,250.7447376124565,264.8246704212449
random,42487,8,7,9,240.286234721952,252.04434563156315
random,42487,8,777,0,254.90714481047706,276.61212525572097
random,42487,8,777,1,200.18373110821162,217.99063334780826
random,42487,8,777,2,186.93937306762072,203.11838112300632
random,42487,8,777,3,186.87661506579767,202.26909659291533
random,42487,8,777,4,188.65885325584247,202.4263083403117
random,42487,8,777,5,192.75718834146215,206.04106702332672
random,42487,8,777,6,195.39812422903665,207.86941267658716
random,42487,8,777,7,199.13358046063567,211.80445956557128
random,42487,8,777,8,198.5384538192278,211.4721066395154
random,42487,8,777,9,192.70064879998847,203.77043778998544
random,42487,8,888,0,259.5215599841954,282.7272782934181
random,42487,8,888,1,201.01395440236308,218.6932331912742
random,42487,8,888,2,183.87790584654076,200.60832622534764
random,42487,8,888,3,181.56780875280882,196.67273783094402
random,42487,8,888,4,183.34739921960963,197.34244727587495
random,42487,8,888,5,189.66645368997203,201.7071209208819
random,42487,8,888,6,193.58220758610432,206.5565323020722
random,42487,8,888,7,196.09062071821862,210.92502296137593
random,42487,8,888,8,193.003748230684,205.84696014546046
random,42487,8,888,9,188.6922924455504,199.8017706074947
random,42487,8,999,0,261.4595009154573,284.691956446599
random,42487,8,999,1,202.6029292528873,220.52231107915733
random,42487,8,999,2,190.37890535428446,205.24339695501882
random,42487,8,999,3,184.48605743496452,198.48815280457427
random,42487,8,999,4,183.6485025651568,196.74429149189976
random,42487,8,999,5,190.15530210023357,203.3355679486481
random,42487,8,999,6,194.25952050641607,207.58269693717693
random,42487,8,999,7,198.71588115264106,213.08207821354586
random,42487,8,999,8,198.61600808981277,210.87265642038344
random,42487,8,999,9,194.1004447280401,204.55404811179787
round_robin,17991,0,123,0,204.81894885513546,224.11975750218946
round_robin,17991,0,123,1,176.86170307917962,192.4508374713078
round_robin,17991,0,123,2,176.14173071455502,190.69644942458828
round_robin,17991,0,123,3,183.71102009375667,197.38293760140584
round_robin,17991,0,123,4,191.96388453687388,206.04916708437324
round_robin,17991,0,123,5,208.4377302767186,223.46078215040578
round_robin,17991,0,123,6,215.2349192226543,231.37106909948716
round_robin,17991,0,123,7,228.9085947391171,245.010845325374
round_robin,17991,0,123,8,233.68999847304454,249.32068208865422
round_robin,17991,0,123,9,230.89810635633793,244.55761308924357
round_robin,17991,0,2026,0,207.89074632331946,226.92198460542923
round_robin,17991,0,2026,1,176.7237315510646,191.48491940726313
round_robin,17991,0,2026,2,177.69964242878305,192.17382149708254
round_robin,17991,0,2026,3,183.47280778828258,197.58058181583075
round_robin,17991,0,2026,4,192.87018813249267,207.72729628292558
round_robin,17991,0,2026,5,208.57627286167153,223.35342523328768
round_robin,17991,0,2026,6,219.99731858235705,235.68799738294203
round_robin,17991,0,2026,7,233.66586484286415,250.48897415741376
round_robin,17991,0,2026,8,241.4432313710722,259.12419257268664
round_robin,17991,0,2026,9,233.67500057163446,247.50601913129267
round_robin,17991,0,31415,0,206.87277560528358,225.44186234472681
round_robin,17991,0,31415,1,174.5897201842598,188.44320410169496
round_robin,17991,0,31415,2,175.11038898719346,189.46206874154677
round_robin,17991,0,31415,3,178.26984963391143,191.0191692054391
round_robin,17991,0,31415,4,189.92726348199008,201.48569220783511
round_robin,17991,0,31415,5,207.80905590594767,219.82938572815627
round_robin,17991,0,31415,6,220.295250424921,233.8909820582069
round_robin,17991,0,31415,7,232.57126804919716,245.38581547435479
round_robin,17991,0,31415,8,235.93768551943603,248.20091851536472
round_robin,17991,0,31415,9,230.16593267337566,241.21945289515887
round_robin,17991,0,42,0,206.39422875716284,226.0922003714223
round_robin,17991,0,42,1,175.6664684774094,189.98521595406325
round_robin,17991,0,42,2,179.05574576104925,192.87212211720467
round_robin,17991,0,42,3,185.69808939783206,200.00580277813924
round_robin,17991,0,42,4,195.4613206753279,207.5993314407295
round_robin,17991,0,42,5,209.5090728478335,222.4334373682179
round_robin,17991,0,42,6,223.89289583519277,238.440391517451
round_robin,17991,0,42,7,237.13183426043483,252.86200488214823
round_robin,17991,0,42,8,240.22200678500414,256.1561990409771
round_robin,17991,0,42,9,235.738988157081,248.43180329177966
round_robin,17991,0,5150,0,205.75259365546464,225.9148272904643
round_robin,17991,0,5150,1,173.496369857445,188.8859413714138
round_robin,17991,0,5150,2,176.36622823269704,190.6481487964206
round_robin,17991,0,5150,3,184.80096876756735,198.18868161333086
round_robin,17991,0,5150,4,194.58246697221924,208.66610870590617
round_robin,17991,0,5150,5,212.82696636146576,227.52909556615955
round_robin,17991,0,5150,6,223.64911241898645,239.82304005646873
round_robin,17991,0,5150,7,237.1585666682227,254.69028755155617
round_robin,17991,0,5150,8,237.26068441394443,253.3739928703938
round_robin,17991,0,5150,9,230.87208054995472,244.54929842115303
round_robin,17991,0,60486,0,207.7674901065132,227.50623307067755
round_robin,17991,0,60486,1,173.61326987810324,187.81289674281157
round_robin,17991,0,60486,2,176.0142497103215,189.0843502370367
round_robin,17991,0,60486,3,183.97327905846865,196.86066267570678
round_robin,17991,0,60486,4,191.83599051147434,203.7613374529932
round_robin,17991,0,60486,5,207.63351654664586,220.60443715403576
round_robin,17991,0,60486,6,217.37274158320017,233.5532376574944
round_robin,17991,0,60486,7,231.395486406025,247.1347940144257
round_robin,17991,0,60486,8,232.20372575247276,245.7230286845777
round_robin,17991,0,60486,9,228.8520655063383,239.91605584651467
round_robin,17991,0,7,0,207.92557637017867,227.7831109084955
round_robin,17991,0,7,1,175.64828271116855,190.6876267333218
round_robin,17991,0,7,2,175.9660303431687,190.0251079747685
round_robin,17991,0,7,3,181.2397163157672,195.56976943688878
round_robin,17991,0,7,4,188.7197891458987,202.8061170494185
round_robin,17991,0,7,5,206.9452954295376,220.4477809470491
round_robin,17991,0,7,6,221.9901167147114,237.2812399546904
round_robin,17991,0,7,7,235.075715520781,250.93959816481976
round_robin,17991,0,7,8,237.91534675416196,254.2700060512808
round_robin,17991,0,7,9,231.52308802710803,245.8438837447733
round_robin,17991,0,777,0,205.4416265579916,224.96634655054697
round_robin,17991,0,777,1,172.71823379304928,187.35085180919538
round_robin,17991,0,777,2,171.9543017250654,184.96411260795887
round_robin,17991,0,777,3,177.6374430482312,190.0958456130014
round_robin,17991,0,777,4,190.47332137590647,202.93408508739657
round_robin,17991,0,777,5,205.17850984087383,218.44462197910087
round_robin,17991,0,777,6,218.49684492779193,232.25493899798835
round_robin,17991,0,777,7,231.41755597885344,246.76594174835586
round_robin,17991,0,777,8,235.96772217899118,250.47754512781367
round_robin,17991,0,777,9,230.0834898138807,243.15450576367158
round_robin,17991,0,888,0,208.28105983056716,227.90392536789926
round_robin,17991,0,888,1,177.210780506958,192.96860828455266
round_robin,17991,0,888,2,176.35579332593616,190.46582717040818
round_robin,17991,0,888,3,183.3334386378251,197.9086244097736
round_robin,17991,0,888,4,191.31132648852062,204.8142081407231
round_robin,17991,0,888,5,209.2782927727481,222.27779612323698
round_robin,17991,0,888,6,223.7502608785201,238.9986764816092
round_robin,17991,0,888,7,235.4732998937896,253.63311148638067
round_robin,17991,0,888,8,238.52378972851457,255.81143329225281
round_robin,17991,0,888,9,233.81765020617274,248.0895167774375
round_robin,17991,0,999,0,205.65169239904054,225.3890844583091
round_robin,17991,0,999,1,172.34160517620847,186.88472026244077
round_robin,17991,0,999,2,174.27494173974566,187.06268068752692
round_robin,17991,0,999,3,179.3773257825775,192.18905003842642
round_robin,17991,0,999,4,188.32063068916847,200.52030003061236
round_robin,17991,0,999,5,205.08717614916938,217.26215701310863
round_robin,17991,0,999,6,214.40983580938834,228.31381154112597
round_robin,17991,0,999,7,226.5330593229239,241.1004633683781
round_robin,17991,0,999,8,231.59111853148818,247.5645584391124
round_robin,17991,0,999,9,227.1943687887307,241.42516045620812
round_robin,24457,4,123,0,210.08797719220047,230.748184392188
round_robin,24457,4,123,1,177.03220414159864,193.09693665378302
round_robin,24457,4,123,2,175.1967834871818,191.19418244231196
round_robin,24457,4,123,3,186.2368013352971,202.04215022135392
round_robin,24457,4,123,4,195.11190824449713,209.9495520319369
round_robin,24457,4,123,5,212.79509942119867,226.178355286015
round_robin,24457,4,123,6,225.1244455421223,239.45044441341844
round_robin,24457,4,123,7,236.03284704131394,252.27477240682532
round_robin,24457,4,123,8,239.5493901149986,256.09976860124004
round_robin,24457,4,123,9,233.1261854219207,246.684280926036
round_robin,24457,4,2026,0,209.8593714348894,229.11721498829428
round_robin,24457,4,2026,1,178.5543661737808,192.89947777285977
round_robin,24457,4,2026,2,177.29154321491066,191.17695237400233
round_robin,24457,4,2026,3,186.7250717167114,200.6031490553464
round_robin,24457,4,2026,4,196.79248851201754,210.18386673328948
round_robin,24457,4,2026,5,211.96422102021538,226.0076165169045
round_robin,24457,4,2026,6,224.87070231640382,240.82339710002614
round_robin,24457,4,2026,7,240.62632426931162,257.04212843804964
round_robin,24457,4,2026,8,244.56402364226446,261.38173458625516
round_robin,24457,4,2026,9,237.34694867161457,251.60065406910132
round_robin,24457,4,31415,0,215.00986665216692,236.42264052486829
round_robin,24457,4,31415,1,176.96891302997227,193.10725202420642
round_robin,24457,4,31415,2,177.65737597445695,191.41069335228994
round_robin,24457,4,31415,3,185.2769516469111,199.31458352972294
round_robin,24457,4,31415,4,195.15292606308347,209.8217576839638
round_robin,24457,4,31415,5,211.18322950942465,226.5593943753902
round_robin,24457,4,31415,6,224.11659440289202,241.59086590432804
round_robin,24457,4,31415,7,237.24569881627707,254.48439531635327
round_robin,24457,4,31415,8,238.20371075787057,254.79360502291848
round_robin,24457,4,31415,9,233.76813103450166,248.0261236853242
round_robin,24457,4,42,0,211.59482885921344,232.27989933760273
round_robin,24457,4,42,1,177.626758548153,192.98440332432864
round_robin,24457,4,42,2,176.87763446220683,191.47160539629783
round_robin,24457,4,42,3,183.4350828646477,196.7507453609468
round_robin,24457,4,42,4,193.99380480828663,206.53168547587325
round_robin,24457,4,42,5,211.29722475253908,222.9863483931265
round_robin,24457,4,42,6,223.66927804492138,238.17573548906924
round_robin,24457,4,42,7,237.05884102303375,252.49613891052846
round_robin,24457,4,42,8,239.2586185824204,253.85926596698982
round_robin,24457,4,42,9,233.58138306774813,246.38081268069408
round_robin,24457,4,5150,0,209.37553676066915,229.66262149728166
round_robin,24457,4,5150,1,174.75491903864034,190.33426159753472
round_robin,24457,4,5150,2,177.1211827325499,191.70351878120456
round_robin,24457,4,5150,3,186.51160196220277,200.2549541292457
round_robin,24457,4,5150,4,197.6146406960785,212.49304067416813
round_robin,24457,4,5150,5,210.36458659332058,224.50564512820114
round_robin,24457,4,5150,6,221.40867391962337,236.6393251594332
round_robin,24457,4,5150,7,237.34892307523197,252.79700906358093
round_robin,24457,4,5150,8,239.74377513114692,255.85411272969716
round_robin,24457,4,5150,9,235.44918305395566,249.00985282325203
round_robin,24457,4,60486,0,212.98105747827603,232.07868916403092
round_robin,24457,4,60486,1,176.16204992578182,191.36693097755614
round_robin,24457,4,60486,2,177.00989714639408,190.77195009140706
round_robin,24457,4,60486,3,187.87603081872493,201.5530499265052
round_robin,24457,4,60486,4,197.36184406266122,209.66645609874496
round_robin,24457,4,60486,5,211.8168933727117,223.4547609024551
round_robin,24457,4,60486,6,222.57871948786132,238.2046035684329
round_robin,24457,4,60486,7,232.9638166356471,250.1174492671623
round_robin,24457,4,60486,8,236.35218439319058,251.66218034055532
round_robin,24457,4,60486,9,230.14205877328297,242.39230500164754
round_robin,24457,4,7,0,209.16629947600964,228.20922929686483
round_robin,24457,4,7,1,176.14684788289074,190.76859978336054
round_robin,24457,4,7,2,177.33973071015205,191.89613125529823
round_robin,24457,4,7,3,189.33726293103706,202.7102133575284
round_robin,24457,4,7,4,201.58934382444923,214.470503955318
round_robin,24457,4,7,5,215.13501075350905,227.44776187878475
round_robin,24457,4,7,6,226.81358582907862,240.04512504311396
round_robin,24457,4,7,7,240.67716409098068,255.0458435033517
round_robin,24457,4,7,8,242.21345975139158,256.14917005021516
round_robin,24457,4,7,9,237.49150681667456,250.05170897701788
round_robin,24457,4,777,0,209.35935355659876,229.39298240797018
round_robin,24457,4,777,1,179.2555404542883,194.38559592883433
round_robin,24457,4,777,2,175.97636885286366,189.30295201388196
round_robin,24457,4,777,3,188.28477742521062,201.7361552903761
round_robin,24457,4,777,4,195.29318549797074,210.3104180466814
round_robin,24457,4,777,5,209.7028541975103,224.23021831878395
round_robin,24457,4,777,6,224.38038801952078,239.62122423890878
round_robin,24457,4,777,7,238.41647481641166,255.3196937618846
round_robin,24457,4,777,8,243.2273825272022,259.2655989855118
round_robin,24457,4,777,9,236.95320494922262,250.60324691903307
round_robin,24457,4,888,0,211.3726261771544,231.56756977869475
round_robin,24457,4,888,1,175.97105567711006,191.63208118071
round_robin,24457,4,888,2,173.56511988462265,187.60218544988803
round_robin,24457,4,888,3,183.57251083789285,195.37921933167777
round_robin,24457,4,888,4,193.68903879906424,205.66668121932113
round_robin,24457,4,888,5,210.8835281214865,221.1658664934726
round_robin,24457,4,888,6,224.0253466668714,236.10103159993622
round_robin,24457,4,888,7,236.8558529541242,249.11069788134193
round_robin,24457,4,888,8,239.4980303744387,252.3099790116128
round_robin,24457,4,888,9,232.5531177283081,244.74793650580233
round_robin,24457,4,999,0,212.9837961288128,233.6970050265832
round_robin,24457,4,999,1,176.6920480411111,191.45026545980667
round_robin,24457,4,999,2,176.47165498293077,189.41689773622144
round_robin,24457,4,999,3,183.78205258930657,197.8411078289332
round_robin,24457,4,999,4,193.80012858041246,208.06331043210827
round_robin,24457,4,999,5,209.3042553108401,222.93504994633884
round_robin,24457,4,999,6,218.16115381034584,232.98629524652225
round_robin,24457,4,999,7,233.37455072077057,248.72305506081742
round_robin,24457,4,999,8,238.1335431282091,254.27913736547615
round_robin,24457,4,999,9,234.52517153619326,248.496947783789
round_robin,42487,8,123,0,266.1074725491832,289.4961829049019
round_robin,42487,8,123,1,204.24565889380847,222.14502792920342
round_robin,42487,8,123,2,187.2753610422816,204.44301357648007
round_robin,42487,8,123,3,181.57091177390762,196.1286568012585
round_robin,42487,8,123,4,184.59976571714375,197.95622831921276
round_robin,42487,8,123,5,190.44494724034683,204.69958567780373
round_robin,42487,8,123,6,191.41527228274762,204.20681824413103
round_robin,42487,8,123,7,198.05183135537865,210.9170604583843
round_robin,42487,8,123,8,196.62628967595825,208.40727526405658
round_robin,42487,8,123,9,190.59600023832365,200.54657256949227
round_robin,42487,8,2026,0,232.0989808896018,253.7481154489568
round_robin,42487,8,2026,1,188.38597215340758,204.01012873922474
round_robin,42487,8,2026,2,181.3512035259484,196.2874224844378
round_robin,42487,8,2026,3,184.506348528094,197.85425951607178
round_robin,42487,8,2026,4,198.42878009224466,211.4362818285329
round_robin,42487,8,2026,5,210.51454056550153,225.49814411114212
round_robin,42487,8,2026,6,219.96698522446061,236.64796171447043
round_robin,42487,8,2026,7,234.30385951526785,252.4555777459377
round_robin,42487,8,2026,8,236.9110119261846,256.0798641593832
round_robin,42487,8,2026,9,230.48669725699835,247.659052717406
round_robin,42487,8,31415,0,276.41521592575623,300.61389782170625
round_robin,42487,8,31415,1,210.2138162363258,230.11505428619412
round_robin,42487,8,31415,2,191.29080211097138,208.7221186257777
round_robin,42487,8,31415,3,185.4389958084935,201.7804108871229
round_robin,42487,8,31415,4,184.7298311419959,199.83342169583594
round_robin,42487,8,31415,5,185.25953772534507,199.15343833199648
round_robin,42487,8,31415,6,189.23161421975408,202.8500005452795
round_robin,42487,8,31415,7,191.681281101514,205.48910129926008
round_robin,42487,8,31415,8,188.8092764248253,202.23372185693015
round_robin,42487,8,31415,9,184.24640014647395,196.30001170302572
round_robin,42487,8,42,0,261.785652312031,283.62770042855436
round_robin,42487,8,42,1,200.86674265371545,219.23459846166648
round_robin,42487,8,42,2,184.37938534553967,202.73791830317515
round_robin,42487,8,42,3,185.9047117538923,202.7996689026729
round_robin,42487,8,42,4,183.9656935569427,199.86361499084595
round_robin,42487,8,42,5,187.9016196051523,202.68756341085566
round_robin,42487,8,42,6,190.1645586027275,204.20016756556603
round_robin,42487,8,42,7,195.43151984688566,209.51639943668
round_robin,42487,8,42,8,192.70994040401234,205.42094473714545
round_robin,42487,8,42,9,185.00204270179634,195.87614047223587
round_robin,42487,8,5150,0,267.23073425613205,291.34168253494363
round_robin,42487,8,5150,1,201.44549803451542,220.4957892593622
round_robin,42487,8,5150,2,184.61652950781257,201.24906045933182
round_robin,42487,8,5150,3,181.28954498688708,197.56440437516358
round_robin,42487,8,5150,4,181.11549085130935,196.5746922608863
round_robin,42487,8,5150,5,185.88490595360688,200.61807811321898
round_robin,42487,8,5150,6,184.98453972637705,198.9905910351402
round_robin,42487,8,5150,7,188.92423898532203,203.44851233103594
round_robin,42487,8,5150,8,187.77627326131642,202.72388570361852
round_robin,42487,8,5150,9,179.87506261259406,192.08667417714707
round_robin,42487,8,60486,0,277.50369061701565,300.82959004928
round_robin,42487,8,60486,1,210.3934474068089,228.60985656459815
round_robin,42487,8,60486,2,191.33982893804952,207.1597587997485
round_robin,42487,8,60486,3,187.63675459368073,202.19541810792055
round_robin,42487,8,60486,4,184.74181345373535,199.85500739167264
round_robin,42487,8,60486,5,188.26831951931186,202.77831703817725
round_robin,42487,8,60486,6,192.333512662919,206.37240493862322
round_robin,42487,8,60486,7,195.967320796741,210.4160670905943
round_robin,42487,8,60486,8,194.67796138971244,208.2723368445738
round_robin,42487,8,60486,9,189.18565497884714,199.74067047013244
round_robin,42487,8,7,0,270.54298239467124,293.0980123192073
round_robin,42487,8,7,1,205.8344909798805,224.62787594178027
round_robin,42487,8,7,2,188.00443147774251,205.65036809488322
round_robin,42487,8,7,3,182.7973962386962,199.05146351605902
round_robin,42487,8,7,4,184.66115899872432,199.9170130437138
round_robin,42487,8,7,5,189.349238331092,203.06910009533638
round_robin,42487,8,7,6,191.5480052423348,204.6328674204675
round_robin,42487,8,7,7,193.68702322916687,207.143382224772
round_robin,42487,8,7,8,192.42188375768401,205.58823871932879
round_robin,42487,8,7,9,187.13357731102883,198.50659187586905
round_robin,42487,8,777,0,281.2009846056226,305.1764187968952
round_robin,42487,8,777,1,210.80781714743136,229.34031223866847
round_robin,42487,8,777,2,192.27013717487355,209.51271994145787
round_robin,42487,8,777,3,186.1938554447184,202.46118851954353
round_robin,42487,8,777,4,184.88169984466703,199.42901566031955
round_robin,42487,8,777,5,188.29037411998456,201.62747663103738
round_robin,42487,8,777,6,189.68202673147013,203.05079166052386
round_robin,42487,8,777,7,192.82020902002893,206.65157004170075
round_robin,42487,8,777,8,192.29178756548623,204.57585291461075
round_robin,42487,8,777,9,187.5668702922784,198.05339044980553
round_robin,42487,8,888,0,263.42860747813234,286.1128703171954
round_robin,42487,8,888,1,205.01536661377506,224.57104159184613
round_robin,42487,8,888,2,184.30848238104556,202.2789528720163
round_robin,42487,8,888,3,179.80175046212094,195.30400558254584
round_robin,42487,8,888,4,182.00586074728025,196.86794839948956
round_robin,42487,8,888,5,186.5892926028476,200.02156017513377
round_robin,42487,8,888,6,188.6245424770553,202.25436220576745
round_robin,42487,8,888,7,194.4490805261536,208.34941533369013
round_robin,42487,8,888,8,193.02395906587228,207.0877167697915
round_robin,42487,8,888,9,186.63027987720122,198.95066947241986
round_robin,42487,8,999,0,269.0733250644487,293.5703528789161
round_robin,42487,8,999,1,203.38080933945284,223.5806920367394
round_robin,42487,8,999,2,185.99958374250323,202.26621950894472
round_robin,42487,8,999,3,181.99984919497686,196.94185612546684
round_robin,42487,8,999,4,185.31941352469943,199.78357071572904
round_robin,42487,8,999,5,191.13733962807532,203.79359928437913
round_robin,42487,8,999,6,193.48125993433115,207.26745299467188
round_robin,42487,8,999,7,200.74533744485592,215.84959588568
round_robin,42487,8,999,8,198.73987395933807,213.24039132185158
round_robin,42487,8,999,9,190.3012861986144,200.88009533629315
gatedmoe_base,17991,0,123,0,204.81894885513546,224.11975750218946
gatedmoe_base,17991,0,123,1,176.86170307917962,192.4508374713078
gatedmoe_base,17991,0,123,2,176.14173071455502,190.69644942458828
gatedmoe_base,17991,0,123,3,183.71102009375667,197.38293760140584
gatedmoe_base,17991,0,123,4,191.96388453687388,206.04916708437324
gatedmoe_base,17991,0,123,5,208.4377302767186,223.46078215040578
gatedmoe_base,17991,0,123,6,215.2349192226543,231.37106909948716
gatedmoe_base,17991,0,123,7,228.9085947391171,245.010845325374
gatedmoe_base,17991,0,123,8,233.68999847304454,249.32068208865422
gatedmoe_base,17991,0,123,9,230.89810635633793,244.55761308924357
gatedmoe_base,17991,0,2026,0,207.89074632331946,226.92198460542923
gatedmoe_base,17991,0,2026,1,176.7237315510646,191.48491940726313
gatedmoe_base,17991,0,2026,2,177.69964242878305,192.17382149708254
gatedmoe_base,17991,0,2026,3,183.47280778828258,197.58058181583075
gatedmoe_base,17991,0,2026,4,192.87018813249267,207.72729628292558
gatedmoe_base,17991,0,2026,5,208.57627286167153,223.35342523328768
gatedmoe_base,17991,0,2026,6,219.99731858235705,235.68799738294203
gatedmoe_base,17991,0,2026,7,233.66586484286415,250.48897415741376
gatedmoe_base,17991,0,2026,8,241.4432313710722,259.12419257268664
gatedmoe_base,17991,0,2026,9,233.67500057163446,247.50601913129267
gatedmoe_base,17991,0,31415,0,206.87277560528358,225.44186234472681
gatedmoe_base,17991,0,31415,1,174.5897201842598,188.44320410169496
gatedmoe_base,17991,0,31415,2,175.11038898719346,189.46206874154677
gatedmoe_base,17991,0,31415,3,178.26984963391143,191.0191692054391
gatedmoe_base,17991,0,31415,4,189.92726348199008,201.48569220783511
gatedmoe_base,17991,0,31415,5,207.80905590594767,219.82938572815627
gatedmoe_base,17991,0,31415,6,220.295250424921,233.8909820582069
gatedmoe_base,17991,0,31415,7,232.57126804919716,245.38581547435479
gatedmoe_base,17991,0,31415,8,235.93768551943603,248.20091851536472
gatedmoe_base,17991,0,31415,9,230.16593267337566,241.21945289515887
gatedmoe_base,17991,0,42,0,206.39422875716284,226.0922003714223
gatedmoe_base,17991,0,42,1,175.6664684774094,189.98521595406325
gatedmoe_base,17991,0,42,2,179.05574576104925,192.87212211720467
gatedmoe_base,17991,0,42,3,185.69808939783206,200.00580277813924
gatedmoe_base,17991,0,42,4,195.4613206753279,207.5993314407295
gatedmoe_base,17991,0,42,5,209.5090728478335,222.4334373682179
gatedmoe_base,17991,0,42,6,223.89289583519277,238.440391517451
gatedmoe_base,17991,0,42,7,237.13183426043483,252.86200488214823
gatedmoe_base,17991,0,42,8,240.22200678500414,256.1561990409771
gatedmoe_base,17991,0,42,9,235.738988157081,248.43180329177966
gatedmoe_base,17991,0,5150,0,205.75259365546464,225.9148272904643
gatedmoe_base,17991,0,5150,1,173.496369857445,188.8859413714138
gatedmoe_base,17991,0,5150,2,176.36622823269704,190.6481487964206
gatedmoe_base,17991,0,5150,3,184.80096876756735,198.18868161333086
gatedmoe_base,17991,0,5150,4,194.58246697221924,208.66610870590617
gatedmoe_base,17991,0,5150,5,212.82696636146576,227.52909556615955
gatedmoe_base,17991,0,5150,6,223.64911241898645,239.82304005646873
gatedmoe_base,17991,0,5150,7,237.1585666682227,254.69028755155617
gatedmoe_base,17991,0,5150,8,237.26068441394443,253.3739928703938
gatedmoe_base,17991,0,5150,9,230.87208054995472,244.54929842115303
gatedmoe_base,17991,0,60486,0,207.7674901065132,227.50623307067755
gatedmoe_base,17991,0,60486,1,173.61326987810324,187.81289674281157
gatedmoe_base,17991,0,60486,2,176.0142497103215,189.0843502370367
gatedmoe_base,17991,0,60486,3,183.97327905846865,196.86066267570678
gatedmoe_base,17991,0,60486,4,191.83599051147434,203.7613374529932
gatedmoe_base,17991,0,60486,5,207.63351654664586,220.60443715403576
gatedmoe_base,17991,0,60486,6,217.37274158320017,233.5532376574944
gatedmoe_base,17991,0,60486,7,231.395486406025,247.1347940144257
gatedmoe_base,17991,0,60486,8,232.20372575247276,245.7230286845777
gatedmoe_base,17991,0,60486,9,228.8520655063383,239.91605584651467
gatedmoe_base,17991,0,7,0,208.1588859042689,227.96758796512324
gatedmoe_base,17991,0,7,1,175.82759291747442,190.67104186495206
gatedmoe_base,17991,0,7,2,176.97166798501806,190.9624780428372
gatedmoe_base,17991,0,7,3,183.4531008241449,196.76512571779523
gatedmoe_base,17991,0,7,4,195.02295035104464,208.74374985133545
gatedmoe_base,17991,0,7,5,211.2529203362554,223.88971288304253
gatedmoe_base,17991,0,7,6,222.14246850602092,234.9093021941086
gatedmoe_base,17991,0,7,7,237.9719672959261,252.59574714699352
gatedmoe_base,17991,0,7,8,239.2272235982331,254.78384434272377
gatedmoe_base,17991,0,7,9,232.43939386974014,246.62193141799645
gatedmoe_base,17991,0,777,0,205.4416265579916,224.96634655054697
gatedmoe_base,17991,0,777,1,172.71823379304928,187.35085180919538
gatedmoe_base,17991,0,777,2,171.9543017250654,184.96411260795887
gatedmoe_base,17991,0,777,3,177.6374430482312,190.0958456130014
gatedmoe_base,17991,0,777,4,190.47332137590647,202.93408508739657
gatedmoe_base,17991,0,777,5,205.17850984087383,218.44462197910087
gatedmoe_base,17991,0,777,6,218.49684492779193,232.25493899798835
gatedmoe_base,17991,0,777,7,231.41755597885344,246.76594174835586
gatedmoe_base,17991,0,777,8,235.96772217899118,250.47754512781367
gatedmoe_base,17991,0,777,9,230.0834898138807,243.15450576367158
gatedmoe_base,17991,0,888,0,208.28105983056716,227.90392536789926
gatedmoe_base,17991,0,888,1,177.210780506958,192.96860828455266
gatedmoe_base,17991,0,888,2,176.35579332593616,190.46582717040818
gatedmoe_base,17991,0,888,3,183.3334386378251,197.9086244097736
gatedmoe_base,17991,0,888,4,191.31132648852062,204.8142081407231
gatedmoe_base,17991,0,888,5,209.2782927727481,222.27779612323698
gatedmoe_base,17991,0,888,6,223.7502608785201,238.9986764816092
gatedmoe_base,17991,0,888,7,235.4732998937896,253.63311148638067
gatedmoe_base,17991,0,888,8,238.52378972851457,255.81143329225281
gatedmoe_base,17991,0,888,9,233.81765020617274,248.0895167774375
gatedmoe_base,17991,0,999,0,205.65169239904054,225.3890844583091
gatedmoe_base,17991,0,999,1,172.34160517620847,186.88472026244077
gatedmoe_base,17991,0,999,2,174.27494173974566,187.06268068752692
gatedmoe_base,17991,0,999,3,179.3773257825775,192.18905003842642
gatedmoe_base,17991,0,999,4,188.32063068916847,200.52030003061236
gatedmoe_base,17991,0,999,5,205.08717614916938,217.26215701310863
gatedmoe_base,17991,0,999,6,214.40983580938834,228.31381154112597
gatedmoe_base,17991,0,999,7,226.5330593229239,241.1004633683781
gatedmoe_base,17991,0,999,8,231.59111853148818,247.5645584391124
gatedmoe_base,17991,0,999,9,227.1943687887307,241.42516045620812
gatedmoe_base,24457,4,123,0,209.62048195297584,230.3829035211428
gatedmoe_base,24457,4,123,1,176.59691978343128,192.97176892523632
gatedmoe_base,24457,4,123,2,174.80936347986415,190.89286228646927
gatedmoe_base,24457,4,123,3,186.36714346240802,202.26776086383202
gatedmoe_base,24457,4,123,4,194.8478834056265,209.68490639488707
gatedmoe_base,24457,4,123,5,212.2042169184009,225.611954491494
gatedmoe_base,24457,4,123,6,225.1856880664197,239.60597636317019
gatedmoe_base,24457,4,123,7,236.40707924074,252.65090086658657
gatedmoe_base,24457,4,123,8,239.8662014024915,256.3223167951497
gatedmoe_base,24457,4,123,9,233.0534082234944,246.62438768570982
gatedmoe_base,24457,4,2026,0,209.21329069550296,228.64084517882702
gatedmoe_base,24457,4,2026,1,178.04862148886824,192.62004576458676
gatedmoe_base,24457,4,2026,2,177.5253913455307,191.5079069249403
gatedmoe_base,24457,4,2026,3,187.0420594128757,200.88670385081392
gatedmoe_base,24457,4,2026,4,197.14398947905158,210.55093958397828
gatedmoe_base,24457,4,2026,5,212.5973045914384,226.72775537221497
gatedmoe_base,24457,4,2026,6,225.01577095773683,241.00309735873634
gatedmoe_base,24457,4,2026,7,240.57689780283619,256.9667248035446
gatedmoe_base,24457,4,2026,8,244.55986857682626,261.4557332971549
gatedmoe_base,24457,4,2026,9,237.47698147728553,251.7027000856503
gatedmoe_base,24457,4,31415,0,214.19071741293695,235.81151730338604
gatedmoe_base,24457,4,31415,1,176.5465302707868,192.85014461059822
gatedmoe_base,24457,4,31415,2,177.65547170749943,191.56026777427513
gatedmoe_base,24457,4,31415,3,185.58173394247825,199.60374968592558
gatedmoe_base,24457,4,31415,4,195.0785336298139,209.71908160111533
gatedmoe_base,24457,4,31415,5,210.8945313835648,226.28319068020988
gatedmoe_base,24457,4,31415,6,224.19706362227103,241.75591293895639
gatedmoe_base,24457,4,31415,7,237.23436826798564,254.59008813617
gatedmoe_base,24457,4,31415,8,238.40698271587746,255.0969442724343
gatedmoe_base,24457,4,31415,9,233.80728815041553,247.9189792253241
gatedmoe_base,24457,4,42,0,210.45430615123092,231.37164362973192
gatedmoe_base,24457,4,42,1,177.17819322257242,192.78682536262573
gatedmoe_base,24457,4,42,2,176.8201659071247,191.52175848423244
gatedmoe_base,24457,4,42,3,183.67562638117386,197.05333484490976
gatedmoe_base,24457,4,42,4,194.175643719344,206.6830092098382
gatedmoe_base,24457,4,42,5,211.0112159763982,222.80104726763247
gatedmoe_base,24457,4,42,6,223.45000674762258,237.94023172968556
gatedmoe_base,24457,4,42,7,236.71615210288826,252.37397316207003
gatedmoe_base,24457,4,42,8,239.57379445785594,254.05715283402697
gatedmoe_base,24457,4,42,9,233.75995644756634,246.5743485551077
gatedmoe_base,24457,4,5150,0,208.7771521543391,229.32428772733948
gatedmoe_base,24457,4,5150,1,174.11703247837448,190.01972524278509
gatedmoe_base,24457,4,5150,2,177.24108120832128,191.98874793681722
gatedmoe_base,24457,4,5150,3,186.77821218971872,200.57561853772324
gatedmoe_base,24457,4,5150,4,197.59948766715203,212.49974731997256
gatedmoe_base,24457,4,5150,5,210.09963012436543,224.41164735079764
gatedmoe_base,24457,4,5150,6,221.64858970774227,236.888661146608
gatedmoe_base,24457,4,5150,7,237.5937441214254,253.15526403714344
gatedmoe_base,24457,4,5150,8,239.7873153112332,256.05436781355485
gatedmoe_base,24457,4,5150,9,235.61930662489374,249.10424209941195
gatedmoe_base,24457,4,60486,0,212.07408887165852,231.3928939244534
gatedmoe_base,24457,4,60486,1,175.49079916224213,190.9951723832847
gatedmoe_base,24457,4,60486,2,177.23682638405901,191.07843694880242
gatedmoe_base,24457,4,60486,3,188.1135377639819,201.89230526281327
gatedmoe_base,24457,4,60486,4,197.21881236675245,209.683580175589
gatedmoe_base,24457,4,60486,5,211.59187575601936,223.34268876182077
gatedmoe_base,24457,4,60486,6,222.5445675365702,238.21427347499932
gatedmoe_base,24457,4,60486,7,233.20841119827944,250.38466177569674
gatedmoe_base,24457,4,60486,8,236.15105427044006,251.5658282245875
gatedmoe_base,24457,4,60486,9,230.2947913665495,242.48748555229804
gatedmoe_base,24457,4,7,0,208.75439681760986,227.99675721395576
gatedmoe_base,24457,4,7,1,175.46466254465585,190.38514535795542
gatedmoe_base,24457,4,7,2,177.39581566747125,192.1059159429004
gatedmoe_base,24457,4,7,3,189.57654951182698,203.05679106955893
gatedmoe_base,24457,4,7,4,201.64530458674335,214.50576019864783
gatedmoe_base,24457,4,7,5,215.11725663213335,227.39956565856642
gatedmoe_base,24457,4,7,6,227.1040738183328,240.1662406464869
gatedmoe_base,24457,4,7,7,240.97187365607886,255.41361388770233
gatedmoe_base,24457,4,7,8,242.18870014645546,256.14962980945313
gatedmoe_base,24457,4,7,9,237.6401599663441,250.1118472365268
gatedmoe_base,24457,4,777,0,208.7792318959749,228.916066009802
gatedmoe_base,24457,4,777,1,179.06080982506143,194.29852767412405
gatedmoe_base,24457,4,777,2,176.08773847469297,189.51437151425318
gatedmoe_base,24457,4,777,3,188.63540021757638,202.08066765229717
gatedmoe_base,24457,4,777,4,195.32597460592734,210.23135438783981
gatedmoe_base,24457,4,777,5,209.9955502991222,224.49392519057892
gatedmoe_base,24457,4,777,6,224.63945400143075,239.89585306825273
gatedmoe_base,24457,4,777,7,238.71696180373357,255.77064445853182
gatedmoe_base,24457,4,777,8,243.36520367677198,259.425176497834
gatedmoe_base,24457,4,777,9,237.28683708615247,250.81186601162983
gatedmoe_base,24457,4,888,0,210.22789211049377,230.74089039472867
gatedmoe_base,24457,4,888,1,175.26245639124735,191.0656978432636
gatedmoe_base,24457,4,888,2,173.47461266387822,187.67002707078439
gatedmoe_base,24457,4,888,3,183.52965203865193,195.45696527247668
gatedmoe_base,24457,4,888,4,193.68499681480793,205.6807195169315
gatedmoe_base,24457,4,888,5,210.72442993402703,221.0629753024138
gatedmoe_base,24457,4,888,6,224.36883937651956,236.45456479351907
gatedmoe_base,24457,4,888,7,237.38286807643652,249.59492750555108
gatedmoe_base,24457,4,888,8,239.61925577041123,252.34104947924098
gatedmoe_base,24457,4,888,9,232.4624479154827,244.705316501029
gatedmoe_base,24457,4,999,0,212.14403118017054,232.96846179289886
gatedmoe_base,24457,4,999,1,176.30869835129013,191.1943381168734
gatedmoe_base,24457,4,999,2,176.165247625132,189.1333981623279
gatedmoe_base,24457,4,999,3,184.2667608675952,198.36491397809232
gatedmoe_base,24457,4,999,4,193.8412652051004,208.12873439212171
gatedmoe_base,24457,4,999,5,209.64769243290817,223.30976519341334
gatedmoe_base,24457,4,999,6,218.12856508948377,232.99443478112394
gatedmoe_base,24457,4,999,7,233.5059355815666,248.88943319192654
gatedmoe_base,24457,4,999,8,238.26544470824192,254.3540246814644
gatedmoe_base,24457,4,999,9,234.45513486882032,248.4000743954857
gatedmoe_base,42487,8,123,0,265.85678369304077,289.28595927934
gatedmoe_base,42487,8,123,1,204.29041497459173,222.21328838228897
gatedmoe_base,42487,8,123,2,187.14762854250912,204.21939541637755
gatedmoe_base,42487,8,123,3,181.47617386210314,196.02761440352225
gatedmoe_base,42487,8,123,4,185.06213931431313,198.41289540683195
gatedmoe_base,42487,8,123,5,190.46664243879792,204.7677460812733
gatedmoe_base,42487,8,123,6,191.40591961953692,204.23188332772406
gatedmoe_base,42487,8,123,7,197.78881248481167,210.6471499630391
gatedmoe_base,42487,8,123,8,196.70185875331686,208.42299137989218
gatedmoe_base,42487,8,123,9,190.67873340740525,200.65633579262993
gatedmoe_base,42487,8,2026,0,233.53267471670247,254.89683139521216
gatedmoe_base,42487,8,2026,1,186.47495286018156,202.37562208314066
gatedmoe_base,42487,8,2026,2,181.6476791339756,196.80208824262888
gatedmoe_base,42487,8,2026,3,184.64690601299284,197.98192533324675
gatedmoe_base,42487,8,2026,4,199.06301160820567,211.92455525880035
gatedmoe_base,42487,8,2026,5,210.5536160801339,225.61108674750656
gatedmoe_base,42487,8,2026,6,220.20761004931788,236.78771267472789
gatedmoe_base,42487,8,2026,7,234.5991669490711,252.65632336150796
gatedmoe_base,42487,8,2026,8,237.25282405855188,256.3372412418714
gatedmoe_base,42487,8,2026,9,230.2955739016652,247.4591495619739
gatedmoe_base,42487,8,31415,0,276.7487663721124,300.82710410071036
gatedmoe_base,42487,8,31415,1,210.99469498035265,230.9607945482678
gatedmoe_base,42487,8,31415,2,191.18592339436736,208.5566529626736
gatedmoe_base,42487,8,31415,3,185.2847946450296,201.67170838655
gatedmoe_base,42487,8,31415,4,184.8566586101736,199.93617126428742
gatedmoe_base,42487,8,31415,5,185.23442453199354,199.13543455454422
gatedmoe_base,42487,8,31415,6,189.12261196126005,202.76732817204896
gatedmoe_base,42487,8,31415,7,191.52382773741365,205.32226021295543
gatedmoe_base,42487,8,31415,8,188.76470409870382,202.20238188626436
gatedmoe_base,42487,8,31415,9,184.29830275735944,196.33118314017955
gatedmoe_base,42487,8,42,0,262.4647187373038,284.05290899441184
gatedmoe_base,42487,8,42,1,200.55491684833052,218.90050929292389
gatedmoe_base,42487,8,42,2,184.28672434045907,202.6492539244178
gatedmoe_base,42487,8,42,3,186.3048037639859,203.18783668041223
gatedmoe_base,42487,8,42,4,185.0727927348344,200.90285057806358
gatedmoe_base,42487,8,42,5,187.9054332259731,202.68693884069734
gatedmoe_base,42487,8,42,6,190.45258393087497,204.41414411687313
gatedmoe_base,42487,8,42,7,195.3768443417746,209.46054290925335
gatedmoe_base,42487,8,42,8,192.60154693421393,205.30941839705739
gatedmoe_base,42487,8,42,9,184.98310691594435,195.83878362610258
gatedmoe_base,42487,8,5150,0,266.1820153608869,290.24109907078014
gatedmoe_base,42487,8,5150,1,201.73882638616655,220.8758475227563
gatedmoe_base,42487,8,5150,2,184.33745721100865,201.0141968261646
gatedmoe_base,42487,8,5150,3,181.23338729804462,197.54379032317405
gatedmoe_base,42487,8,5150,4,181.1599498205218,196.73104189845753
gatedmoe_base,42487,8,5150,5,185.93633062045697,200.7463840243429
gatedmoe_base,42487,8,5150,6,184.90882278544106,198.89048273612087
gatedmoe_base,42487,8,5150,7,188.87026544169032,203.36017480510836
gatedmoe_base,42487,8,5150,8,187.66888913452544,202.60482052795203
gatedmoe_base,42487,8,5150,9,179.89685195739818,192.11043307270904
gatedmoe_base,42487,8,60486,0,278.9833472906169,302.1914244706351
gatedmoe_base,42487,8,60486,1,211.23268408184154,229.4736748870351
gatedmoe_base,42487,8,60486,2,191.51614118587844,207.26052269190126
gatedmoe_base,42487,8,60486,3,188.11944747255794,202.6954842215695
gatedmoe_base,42487,8,60486,4,184.93356503843484,199.9659033275344
gatedmoe_base,42487,8,60486,5,188.17449884350307,202.760596679689
gatedmoe_base,42487,8,60486,6,192.27217806314118,206.26838813531856
gatedmoe_base,42487,8,60486,7,196.03162351623743,210.48770180869255
gatedmoe_base,42487,8,60486,8,194.71706611643378,208.36140032346447
gatedmoe_base,42487,8,60486,9,189.1101227271649,199.61005131941673
gatedmoe_base,42487,8,7,0,270.7064224710595,293.1772326757976
gatedmoe_base,42487,8,7,1,206.06659693267022,224.91750550640464
gatedmoe_base,42487,8,7,2,188.3396288873708,205.9837750666621
gatedmoe_base,42487,8,7,3,182.95268325190622,199.3055297733342
gatedmoe_base,42487,8,7,4,185.7393207648502,200.9648947480287
gatedmoe_base,42487,8,7,5,189.44476819461494,203.11573591887418
gatedmoe_base,42487,8,7,6,191.3708094100493,204.51962435278782
gatedmoe_base,42487,8,7,7,193.53648912339642,207.07808449188826
gatedmoe_base,42487,8,7,8,192.40087480267906,205.5245794952888
gatedmoe_base,42487,8,7,9,187.09237004961497,198.43568716967062
gatedmoe_base,42487,8,777,0,281.2825236223729,305.2964190569609
gatedmoe_base,42487,8,777,1,210.6869605188279,229.108055558324
gatedmoe_base,42487,8,777,2,192.52387558114697,209.6647197171632
gatedmoe_base,42487,8,777,3,186.47543705396066,202.72005374252316
gatedmoe_base,42487,8,777,4,185.0755003112211,199.55357538181084
gatedmoe_base,42487,8,777,5,188.14871457293546,201.46407811038088
gatedmoe_base,42487,8,777,6,189.79593956836842,203.20072952658356
gatedmoe_base,42487,8,777,7,192.67642154205697,206.48976427890491
gatedmoe_base,42487,8,777,8,192.19871588093116,204.46300838622088
gatedmoe_base,42487,8,777,9,187.5862434477161,198.01985044067897
gatedmoe_base,42487,8,888,0,262.5868690686346,285.4489199806242
gatedmoe_base,42487,8,888,1,204.91796023903527,224.4227643245225
gatedmoe_base,42487,8,888,2,184.38405545202113,202.34364571239607
gatedmoe_base,42487,8,888,3,179.85885404396043,195.21540804533612
gatedmoe_base,42487,8,888,4,182.53628836027332,197.39810030553167
gatedmoe_base,42487,8,888,5,186.66796554381907,200.0652182381803
gatedmoe_base,42487,8,888,6,188.75242909701672,202.3350341570499
gatedmoe_base,42487,8,888,7,194.5519737844838,208.47188739425428
gatedmoe_base,42487,8,888,8,192.98669534128163,207.00637071466295
gatedmoe_base,42487,8,888,9,186.70301043717882,198.98083859350686
gatedmoe_base,42487,8,999,0,270.2268438658989,294.4769407071391
gatedmoe_base,42487,8,999,1,203.5593887014238,223.73351058967802
gatedmoe_base,42487,8,999,2,185.9335039094431,202.2683923313866
gatedmoe_base,42487,8,999,3,182.08403337670916,197.0064895442166
gatedmoe_base,42487,8,999,4,185.57399363328435,199.95623531212345
gatedmoe_base,42487,8,999,5,190.47238641746452,203.1575725558317
gatedmoe_base,42487,8,999,6,193.34553324633063,207.1703342784444
gatedmoe_base,42487,8,999,7,200.54683811303096,215.63645686952734
gatedmoe_base,42487,8,999,8,198.85502717206714,213.32033327898148
gatedmoe_base,42487,8,999,9,190.3723281327289,200.91682762281886
gatedmoe_g,17991,0,123,0,204.81894885513546,224.11975750218946
gatedmoe_g,17991,0,123,1,176.86170307917962,192.4508374713078
gatedmoe_g,17991,0,123,2,176.14173071455502,190.69644942458828
gatedmoe_g,17991,0,123,3,183.71102009375667,197.38293760140584
gatedmoe_g,17991,0,123,4,191.96388453687388,206.04916708437324
gatedmoe_g,17991,0,123,5,208.4377302767186,223.46078215040578
gatedmoe_g,17991,0,123,6,215.2349192226543,231.37106909948716
gatedmoe_g,17991,0,123,7,228.9085947391171,245.010845325374
gatedmoe_g,17991,0,123,8,233.68999847304454,249.32068208865422
gatedmoe_g,17991,0,123,9,230.89810635633793,244.55761308924357
gatedmoe_g,17991,0,2026,0,207.89074632331946,226.92198460542923
gatedmoe_g,17991,0,2026,1,176.7237315510646,191.48491940726313
gatedmoe_g,17991,0,2026,2,177.69964242878305,192.17382149708254
gatedmoe_g,17991,0,2026,3,183.47280778828258,197.58058181583075
gatedmoe_g,17991,0,2026,4,192.87018813249267,207.72729628292558
gatedmoe_g,17991,0,2026,5,208.57627286167153,223.35342523328768
gatedmoe_g,17991,0,2026,6,219.99731858235705,235.68799738294203
gatedmoe_g,17991,0,2026,7,233.66586484286415,250.48897415741376
gatedmoe_g,17991,0,2026,8,241.4432313710722,259.12419257268664
gatedmoe_g,17991,0,2026,9,233.67500057163446,247.50601913129267
gatedmoe_g,17991,0,31415,0,206.87277560528358,225.44186234472681
gatedmoe_g,17991,0,31415,1,174.5897201842598,188.44320410169496
gatedmoe_g,17991,0,31415,2,175.11038898719346,189.46206874154677
gatedmoe_g,17991,0,31415,3,178.26984963391143,191.0191692054391
gatedmoe_g,17991,0,31415,4,189.92726348199008,201.48569220783511
gatedmoe_g,17991,0,31415,5,207.80905590594767,219.82938572815627
gatedmoe_g,17991,0,31415,6,220.295250424921,233.8909820582069
gatedmoe_g,17991,0,31415,7,232.57126804919716,245.38581547435479
gatedmoe_g,17991,0,31415,8,235.93768551943603,248.20091851536472
gatedmoe_g,17991,0,31415,9,230.16593267337566,241.21945289515887
gatedmoe_g,17991,0,42,0,206.39422875716284,226.0922003714223
gatedmoe_g,17991,0,42,1,175.6664684774094,189.98521595406325
gatedmoe_g,17991,0,42,2,179.05574576104925,192.87212211720467
gatedmoe_g,17991,0,42,3,185.69808939783206,200.00580277813924
gatedmoe_g,17991,0,42,4,195.4613206753279,207.5993314407295
gatedmoe_g,17991,0,42,5,209.5090728478335,222.4334373682179
gatedmoe_g,17991,0,42,6,223.89289583519277,238.440391517451
gatedmoe_g,17991,0,42,7,237.13183426043483,252.86200488214823
gatedmoe_g,17991,0,42,8,240.22200678500414,256.1561990409771
gatedmoe_g,17991,0,42,9,235.738988157081,248.43180329177966
gatedmoe_g,17991,0,5150,0,205.75259365546464,225.9148272904643
gatedmoe_g,17991,0,5150,1,173.496369857445,188.8859413714138
gatedmoe_g,17991,0,5150,2,176.36622823269704,190.6481487964206
gatedmoe_g,17991,0,5150,3,184.80096876756735,198.18868161333086
gatedmoe_g,17991,0,5150,4,194.58246697221924,208.66610870590617
gatedmoe_g,17991,0,5150,5,212.82696636146576,227.52909556615955
gatedmoe_g,17991,0,5150,6,223.64911241898645,239.82304005646873
gatedmoe_g,17991,0,5150,7,237.1585666682227,254.69028755155617
gatedmoe_g,17991,0,5150,8,237.26068441394443,253.3739928703938
gatedmoe_g,17991,0,5150,9,230.87208054995472,244.54929842115303
gatedmoe_g,17991,0,60486,0,207.7674901065132,227.50623307067755
gatedmoe_g,17991,0,60486,1,173.61326987810324,187.81289674281157
gatedmoe_g,17991,0,60486,2,176.0142497103215,189.0843502370367
gatedmoe_g,17991,0,60486,3,183.97327905846865,196.86066267570678
gatedmoe_g,17991,0,60486,4,191.83599051147434,203.7613374529932
gatedmoe_g,17991,0,60486,5,207.63351654664586,220.60443715403576
gatedmoe_g,17991,0,60486,6,217.37274158320017,233.5532376574944
gatedmoe_g,17991,0,60486,7,231.395486406025,247.1347940144257
gatedmoe_g,17991,0,60486,8,232.20372575247276,245.7230286845777
gatedmoe_g,17991,0,60486,9,228.8520655063383,239.91605584651467
gatedmoe_g,17991,0,7,0,208.1588859042689,227.96758796512324
gatedmoe_g,17991,0,7,1,175.82759291747442,190.67104186495206
gatedmoe_g,17991,0,7,2,176.97166798501806,190.9624780428372
gatedmoe_g,17991,0,7,3,183.4531008241449,196.76512571779523
gatedmoe_g,17991,0,7,4,195.02295035104464,208.74374985133545
gatedmoe_g,17991,0,7,5,211.2529203362554,223.88971288304253
gatedmoe_g,17991,0,7,6,222.14246850602092,234.9093021941086
gatedmoe_g,17991,0,7,7,237.9719672959261,252.59574714699352
gatedmoe_g,17991,0,7,8,239.2272235982331,254.78384434272377
gatedmoe_g,17991,0,7,9,232.43939386974014,246.62193141799645
gatedmoe_g,17991,0,777,0,205.4416265579916,224.96634655054697
gatedmoe_g,17991,0,777,1,172.71823379304928,187.35085180919538
gatedmoe_g,17991,0,777,2,171.9543017250654,184.96411260795887
gatedmoe_g,17991,0,777,3,177.6374430482312,190.0958456130014
gatedmoe_g,17991,0,777,4,190.47332137590647,202.93408508739657
gatedmoe_g,17991,0,777,5,205.17850984087383,218.44462197910087
gatedmoe_g,17991,0,777,6,218.49684492779193,232.25493899798835
gatedmoe_g,17991,0,777,7,231.41755597885344,246.76594174835586
gatedmoe_g,17991,0,777,8,235.96772217899118,250.47754512781367
gatedmoe_g,17991,0,777,9,230.0834898138807,243.15450576367158
gatedmoe_g,17991,0,888,0,208.28105983056716,227.90392536789926
gatedmoe_g,17991,0,888,1,177.210780506958,192.96860828455266
gatedmoe_g,17991,0,888,2,176.35579332593616,190.46582717040818
gatedmoe_g,17991,0,888,3,183.3334386378251,197.9086244097736
gatedmoe_g,17991,0,888,4,191.31132648852062,204.8142081407231
gatedmoe_g,17991,0,888,5,209.2782927727481,222.27779612323698
gatedmoe_g,17991,0,888,6,223.7502608785201,238.9986764816092
gatedmoe_g,17991,0,888,7,235.4732998937896,253.63311148638067
gatedmoe_g,17991,0,888,8,238.52378972851457,255.81143329225281
gatedmoe_g,17991,0,888,9,233.81765020617274,248.0895167774375
gatedmoe_g,17991,0,999,0,205.65169239904054,225.3890844583091
gatedmoe_g,17991,0,999,1,172.34160517620847,186.88472026244077
gatedmoe_g,17991,0,999,2,174.27494173974566,187.06268068752692
gatedmoe_g,17991,0,999,3,179.3773257825775,192.18905003842642
gatedmoe_g,17991,0,999,4,188.32063068916847,200.52030003061236
gatedmoe_g,17991,0,999,5,205.08717614916938,217.26215701310863
gatedmoe_g,17991,0,999,6,214.40983580938834,228.31381154112597
gatedmoe_g,17991,0,999,7,226.5330593229239,241.1004633683781
gatedmoe_g,17991,0,999,8,231.59111853148818,247.5645584391124
gatedmoe_g,17991,0,999,9,227.1943687887307,241.42516045620812
gatedmoe_g,24457,4,123,0,209.9257527375294,229.82665104561897
gatedmoe_g,24457,4,123,1,175.53784728863315,190.60523555963894
gatedmoe_g,24457,4,123,2,175.5420036474143,190.44599748293513
gatedmoe_g,24457,4,123,3,186.3846047354936,201.41538510157494
gatedmoe_g,24457,4,123,4,195.0364091845933,207.93257658356325
gatedmoe_g,24457,4,123,5,213.24941785282218,224.97866296366269
gatedmoe_g,24457,4,123,6,224.49539529739874,238.85619692311002
gatedmoe_g,24457,4,123,7,237.87240764953114,253.45579197018893
gatedmoe_g,24457,4,123,8,241.07200896876682,256.7752947752623
gatedmoe_g,24457,4,123,9,233.87206977927758,246.70090701614652
gatedmoe_g,24457,4,2026,0,209.57889058906198,229.27537517217448
gatedmoe_g,24457,4,2026,1,175.78563226925513,190.4100051714937
gatedmoe_g,24457,4,2026,2,178.78540886761073,191.9928278836682
gatedmoe_g,24457,4,2026,3,190.1048785343854,204.07005627268023
gatedmoe_g,24457,4,2026,4,199.96591620833377,213.55966941027702
gatedmoe_g,24457,4,2026,5,213.64895410818593,227.82575978606485
gatedmoe_g,24457,4,2026,6,225.27558408285978,242.23661201246546
gatedmoe_g,24457,4,2026,7,240.0963597001349,257.9948112945776
gatedmoe_g,24457,4,2026,8,243.83894189800915,261.2405266388296
gatedmoe_g,24457,4,2026,9,240.7079025036868,255.614194570464
gatedmoe_g,24457,4,31415,0,212.8478577002666,233.02703874203914
gatedmoe_g,24457,4,31415,1,174.23129346541768,189.29359261225758
gatedmoe_g,24457,4,31415,2,174.41874301739938,188.98883195102067
gatedmoe_g,24457,4,31415,3,182.91563404193917,197.12395399860526
gatedmoe_g,24457,4,31415,4,195.53825353172067,210.72712835130093
gatedmoe_g,24457,4,31415,5,209.8212310496457,225.69891022509682
gatedmoe_g,24457,4,31415,6,220.60139536859484,239.57641467574402
gatedmoe_g,24457,4,31415,7,231.80479479558082,251.26230116255454
gatedmoe_g,24457,4,31415,8,232.47366885642828,250.90407148515072
gatedmoe_g,24457,4,31415,9,227.44157643727698,242.10023288821606
gatedmoe_g,24457,4,42,0,212.18007374765045,232.44140546716687
gatedmoe_g,24457,4,42,1,177.7859964579109,192.48657132560663
gatedmoe_g,24457,4,42,2,179.02854806035512,193.2124385735865
gatedmoe_g,24457,4,42,3,183.67541441483598,197.29139386316274
gatedmoe_g,24457,4,42,4,196.80971839084606,209.11067153620877
gatedmoe_g,24457,4,42,5,209.7883144755045,221.3829332303356
gatedmoe_g,24457,4,42,6,226.3666462730474,240.35169446714804
gatedmoe_g,24457,4,42,7,238.35215259796132,254.27417418158126
gatedmoe_g,24457,4,42,8,240.15798751792215,254.87602523953186
gatedmoe_g,24457,4,42,9,234.306078060818,246.33483879490038
gatedmoe_g,24457,4,5150,0,210.86595417636954,230.90889350126793
gatedmoe_g,24457,4,5150,1,177.06252539244878,191.54149683475055
gatedmoe_g,24457,4,5150,2,175.96456867272647,189.9636502971549
gatedmoe_g,24457,4,5150,3,185.16938374199083,198.85670167178344
gatedmoe_g,24457,4,5150,4,196.11689061749848,210.48648602945738
gatedmoe_g,24457,4,5150,5,209.5412537441331,222.71437644709533
gatedmoe_g,24457,4,5150,6,219.1415507330955,234.41782212854386
gatedmoe_g,24457,4,5150,7,232.50562998844512,249.12100327413623
gatedmoe_g,24457,4,5150,8,242.10725258083062,257.65172719387107
gatedmoe_g,24457,4,5150,9,233.47207720362306,247.25237375653361
gatedmoe_g,24457,4,60486,0,214.8452018482892,233.86539937543645
gatedmoe_g,24457,4,60486,1,177.66581336842938,192.79114775790086
gatedmoe_g,24457,4,60486,2,176.93035241595575,190.89489489847188
gatedmoe_g,24457,4,60486,3,183.4841718476354,196.49045307115065
gatedmoe_g,24457,4,60486,4,195.64547511713272,208.25824157742656
gatedmoe_g,24457,4,60486,5,211.40835809582222,225.41187717282372
gatedmoe_g,24457,4,60486,6,221.44293638795637,238.47707886091405
gatedmoe_g,24457,4,60486,7,236.9555112468126,254.98558334087207
gatedmoe_g,24457,4,60486,8,239.48972451423566,255.6437997185461
gatedmoe_g,24457,4,60486,9,232.91364299465832,246.51850636887426
gatedmoe_g,24457,4,7,0,208.24071717866502,227.91102716050443
gatedmoe_g,24457,4,7,1,177.38382292832253,192.73841578026247
gatedmoe_g,24457,4,7,2,177.24293557947993,191.9601225178451
gatedmoe_g,24457,4,7,3,183.49296684962763,197.7278830318098
gatedmoe_g,24457,4,7,4,195.89990080378826,209.0810611279064
gatedmoe_g,24457,4,7,5,212.00589243206375,225.8522662637692
gatedmoe_g,24457,4,7,6,220.75295418677692,235.81584430371595
gatedmoe_g,24457,4,7,7,233.9036654969147,250.33554775634897
gatedmoe_g,24457,4,7,8,239.52671203816422,255.62417679717157
gatedmoe_g,24457,4,7,9,233.22744534658548,246.30142323505243
gatedmoe_g,24457,4,777,0,211.42188365722203,231.28599608733566
gatedmoe_g,24457,4,777,1,177.20517940721516,191.44470887106198
gatedmoe_g,24457,4,777,2,179.26120133368346,192.77083490362097
gatedmoe_g,24457,4,777,3,186.955290039815,199.70685460508176
gatedmoe_g,24457,4,777,4,198.20774553682196,211.2962122350685
gatedmoe_g,24457,4,777,5,215.03685818726424,227.79621994105872
gatedmoe_g,24457,4,777,6,222.5265345311758,237.31818451373425
gatedmoe_g,24457,4,777,7,234.30180810694955,250.55742854087555
gatedmoe_g,24457,4,777,8,236.0721470189469,252.30781115699054
gatedmoe_g,24457,4,777,9,230.12897791859908,242.1398797033428
gatedmoe_g,24457,4,888,0,212.26766715981697,231.4241535986223
gatedmoe_g,24457,4,888,1,179.54258842763917,194.66204782042047
gatedmoe_g,24457,4,888,2,179.90071649168877,195.11088381928298
gatedmoe_g,24457,4,888,3,187.28032963183162,201.0841467946937
gatedmoe_g,24457,4,888,4,197.94866238089912,212.2783754845166
gatedmoe_g,24457,4,888,5,217.88849208674245,233.35037021529354
gatedmoe_g,24457,4,888,6,227.20606468734695,245.59354368003508
gatedmoe_g,24457,4,888,7,241.12202024741012,258.9295933344802
gatedmoe_g,24457,4,888,8,243.41297525777705,262.91236597235445
gatedmoe_g,24457,4,888,9,238.67056803370534,255.7887068222217
gatedmoe_g,24457,4,999,0,212.13358834511834,232.10119362274088
gatedmoe_g,24457,4,999,1,176.4080199811467,191.71164766571442
gatedmoe_g,24457,4,999,2,174.41289610128757,188.14665872672623
gatedmoe_g,24457,4,999,3,186.92931029715558,201.11392200756728
gatedmoe_g,24457,4,999,4,197.10264557912325,210.9386420810522
gatedmoe_g,24457,4,999,5,210.41489663424503,223.35621442917534
gatedmoe_g,24457,4,999,6,221.76707352798957,236.73733710581618
gatedmoe_g,24457,4,999,7,233.71649552600948,248.92053146310835
gatedmoe_g,24457,4,999,8,240.75852416760114,256.36032320678515
gatedmoe_g,24457,4,999,9,234.7670630016825,248.1619080404361
gatedmoe_g,42487,8,123,0,246.9539503132675,268.73309192666477
gatedmoe_g,42487,8,123,1,198.6660143690953,216.22626398705847
gatedmoe_g,42487,8,123,2,182.5932726687706,199.38269623796947
gatedmoe_g,42487,8,123,3,179.88725910182274,195.2327386102511
gatedmoe_g,42487,8,123,4,183.23129493265319,196.57922250067801
gatedmoe_g,42487,8,123,5,191.98871072710457,204.2746436474403
gatedmoe_g,42487,8,123,6,196.54288180690375,208.96879413906333
gatedmoe_g,42487,8,123,7,203.0185470909092,215.51833148224216
gatedmoe_g,42487,8,123,8,202.95693526102093,214.70933305107224
gatedmoe_g,42487,8,123,9,200.45069778403217,210.09937263737177
gatedmoe_g,42487,8,2026,0,220.88022754746848,241.74095007382843
gatedmoe_g,42487,8,2026,1,183.00459980534922,198.83299930744656
gatedmoe_g,42487,8,2026,2,179.51528225034565,194.0352009709704
gatedmoe_g,42487,8,2026,3,191.38957004695496,205.7081336443501
gatedmoe_g,42487,8,2026,4,197.69949679497122,211.90211208298973
gatedmoe_g,42487,8,2026,5,211.78717281233048,226.76847449772816
gatedmoe_g,42487,8,2026,6,225.58665702812317,242.8164809415845
gatedmoe_g,42487,8,2026,7,241.4183125270803,260.4417575502794
gatedmoe_g,42487,8,2026,8,244.123428592482,263.19096878288144
gatedmoe_g,42487,8,2026,9,240.01828946689082,257.41975539437897
gatedmoe_g,42487,8,31415,0,263.30987127519643,286.0571765673745
gatedmoe_g,42487,8,31415,1,206.50152807444613,225.42695799176047
gatedmoe_g,42487,8,31415,2,190.84668120368056,207.84188068608788
gatedmoe_g,42487,8,31415,3,185.80426914712686,201.9478841724424
gatedmoe_g,42487,8,31415,4,185.9226526886804,200.93685087999458
gatedmoe_g,42487,8,31415,5,189.070741687207,203.59905528412068
gatedmoe_g,42487,8,31415,6,189.50448326581858,204.6939281539358
gatedmoe_g,42487,8,31415,7,195.8086040529064,211.7090834310628
gatedmoe_g,42487,8,31415,8,192.82235928166654,207.84545790890633
gatedmoe_g,42487,8,31415,9,187.14009962680282,199.728570384764
gatedmoe_g,42487,8,42,0,252.97242554087745,276.40229642832634
gatedmoe_g,42487,8,42,1,198.3400814309548,216.061535275556
gatedmoe_g,42487,8,42,2,186.69183976160164,203.64362885975376
gatedmoe_g,42487,8,42,3,183.5026887509788,199.08821966100015
gatedmoe_g,42487,8,42,4,186.78443695932847,200.47163492605168
gatedmoe_g,42487,8,42,5,189.49389668869173,203.05880339581418
gatedmoe_g,42487,8,42,6,192.21104016786924,206.39727809761084
gatedmoe_g,42487,8,42,7,198.53825652279653,211.91746828542395
gatedmoe_g,42487,8,42,8,192.96472778605155,205.90166779589396
gatedmoe_g,42487,8,42,9,187.161708577697,197.4913628669365
gatedmoe_g,42487,8,5150,0,256.757523477337,279.42896722468765
gatedmoe_g,42487,8,5150,1,200.9193210797019,219.01781251035484
gatedmoe_g,42487,8,5150,2,185.14492820601257,202.56701874976034
gatedmoe_g,42487,8,5150,3,182.00203048379655,199.17928179776558
gatedmoe_g,42487,8,5150,4,182.5835726096541,197.24910951759523
gatedmoe_g,42487,8,5150,5,188.35270423241153,202.14889538054584
gatedmoe_g,42487,8,5150,6,190.63241811716367,205.28620929596406
gatedmoe_g,42487,8,5150,7,193.89144293688932,209.13450870359452
gatedmoe_g,42487,8,5150,8,193.9004765099571,208.31920894488005
gatedmoe_g,42487,8,5150,9,186.34828001622753,198.4604625911325
gatedmoe_g,42487,8,60486,0,264.74082050917326,286.08216894837625
gatedmoe_g,42487,8,60486,1,202.39414312301344,219.42081448394924
gatedmoe_g,42487,8,60486,2,183.30652033621783,198.10062548983936
gatedmoe_g,42487,8,60486,3,177.9990388300408,191.85875497287861
gatedmoe_g,42487,8,60486,4,182.22954211090484,195.42411287197442
gatedmoe_g,42487,8,60486,5,188.45474724712426,200.12252676173287
gatedmoe_g,42487,8,60486,6,190.3137938547375,202.38554455147508
gatedmoe_g,42487,8,60486,7,197.25863693292285,209.55952899351936
gatedmoe_g,42487,8,60486,8,194.59080992763654,206.25229078480444
gatedmoe_g,42487,8,60486,9,188.60095087098026,199.48405554381537
gatedmoe_g,42487,8,7,0,242.7509396407606,264.71864413581864
gatedmoe_g,42487,8,7,1,187.316655894435,203.8704096667402
gatedmoe_g,42487,8,7,2,179.66186980682835,193.9028184021957
gatedmoe_g,42487,8,7,3,187.1180860350805,199.60077313569482
gatedmoe_g,42487,8,7,4,194.45671570663654,207.9555067481172
gatedmoe_g,42487,8,7,5,202.8267626145613,216.09473071855413
gatedmoe_g,42487,8,7,6,216.2578234855629,230.71271097127607
gatedmoe_g,42487,8,7,7,231.11517165804622,246.73309259307203
gatedmoe_g,42487,8,7,8,232.02651506591155,246.6142632274158
gatedmoe_g,42487,8,7,9,224.55814303989533,236.64227494452584
gatedmoe_g,42487,8,777,0,253.21267173548895,275.9500669252485
gatedmoe_g,42487,8,777,1,203.8574035250106,220.99665585212358
gatedmoe_g,42487,8,777,2,186.7913677512619,201.9038098260829
gatedmoe_g,42487,8,777,3,181.83689024575048,195.10420113172037
gatedmoe_g,42487,8,777,4,183.53743945748067,195.12689634353578
gatedmoe_g,42487,8,777,5,185.66371447426283,197.00093209589028
gatedmoe_g,42487,8,777,6,190.22981342042138,202.49870911039616
gatedmoe_g,42487,8,777,7,196.420136514619,207.37572371758478
gatedmoe_g,42487,8,777,8,195.09671103285035,206.12920694425844
gatedmoe_g,42487,8,777,9,188.1912275605112,198.62842474735805
gatedmoe_g,42487,8,888,0,258.3111821925832,280.64746564334376
gatedmoe_g,42487,8,888,1,200.25418370843184,218.05848340146338
gatedmoe_g,42487,8,888,2,185.42553798442543,201.03036646154214
gatedmoe_g,42487,8,888,3,181.23534807164384,196.9467562973478
gatedmoe_g,42487,8,888,4,181.71126084663456,196.69548720047237
gatedmoe_g,42487,8,888,5,187.93035279493333,201.77654592959684
gatedmoe_g,42487,8,888,6,190.6828715814875,204.1321584406644
gatedmoe_g,42487,8,888,7,195.9576232251034,208.22472968286377
gatedmoe_g,42487,8,888,8,192.4535969826653,204.4634866668854
gatedmoe_g,42487,8,888,9,186.6595277150605,196.71836751632046
gatedmoe_g,42487,8,999,0,253.83208781971265,278.51338515276086
gatedmoe_g,42487,8,999,1,195.94684338666005,214.68024325381265
gatedmoe_g,42487,8,999,2,178.23175401249054,193.93958784937513
gatedmoe_g,42487,8,999,3,176.89022027004285,191.29962464417065
gatedmoe_g,42487,8,999,4,182.3769348996907,196.79635065120414
gatedmoe_g,42487,8,999,5,189.99976382548044,202.63704874135084
gatedmoe_g,42487,8,999,6,191.07098719860815,203.98302899057015
gatedmoe_g,42487,8,999,7,201.54762168903315,214.5392184639729
gatedmoe_g,42487,8,999,8,200.35024664420615,213.53570345020864
gatedmoe_g,42487,8,999,9,194.4965093630276,205.76789812981036
