grid,dataset,cell,seed,method_a,method_b,disagreement,acc_delta
e1,c10,B13322k,123,learned_top1,random,0.8569,0.0045
e1,c10,B13322k,123,learned_top1,round_robin,0.8585,0.0048
e1,c10,B13322k,123,learned_top1,gatedmoe_base,0.8585,0.0048
e1,c10,B13322k,123,learned_top1,gatedmoe_g,0.8585,0.0076
e1,c10,B13322k,123,random,round_robin,0.8571,0.0003
e1,c10,B13322k,123,random,gatedmoe_base,0.8571,0.0003
e1,c10,B13322k,123,random,gatedmoe_g,0.8569,0.0031
e1,c10,B13322k,123,round_robin,gatedmoe_base,0.0,0.0
e1,c10,B13322k,123,round_robin,gatedmoe_g,0.8571,0.0028
e1,c10,B13322k,123,gatedmoe_base,gatedmoe_g,0.8571,0.0028
e1,c10,B13322k,2026,learned_top1,random,0.857,-0.0027
e1,c10,B13322k,2026,learned_top1,round_robin,0.8578,0.0022
e1,c10,B13322k,2026,learned_top1,gatedmoe_base,0.8578,0.0022
e1,c10,B13322k,2026,learned_top1,gatedmoe_g,0.8573,-0.0016
e1,c10,B13322k,2026,random,round_robin,0.8576,0.0049
e1,c10,B13322k,2026,random,gatedmoe_base,0.8576,0.0049
e1,c10,B13322k,2026,random,gatedmoe_g,0.8576,0.0011
e1,c10,B13322k,2026,round_robin,gatedmoe_base,0.0,0.0
e1,c10,B13322k,2026,round_robin,gatedmoe_g,0.8563,-0.0038
e1,c10,B13322k,2026,gatedmoe_base,gatedmoe_g,0.8563,-0.0038
e1,c10,B13322k,31415,learned_top1,random,0.8576,-0.0029
e1,c10,B13322k,31415,learned_top1,round_robin,0.8552,-0.001
e1,c10,B13322k,31415,learned_top1,gatedmoe_base,0.8552,-0.001
e1,c10,B13322k,31415,learned_top1,gatedmoe_g,0.8574,-0.0036
e1,c10,B13322k,31415,random,round_robin,0.8582,0.0019
e1,c10,B13322k,31415,random,gatedmoe_base,0.8582,0.0019
e1,c10,B13322k,31415,random,gatedmoe_g,0.8565,-0.0007
e1,c10,B13322k,31415,round_robin,gatedmoe_base,0.0,0.0
e1,c10,B13322k,31415,round_robin,gatedmoe_g,0.8567,-0.0026
e1,c10,B13322k,31415,gatedmoe_base,gatedmoe_g,0.8567,-0.0026
e1,c10,B13322k,42,learned_top1,random,0.8568,0.0023
e1,c10,B13322k,42,learned_top1,round_robin,0.8582,0.0019
e1,c10,B13322k,42,learned_top1,gatedmoe_base,0.8582,0.0019
e1,c10,B13322k,42,learned_top1,gatedmoe_g,0.8569,0.0025
e1,c10,B13322k,42,random,round_robin,0.8568,-0.0004
e1,c10,B13322k,42,random,gatedmoe_base,0.8568,-0.0004
e1,c10,B13322k,42,random,gatedmoe_g,0.8572,0.0002
e1,c10,B13322k,42,round_robin,gatedmoe_base,0.0,0.0
e1,c10,B13322k,42,round_robin,gatedmoe_g,0.8576,0.0006
e1,c10,B13322k,42,gatedmoe_base,gatedmoe_g,0.8576,0.0006
e1,c10,B13322k,5150,learned_top1,random,0.8566,-0.0016
e1,c10,B13322k,5150,learned_top1,round_robin,0.8577,-0.0033
e1,c10,B13322k,5150,learned_top1,gatedmoe_base,0.8577,-0.0033
e1,c10,B13322k,5150,learned_top1,gatedmoe_g,0.8574,-0.0053
e1,c10,B13322k,5150,random,round_robin,0.857,-0.0017
e1,c10,B13322k,5150,random,gatedmoe_base,0.857,-0.0017
e1,c10,B13322k,5150,random,gatedmoe_g,0.8578,-0.0037
e1,c10,B13322k,5150,round_robin,gatedmoe_base,0.0,0.0
e1,c10,B13322k,5150,round_robin,gatedmoe_g,0.8576,-0.002
e1,c10,B13322k,5150,gatedmoe_base,gatedmoe_g,0.8576,-0.002
e1,c10,B13322k,60486,learned_top1,random,0.8563,0.0039
e1,c10,B13322k,60486,learned_top1,round_robin,0.8568,0.0003
e1,c10,B13322k,60486,learned_top1,gatedmoe_base,0.8568,0.0003
e1,c10,B13322k,60486,learned_top1,gatedmoe_g,0.8572,0.0032
e1,c10,B13322k,60486,random,round_robin,0.8573,-0.0036
e1,c10,B13322k,60486,random,gatedmoe_base,0.8573,-0.0036
e1,c10,B13322k,60486,random,gatedmoe_g,0.8574,-0.0007
e1,c10,B13322k,60486,round_robin,gatedmoe_base,0.0,0.0
e1,c10,B13322k,60486,round_robin,gatedmoe_g,0.8582,0.0029
e1,c10,B13322k,60486,gatedmoe_base,gatedmoe_g,0.8582,0.0029
e1,c10,B13322k,7,learned_top1,random,0.8571,-0.004
e1,c10,B13322k,7,learned_top1,round_robin,0.8567,-0.0017
e1,c10,B13322k,7,learned_top1,gatedmoe_base,0.8567,-0.0017
e1,c10,B13322k,7,learned_top1,gatedmoe_g,0.8572,0.0014
e1,c10,B13322k,7,random,round_robin,0.8576,0.0023
e1,c10,B13322k,7,random,gatedmoe_base,0.8576,0.0023
e1,c10,B13322k,7,random,gatedmoe_g,0.8564,0.0054
e1,c10,B13322k,7,round_robin,gatedmoe_base,0.0,0.0
e1,c10,B13322k,7,round_robin,gatedmoe_g,0.8558,0.0031
e1,c10,B13322k,7,gatedmoe_base,gatedmoe_g,0.8558,0.0031
e1,c10,B13322k,777,learned_top1,random,0.8582,0.0036
e1,c10,B13322k,777,learned_top1,round_robin,0.8568,0.0022
e1,c10,B13322k,777,learned_top1,gatedmoe_base,0.8568,0.0022
e1,c10,B13322k,777,learned_top1,gatedmoe_g,0.8573,0.0053
e1,c10,B13322k,777,random,round_robin,0.8569,-0.0014
e1,c10,B13322k,777,random,gatedmoe_base,0.8569,-0.0014
e1,c10,B13322k,777,random,gatedmoe_g,0.8571,0.0017
e1,c10,B13322k,777,round_robin,gatedmoe_base,0.0,0.0
e1,c10,B13322k,777,round_robin,gatedmoe_g,0.8563,0.0031
e1,c10,B13322k,777,gatedmoe_base,gatedmoe_g,0.8563,0.0031
e1,c10,B13322k,888,learned_top1,random,0.8564,-0.0008
e1,c10,B13322k,888,learned_top1,round_robin,0.8581,0.0
e1,c10,B13322k,888,learned_top1,gatedmoe_base,0.8581,0.0
e1,c10,B13322k,888,learned_top1,gatedmoe_g,0.8567,0.0014
e1,c10,B13322k,888,random,round_robin,0.8565,0.0008
e1,c10,B13322k,888,random,gatedmoe_base,0.8565,0.0008
e1,c10,B13322k,888,random,gatedmoe_g,0.8575,0.0022
e1,c10,B13322k,888,round_robin,gatedmoe_base,0.0,0.0
e1,c10,B13322k,888,round_robin,gatedmoe_g,0.8574,0.0014
e1,c10,B13322k,888,gatedmoe_base,gatedmoe_g,0.8574,0.0014
e1,c10,B13322k,999,learned_top1,random,0.8568,0.0016
e1,c10,B13322k,999,learned_top1,round_robin,0.8579,-0.0012
e1,c10,B13322k,999,learned_top1,gatedmoe_base,0.8579,-0.0012
e1,c10,B13322k,999,learned_top1,gatedmoe_g,0.8564,0.0011
e1,c10,B13322k,999,random,round_robin,0.8572,-0.0028
e1,c10,B13322k,999,random,gatedmoe_base,0.8572,-0.0028
e1,c10,B13322k,999,random,gatedmoe_g,0.8576,-0.0005
e1,c10,B13322k,999,round_robin,gatedmoe_base,0.0,0.0
e1,c10,B13322k,999,round_robin,gatedmoe_g,0.8566,0.0023
e1,c10,B13322k,999,gatedmoe_base,gatedmoe_g,0.8566,0.0023
e1,c10,B17350k,123,learned_top1,random,0.8752,0.002
e1,c10,B17350k,123,learned_top1,round_robin,0.8754,0.004
e1,c10,B17350k,123,learned_top1,gatedmoe_base,0.8754,0.004
e1,c10,B17350k,123,learned_top1,gatedmoe_g,0.8749,0.0021
e1,c10,B17350k,123,random,round_robin,0.8754,0.002
e1,c10,B17350k,123,random,gatedmoe_base,0.8754,0.002
e1,c10,B17350k,123,random,gatedmoe_g,0.8757,0.0001
e1,c10,B17350k,123,round_robin,gatedmoe_base,0.0,0.0
e1,c10,B17350k,123,round_robin,gatedmoe_g,0.8761,-0.0019
e1,c10,B17350k,123,gatedmoe_base,gatedmoe_g,0.8761,-0.0019
e1,c10,B17350k,2026,learned_top1,random,0.8751,0.0
e1,c10,B17350k,2026,learned_top1,round_robin,0.875,0.0022
e1,c10,B17350k,2026,learned_top1,gatedmoe_base,0.875,0.0022
e1,c10,B17350k,2026,learned_top1,gatedmoe_g,0.8753,0.0044
e1,c10,B17350k,2026,random,round_robin,0.8738,0.0022
e1,c10,B17350k,2026,random,gatedmoe_base,0.8738,0.0022
e1,c10,B17350k,2026,random,gatedmoe_g,0.8751,0.0044
e1,c10,B17350k,2026,round_robin,gatedmoe_base,0.0,0.0
e1,c10,B17350k,2026,round_robin,gatedmoe_g,0.8729,0.0022
e1,c10,B17350k,2026,gatedmoe_base,gatedmoe_g,0.8729,0.0022
e1,c10,B17350k,31415,learned_top1,random,0.8751,0.004
e1,c10,B17350k,31415,learned_top1,round_robin,0.8749,0.0069
e1,c10,B17350k,31415,learned_top1,gatedmoe_base,0.8749,0.0069
e1,c10,B17350k,31415,learned_top1,gatedmoe_g,0.8755,0.0037
e1,c10,B17350k,31415,random,round_robin,0.8739,0.0029
e1,c10,B17350k,31415,random,gatedmoe_base,0.8739,0.0029
e1,c10,B17350k,31415,random,gatedmoe_g,0.8754,-0.0003
e1,c10,B17350k,31415,round_robin,gatedmoe_base,0.0,0.0
e1,c10,B17350k,31415,round_robin,gatedmoe_g,0.8743,-0.0032
e1,c10,B17350k,31415,gatedmoe_base,gatedmoe_g,0.8743,-0.0032
e1,c10,B17350k,42,learned_top1,random,0.8761,-0.0077
e1,c10,B17350k,42,learned_top1,round_robin,0.8752,-0.003
e1,c10,B17350k,42,learned_top1,gatedmoe_base,0.8752,-0.003
e1,c10,B17350k,42,learned_top1,gatedmoe_g,0.8742,-0.0019
e1,c10,B17350k,42,random,round_robin,0.8742,0.0047
e1,c10,B17350k,42,random,gatedmoe_base,0.8742,0.0047
e1,c10,B17350k,42,random,gatedmoe_g,0.8748,0.0058
e1,c10,B17350k,42,round_robin,gatedmoe_base,0.0,0.0
e1,c10,B17350k,42,round_robin,gatedmoe_g,0.8741,0.0011
e1,c10,B17350k,42,gatedmoe_base,gatedmoe_g,0.8741,0.0011
e1,c10,B17350k,5150,learned_top1,random,0.8747,-0.0119
e1,c10,B17350k,5150,learned_top1,round_robin,0.876,-0.0079
e1,c10,B17350k,5150,learned_top1,gatedmoe_base,0.876,-0.0079
e1,c10,B17350k,5150,learned_top1,gatedmoe_g,0.8742,-0.006
e1,c10,B17350k,5150,random,round_robin,0.8742,0.004
e1,c10,B17350k,5150,random,gatedmoe_base,0.8742,0.004
e1,c10,B17350k,5150,random,gatedmoe_g,0.8752,0.0059
e1,c10,B17350k,5150,round_robin,gatedmoe_base,0.0,0.0
e1,c10,B17350k,5150,round_robin,gatedmoe_g,0.8732,0.0019
e1,c10,B17350k,5150,gatedmoe_base,gatedmoe_g,0.8732,0.0019
e1,c10,B17350k,60486,learned_top1,random,0.8753,-0.0008
e1,c10,B17350k,60486,learned_top1,round_robin,0.8755,-0.0063
e1,c10,B17350k,60486,learned_top1,gatedmoe_base,0.8755,-0.0063
e1,c10,B17350k,60486,learned_top1,gatedmoe_g,0.8748,-0.0051
e1,c10,B17350k,60486,random,round_robin,0.8754,-0.0055
e1,c10,B17350k,60486,random,gatedmoe_base,0.8754,-0.0055
e1,c10,B17350k,60486,random,gatedmoe_g,0.8744,-0.0043
e1,c10,B17350k,60486,round_robin,gatedmoe_base,0.0,0.0
e1,c10,B17350k,60486,round_robin,gatedmoe_g,0.874,0.0012
e1,c10,B17350k,60486,gatedmoe_base,gatedmoe_g,0.874,0.0012
e1,c10,B17350k,7,learned_top1,random,0.8748,0.0029
e1,c10,B17350k,7,learned_top1,round_robin,0.8747,0.0014
e1,c10,B17350k,7,learned_top1,gatedmoe_base,0.8747,0.0014
e1,c10,B17350k,7,learned_top1,gatedmoe_g,0.8754,0.0047
e1,c10,B17350k,7,random,round_robin,0.8768,-0.0015
e1,c10,B17350k,7,random,gatedmoe_base,0.8768,-0.0015
e1,c10,B17350k,7,random,gatedmoe_g,0.8756,0.0018
e1,c10,B17350k,7,round_robin,gatedmoe_base,0.0,0.0
e1,c10,B17350k,7,round_robin,gatedmoe_g,0.873,0.0033
e1,c10,B17350k,7,gatedmoe_base,gatedmoe_g,0.873,0.0033
e1,c10,B17350k,777,learned_top1,random,0.8752,-0.0014
e1,c10,B17350k,777,learned_top1,round_robin,0.8754,-0.0059
e1,c10,B17350k,777,learned_top1,gatedmoe_base,0.8754,-0.0059
e1,c10,B17350k,777,learned_top1,gatedmoe_g,0.8743,-0.004
e1,c10,B17350k,777,random,round_robin,0.8752,-0.0045
e1,c10,B17350k,777,random,gatedmoe_base,0.8752,-0.0045
e1,c10,B17350k,777,random,gatedmoe_g,0.8753,-0.0026
e1,c10,B17350k,777,round_robin,gatedmoe_base,0.0,0.0
e1,c10,B17350k,777,round_robin,gatedmoe_g,0.8737,0.0019
e1,c10,B17350k,777,gatedmoe_base,gatedmoe_g,0.8737,0.0019
e1,c10,B17350k,888,learned_top1,random,0.8751,0.0016
e1,c10,B17350k,888,learned_top1,round_robin,0.8755,0.0059
e1,c10,B17350k,888,learned_top1,gatedmoe_base,0.8755,0.0059
e1,c10,B17350k,888,learned_top1,gatedmoe_g,0.8758,0.0054
e1,c10,B17350k,888,random,round_robin,0.8754,0.0043
e1,c10,B17350k,888,random,gatedmoe_base,0.8754,0.0043
e1,c10,B17350k,888,random,gatedmoe_g,0.8761,0.0038
e1,c10,B17350k,888,round_robin,gatedmoe_base,0.0,0.0
e1,c10,B17350k,888,round_robin,gatedmoe_g,0.875,-0.0005
e1,c10,B17350k,888,gatedmoe_base,gatedmoe_g,0.875,-0.0005
e1,c10,B17350k,999,learned_top1,random,0.8752,-0.0008
e1,c10,B17350k,999,learned_top1,round_robin,0.8745,0.0031
e1,c10,B17350k,999,learned_top1,gatedmoe_base,0.8745,0.0031
e1,c10,B17350k,999,learned_top1,gatedmoe_g,0.8746,0.0018
e1,c10,B17350k,999,random,round_robin,0.8749,0.0039
e1,c10,B17350k,999,random,gatedmoe_base,0.8749,0.0039
e1,c10,B17350k,999,random,gatedmoe_g,0.8746,0.0026
e1,c10,B17350k,999,round_robin,gatedmoe_base,0.0,0.0
e1,c10,B17350k,999,round_robin,gatedmoe_g,0.8731,-0.0013
e1,c10,B17350k,999,gatedmoe_base,gatedmoe_g,0.8731,-0.0013
e1,c10,B3907k,123,learned_top1,random,0.0,0.0047
e1,c10,B3907k,123,learned_top1,round_robin,0.0,0.0047
e1,c10,B3907k,123,learned_top1,gatedmoe_base,0.0,0.0047
e1,c10,B3907k,123,learned_top1,gatedmoe_g,0.0,0.0047
e1,c10,B3907k,123,random,round_robin,0.0,0.0
e1,c10,B3907k,123,random,gatedmoe_base,0.0,0.0
e1,c10,B3907k,123,random,gatedmoe_g,0.0,0.0
e1,c10,B3907k,123,round_robin,gatedmoe_base,0.0,0.0
e1,c10,B3907k,123,round_robin,gatedmoe_g,0.0,0.0
e1,c10,B3907k,123,gatedmoe_base,gatedmoe_g,0.0,0.0
e1,c10,B3907k,2026,learned_top1,random,0.0,0.0008
e1,c10,B3907k,2026,learned_top1,round_robin,0.0,0.0008
e1,c10,B3907k,2026,learned_top1,gatedmoe_base,0.0,0.0008
e1,c10,B3907k,2026,learned_top1,gatedmoe_g,0.0,0.0008
e1,c10,B3907k,2026,random,round_robin,0.0,0.0
e1,c10,B3907k,2026,random,gatedmoe_base,0.0,0.0
e1,c10,B3907k,2026,random,gatedmoe_g,0.0,0.0
e1,c10,B3907k,2026,round_robin,gatedmoe_base,0.0,0.0
e1,c10,B3907k,2026,round_robin,gatedmoe_g,0.0,0.0
e1,c10,B3907k,2026,gatedmoe_base,gatedmoe_g,0.0,0.0
e1,c10,B3907k,31415,learned_top1,random,0.0,0.0014
e1,c10,B3907k,31415,learned_top1,round_robin,0.0,0.0014
e1,c10,B3907k,31415,learned_top1,gatedmoe_base,0.0,0.0014
e1,c10,B3907k,31415,learned_top1,gatedmoe_g,0.0,0.0014
e1,c10,B3907k,31415,random,round_robin,0.0,0.0
e1,c10,B3907k,31415,random,gatedmoe_base,0.0,0.0
e1,c10,B3907k,31415,random,gatedmoe_g,0.0,0.0
e1,c10,B3907k,31415,round_robin,gatedmoe_base,0.0,0.0
e1,c10,B3907k,31415,round_robin,gatedmoe_g,0.0,0.0
e1,c10,B3907k,31415,gatedmoe_base,gatedmoe_g,0.0,0.0
e1,c10,B3907k,42,learned_top1,random,0.0,-0.0113
e1,c10,B3907k,42,learned_top1,round_robin,0.0,-0.0113
e1,c10,B3907k,42,learned_top1,gatedmoe_base,0.0,-0.0113
e1,c10,B3907k,42,learned_top1,gatedmoe_g,0.0,-0.0113
e1,c10,B3907k,42,random,round_robin,0.0,0.0
e1,c10,B3907k,42,random,gatedmoe_base,0.0,0.0
e1,c10,B3907k,42,random,gatedmoe_g,0.0,0.0
e1,c10,B3907k,42,round_robin,gatedmoe_base,0.0,0.0
e1,c10,B3907k,42,round_robin,gatedmoe_g,0.0,0.0
e1,c10,B3907k,42,gatedmoe_base,gatedmoe_g,0.0,0.0
e1,c10,B3907k,5150,learned_top1,random,0.0,0.0025
e1,c10,B3907k,5150,learned_top1,round_robin,0.0,0.0025
e1,c10,B3907k,5150,learned_top1,gatedmoe_base,0.0,0.0025
e1,c10,B3907k,5150,learned_top1,gatedmoe_g,0.0,0.0025
e1,c10,B3907k,5150,random,round_robin,0.0,0.0
e1,c10,B3907k,5150,random,gatedmoe_base,0.0,0.0
e1,c10,B3907k,5150,random,gatedmoe_g,0.0,0.0
e1,c10,B3907k,5150,round_robin,gatedmoe_base,0.0,0.0
e1,c10,B3907k,5150,round_robin,gatedmoe_g,0.0,0.0
e1,c10,B3907k,5150,gatedmoe_base,gatedmoe_g,0.0,0.0
e1,c10,B3907k,60486,learned_top1,random,0.0,-0.0013
e1,c10,B3907k,60486,learned_top1,round_robin,0.0,-0.0013
e1,c10,B3907k,60486,learned_top1,gatedmoe_base,0.0,-0.0013
e1,c10,B3907k,60486,learned_top1,gatedmoe_g,0.0,-0.0013
e1,c10,B3907k,60486,random,round_robin,0.0,0.0
e1,c10,B3907k,60486,random,gatedmoe_base,0.0,0.0
e1,c10,B3907k,60486,random,gatedmoe_g,0.0,0.0
e1,c10,B3907k,60486,round_robin,gatedmoe_base,0.0,0.0
e1,c10,B3907k,60486,round_robin,gatedmoe_g,0.0,0.0
e1,c10,B3907k,60486,gatedmoe_base,gatedmoe_g,0.0,0.0
e1,c10,B3907k,7,learned_top1,random,0.0,0.0049
e1,c10,B3907k,7,learned_top1,round_robin,0.0,0.0049
e1,c10,B3907k,7,learned_top1,gatedmoe_base,0.0,0.0049
e1,c10,B3907k,7,learned_top1,gatedmoe_g,0.0,0.0049
e1,c10,B3907k,7,random,round_robin,0.0,0.0
e1,c10,B3907k,7,random,gatedmoe_base,0.0,0.0
e1,c10,B3907k,7,random,gatedmoe_g,0.0,0.0
e1,c10,B3907k,7,round_robin,gatedmoe_base,0.0,0.0
e1,c10,B3907k,7,round_robin,gatedmoe_g,0.0,0.0
e1,c10,B3907k,7,gatedmoe_base,gatedmoe_g,0.0,0.0
e1,c10,B3907k,777,learned_top1,random,0.0,-0.0014
e1,c10,B3907k,777,learned_top1,round_robin,0.0,-0.0014
e1,c10,B3907k,777,learned_top1,gatedmoe_base,0.0,-0.0014
e1,c10,B3907k,777,learned_top1,gatedmoe_g,0.0,-0.0014
e1,c10,B3907k,777,random,round_robin,0.0,0.0
e1,c10,B3907k,777,random,gatedmoe_base,0.0,0.0
e1,c10,B3907k,777,random,gatedmoe_g,0.0,0.0
e1,c10,B3907k,777,round_robin,gatedmoe_base,0.0,0.0
e1,c10,B3907k,777,round_robin,gatedmoe_g,0.0,0.0
e1,c10,B3907k,777,gatedmoe_base,gatedmoe_g,0.0,0.0
e1,c10,B3907k,888,learned_top1,random,0.0,-0.0013
e1,c10,B3907k,888,learned_top1,round_robin,0.0,-0.0013
e1,c10,B3907k,888,learned_top1,gatedmoe_base,0.0,-0.0013
e1,c10,B3907k,888,learned_top1,gatedmoe_g,0.0,-0.0013
e1,c10,B3907k,888,random,round_robin,0.0,0.0
e1,c10,B3907k,888,random,gatedmoe_base,0.0,0.0
e1,c10,B3907k,888,random,gatedmoe_g,0.0,0.0
e1,c10,B3907k,888,round_robin,gatedmoe_base,0.0,0.0
e1,c10,B3907k,888,round_robin,gatedmoe_g,0.0,0.0
e1,c10,B3907k,888,gatedmoe_base,gatedmoe_g,0.0,0.0
e1,c10,B3907k,999,learned_top1,random,0.0,0.0054
e1,c10,B3907k,999,learned_top1,round_robin,0.0,0.0054
e1,c10,B3907k,999,learned_top1,gatedmoe_base,0.0,0.0054
e1,c10,B3907k,999,learned_top1,gatedmoe_g,0.0,0.0054
e1,c10,B3907k,999,random,round_robin,0.0,0.0
e1,c10,B3907k,999,random,gatedmoe_base,0.0,0.0
e1,c10,B3907k,999,random,gatedmoe_g,0.0,0.0
e1,c10,B3907k,999,round_robin,gatedmoe_base,0.0,0.0
e1,c10,B3907k,999,round_robin,gatedmoe_g,0.0,0.0
e1,c10,B3907k,999,gatedmoe_base,gatedmoe_g,0.0,0.0
e1,c10,B5748k,123,learned_top1,random,0.0,0.0045
e1,c10,B5748k,123,learned_top1,round_robin,0.0,0.0045
e1,c10,B5748k,123,learned_top1,gatedmoe_base,0.0,0.0045
e1,c10,B5748k,123,learned_top1,gatedmoe_g,0.0,0.0045
e1,c10,B5748k,123,random,round_robin,0.0,0.0
e1,c10,B5748k,123,random,gatedmoe_base,0.0,0.0
e1,c10,B5748k,123,random,gatedmoe_g,0.0,0.0
e1,c10,B5748k,123,round_robin,gatedmoe_base,0.0,0.0
e1,c10,B5748k,123,round_robin,gatedmoe_g,0.0,0.0
e1,c10,B5748k,123,gatedmoe_base,gatedmoe_g,0.0,0.0
e1,c10,B5748k,2026,learned_top1,random,0.0,-0.0011
e1,c10,B5748k,2026,learned_top1,round_robin,0.0,-0.0011
e1,c10,B5748k,2026,learned_top1,gatedmoe_base,0.0,-0.0011
e1,c10,B5748k,2026,learned_top1,gatedmoe_g,0.0,-0.0011
e1,c10,B5748k,2026,random,round_robin,0.0,0.0
e1,c10,B5748k,2026,random,gatedmoe_base,0.0,0.0
e1,c10,B5748k,2026,random,gatedmoe_g,0.0,0.0
e1,c10,B5748k,2026,round_robin,gatedmoe_base,0.0,0.0
e1,c10,B5748k,2026,round_robin,gatedmoe_g,0.0,0.0
e1,c10,B5748k,2026,gatedmoe_base,gatedmoe_g,0.0,0.0
e1,c10,B5748k,31415,learned_top1,random,0.0,-0.0003
e1,c10,B5748k,31415,learned_top1,round_robin,0.0,-0.0003
e1,c10,B5748k,31415,learned_top1,gatedmoe_base,0.0,-0.0003
e1,c10,B5748k,31415,learned_top1,gatedmoe_g,0.0,-0.0003
e1,c10,B5748k,31415,random,round_robin,0.0,0.0
e1,c10,B5748k,31415,random,gatedmoe_base,0.0,0.0
e1,c10,B5748k,31415,random,gatedmoe_g,0.0,0.0
e1,c10,B5748k,31415,round_robin,gatedmoe_base,0.0,0.0
e1,c10,B5748k,31415,round_robin,gatedmoe_g,0.0,0.0
e1,c10,B5748k,31415,gatedmoe_base,gatedmoe_g,0.0,0.0
e1,c10,B5748k,42,learned_top1,random,0.0,-0.0072
e1,c10,B5748k,42,learned_top1,round_robin,0.0,-0.0072
e1,c10,B5748k,42,learned_top1,gatedmoe_base,0.0,-0.0072
e1,c10,B5748k,42,learned_top1,gatedmoe_g,0.0,-0.0072
e1,c10,B5748k,42,random,round_robin,0.0,0.0
e1,c10,B5748k,42,random,gatedmoe_base,0.0,0.0
e1,c10,B5748k,42,random,gatedmoe_g,0.0,0.0
e1,c10,B5748k,42,round_robin,gatedmoe_base,0.0,0.0
e1,c10,B5748k,42,round_robin,gatedmoe_g,0.0,0.0
e1,c10,B5748k,42,gatedmoe_base,gatedmoe_g,0.0,0.0
e1,c10,B5748k,5150,learned_top1,random,0.0,-0.0032
e1,c10,B5748k,5150,learned_top1,round_robin,0.0,-0.0032
e1,c10,B5748k,5150,learned_top1,gatedmoe_base,0.0,-0.0032
e1,c10,B5748k,5150,learned_top1,gatedmoe_g,0.0,-0.0032
e1,c10,B5748k,5150,random,round_robin,0.0,0.0
e1,c10,B5748k,5150,random,gatedmoe_base,0.0,0.0
e1,c10,B5748k,5150,random,gatedmoe_g,0.0,0.0
e1,c10,B5748k,5150,round_robin,gatedmoe_base,0.0,0.0
e1,c10,B5748k,5150,round_robin,gatedmoe_g,0.0,0.0
e1,c10,B5748k,5150,gatedmoe_base,gatedmoe_g,0.0,0.0
e1,c10,B5748k,60486,learned_top1,random,0.0,-0.0011
e1,c10,B5748k,60486,learned_top1,round_robin,0.0,-0.0011
e1,c10,B5748k,60486,learned_top1,gatedmoe_base,0.0,-0.0011
e1,c10,B5748k,60486,learned_top1,gatedmoe_g,0.0,-0.0011
e1,c10,B5748k,60486,random,round_robin,0.0,0.0
e1,c10,B5748k,60486,random,gatedmoe_base,0.0,0.0
e1,c10,B5748k,60486,random,gatedmoe_g,0.0,0.0
e1,c10,B5748k,60486,round_robin,gatedmoe_base,0.0,0.0
e1,c10,B5748k,60486,round_robin,gatedmoe_g,0.0,0.0
e1,c10,B5748k,60486,gatedmoe_base,gatedmoe_g,0.0,0.0
e1,c10,B5748k,7,learned_top1,random,0.0,0.0064
e1,c10,B5748k,7,learned_top1,round_robin,0.0,0.0064
e1,c10,B5748k,7,learned_top1,gatedmoe_base,0.0,0.0064
e1,c10,B5748k,7,learned_top1,gatedmoe_g,0.0,0.0064
e1,c10,B5748k,7,random,round_robin,0.0,0.0
e1,c10,B5748k,7,random,gatedmoe_base,0.0,0.0
e1,c10,B5748k,7,random,gatedmoe_g,0.0,0.0
e1,c10,B5748k,7,round_robin,gatedmoe_base,0.0,0.0
e1,c10,B5748k,7,round_robin,gatedmoe_g,0.0,0.0
e1,c10,B5748k,7,gatedmoe_base,gatedmoe_g,0.0,0.0
e1,c10,B5748k,777,learned_top1,random,0.0,0.0004
e1,c10,B5748k,777,learned_top1,round_robin,0.0,0.0004
e1,c10,B5748k,777,learned_top1,gatedmoe_base,0.0,0.0004
e1,c10,B5748k,777,learned_top1,gatedmoe_g,0.0,0.0004
e1,c10,B5748k,777,random,round_robin,0.0,0.0
e1,c10,B5748k,777,random,gatedmoe_base,0.0,0.0
e1,c10,B5748k,777,random,gatedmoe_g,0.0,0.0
e1,c10,B5748k,777,round_robin,gatedmoe_base,0.0,0.0
e1,c10,B5748k,777,round_robin,gatedmoe_g,0.0,0.0
e1,c10,B5748k,777,gatedmoe_base,gatedmoe_g,0.0,0.0
e1,c10,B5748k,888,learned_top1,random,0.0,-0.0061
e1,c10,B5748k,888,learned_top1,round_robin,0.0,-0.0061
e1,c10,B5748k,888,learned_top1,gatedmoe_base,0.0,-0.0078
e1,c10,B5748k,888,learned_top1,gatedmoe_g,0.0,-0.0061
e1,c10,B5748k,888,random,round_robin,0.0,0.0
e1,c10,B5748k,888,random,gatedmoe_base,0.0,-0.0017
e1,c10,B5748k,888,random,gatedmoe_g,0.0,0.0
e1,c10,B5748k,888,round_robin,gatedmoe_base,0.0,-0.0017
e1,c10,B5748k,888,round_robin,gatedmoe_g,0.0,0.0
e1,c10,B5748k,888,gatedmoe_base,gatedmoe_g,0.0,0.0017
e1,c10,B5748k,999,learned_top1,random,0.0,-0.007
e1,c10,B5748k,999,learned_top1,round_robin,0.0,-0.007
e1,c10,B5748k,999,learned_top1,gatedmoe_base,0.0,-0.007
e1,c10,B5748k,999,learned_top1,gatedmoe_g,0.0,-0.007
e1,c10,B5748k,999,random,round_robin,0.0,0.0
e1,c10,B5748k,999,random,gatedmoe_base,0.0,0.0
e1,c10,B5748k,999,random,gatedmoe_g,0.0,0.0
e1,c10,B5748k,999,round_robin,gatedmoe_base,0.0,0.0
e1,c10,B5748k,999,round_robin,gatedmoe_g,0.0,0.0
e1,c10,B5748k,999,gatedmoe_base,gatedmoe_g,0.0,0.0
e1,c10,B6100k,123,learned_top1,random,0.5002,-0.0031
e1,c10,B6100k,123,learned_top1,round_robin,0.4999,-0.0033
e1,c10,B6100k,123,learned_top1,gatedmoe_base,0.4999,-0.0033
e1,c10,B6100k,123,learned_top1,gatedmoe_g,0.4999,-0.0033
e1,c10,B6100k,123,random,round_robin,0.5008,-0.0002
e1,c10,B6100k,123,random,gatedmoe_base,0.5008,-0.0002
e1,c10,B6100k,123,random,gatedmoe_g,0.5008,-0.0002
e1,c10,B6100k,123,round_robin,gatedmoe_base,0.0,0.0
e1,c10,B6100k,123,round_robin,gatedmoe_g,0.0,0.0
e1,c10,B6100k,123,gatedmoe_base,gatedmoe_g,0.0,0.0
e1,c10,B6100k,2026,learned_top1,random,0.4994,0.0085
e1,c10,B6100k,2026,learned_top1,round_robin,0.5007,0.0083
e1,c10,B6100k,2026,learned_top1,gatedmoe_base,0.5007,0.0083
e1,c10,B6100k,2026,learned_top1,gatedmoe_g,0.5007,0.0083
e1,c10,B6100k,2026,random,round_robin,0.4997,-0.0002
e1,c10,B6100k,2026,random,gatedmoe_base,0.4997,-0.0002
e1,c10,B6100k,2026,random,gatedmoe_g,0.4997,-0.0002
e1,c10,B6100k,2026,round_robin,gatedmoe_base,0.0,0.0
e1,c10,B6100k,2026,round_robin,gatedmoe_g,0.0,0.0
e1,c10,B6100k,2026,gatedmoe_base,gatedmoe_g,0.0,0.0
e1,c10,B6100k,31415,learned_top1,random,0.5,-0.0011
e1,c10,B6100k,31415,learned_top1,round_robin,0.5007,0.002
e1,c10,B6100k,31415,learned_top1,gatedmoe_base,0.5007,0.002
e1,c10,B6100k,31415,learned_top1,gatedmoe_g,0.5007,0.002
e1,c10,B6100k,31415,random,round_robin,0.4996,0.0031
e1,c10,B6100k,31415,random,gatedmoe_base,0.4996,0.0031
e1,c10,B6100k,31415,random,gatedmoe_g,0.4996,0.0031
e1,c10,B6100k,31415,round_robin,gatedmoe_base,0.0,0.0
e1,c10,B6100k,31415,round_robin,gatedmoe_g,0.0,0.0
e1,c10,B6100k,31415,gatedmoe_base,gatedmoe_g,0.0,0.0
e1,c10,B6100k,42,learned_top1,random,0.4989,-0.0025
e1,c10,B6100k,42,learned_top1,round_robin,0.4998,0.0047
e1,c10,B6100k,42,learned_top1,gatedmoe_base,0.4998,0.0047
e1,c10,B6100k,42,learned_top1,gatedmoe_g,0.4998,0.0047
e1,c10,B6100k,42,random,round_robin,0.4997,0.0072
e1,c10,B6100k,42,random,gatedmoe_base,0.4997,0.0072
e1,c10,B6100k,42,random,gatedmoe_g,0.4997,0.0072
e1,c10,B6100k,42,round_robin,gatedmoe_base,0.0,0.0
e1,c10,B6100k,42,round_robin,gatedmoe_g,0.0,0.0
e1,c10,B6100k,42,gatedmoe_base,gatedmoe_g,0.0,0.0
e1,c10,B6100k,5150,learned_top1,random,0.4995,0.0029
e1,c10,B6100k,5150,learned_top1,round_robin,0.4992,-0.0014
e1,c10,B6100k,5150,learned_top1,gatedmoe_base,0.4992,-0.0014
e1,c10,B6100k,5150,learned_top1,gatedmoe_g,0.4992,-0.0014
e1,c10,B6100k,5150,random,round_robin,0.5002,-0.0043
e1,c10,B6100k,5150,random,gatedmoe_base,0.5002,-0.0043
e1,c10,B6100k,5150,random,gatedmoe_g,0.5002,-0.0043
e1,c10,B6100k,5150,round_robin,gatedmoe_base,0.0,0.0
e1,c10,B6100k,5150,round_robin,gatedmoe_g,0.0,0.0
e1,c10,B6100k,5150,gatedmoe_base,gatedmoe_g,0.0,0.0
e1,c10,B6100k,60486,learned_top1,random,0.4996,0.001
e1,c10,B6100k,60486,learned_top1,round_robin,0.501,0.0043
e1,c10,B6100k,60486,learned_top1,gatedmoe_base,0.501,0.0043
e1,c10,B6100k,60486,learned_top1,gatedmoe_g,0.501,0.0043
e1,c10,B6100k,60486,random,round_robin,0.499,0.0033
e1,c10,B6100k,60486,random,gatedmoe_base,0.499,0.0033
e1,c10,B6100k,60486,random,gatedmoe_g,0.499,0.0033
e1,c10,B6100k,60486,round_robin,gatedmoe_base,0.0,0.0
e1,c10,B6100k,60486,round_robin,gatedmoe_g,0.0,0.0
e1,c10,B6100k,60486,gatedmoe_base,gatedmoe_g,0.0,0.0
e1,c10,B6100k,7,learned_top1,random,0.5006,-0.0033
e1,c10,B6100k,7,learned_top1,round_robin,0.4996,0.004
e1,c10,B6100k,7,learned_top1,gatedmoe_base,0.4996,0.004
e1,c10,B6100k,7,learned_top1,gatedmoe_g,0.4996,0.004
e1,c10,B6100k,7,random,round_robin,0.5011,0.0073
e1,c10,B6100k,7,random,gatedmoe_base,0.5011,0.0073
e1,c10,B6100k,7,random,gatedmoe_g,0.5011,0.0073
e1,c10,B6100k,7,round_robin,gatedmoe_base,0.0,0.0
e1,c10,B6100k,7,round_robin,gatedmoe_g,0.0,0.0
e1,c10,B6100k,7,gatedmoe_base,gatedmoe_g,0.0,0.0
e1,c10,B6100k,777,learned_top1,random,0.5007,0.0016
e1,c10,B6100k,777,learned_top1,round_robin,0.5001,-0.0056
e1,c10,B6100k,777,learned_top1,gatedmoe_base,0.5001,-0.0056
e1,c10,B6100k,777,learned_top1,gatedmoe_g,0.5001,-0.0056
e1,c10,B6100k,777,random,round_robin,0.5007,-0.0072
e1,c10,B6100k,777,random,gatedmoe_base,0.5007,-0.0072
e1,c10,B6100k,777,random,gatedmoe_g,0.5007,-0.0072
e1,c10,B6100k,777,round_robin,gatedmoe_base,0.0,0.0
e1,c10,B6100k,777,round_robin,gatedmoe_g,0.0,0.0
e1,c10,B6100k,777,gatedmoe_base,gatedmoe_g,0.0,0.0
e1,c10,B6100k,888,learned_top1,random,0.5008,0.0
e1,c10,B6100k,888,learned_top1,round_robin,0.5002,0.0048
e1,c10,B6100k,888,learned_top1,gatedmoe_base,0.5002,0.0048
e1,c10,B6100k,888,learned_top1,gatedmoe_g,0.5002,0.0048
e1,c10,B6100k,888,random,round_robin,0.5006,0.0048
e1,c10,B6100k,888,random,gatedmoe_base,0.5006,0.0048
e1,c10,B6100k,888,random,gatedmoe_g,0.5006,0.0048
e1,c10,B6100k,888,round_robin,gatedmoe_base,0.0,0.0
e1,c10,B6100k,888,round_robin,gatedmoe_g,0.0,0.0
e1,c10,B6100k,888,gatedmoe_base,gatedmoe_g,0.0,0.0
e1,c10,B6100k,999,learned_top1,random,0.4999,-0.0008
e1,c10,B6100k,999,learned_top1,round_robin,0.5001,-0.001
e1,c10,B6100k,999,learned_top1,gatedmoe_base,0.5001,-0.001
e1,c10,B6100k,999,learned_top1,gatedmoe_g,0.5001,-0.001
e1,c10,B6100k,999,random,round_robin,0.4999,-0.0002
e1,c10,B6100k,999,random,gatedmoe_base,0.4999,-0.0002
e1,c10,B6100k,999,random,gatedmoe_g,0.4999,-0.0002
e1,c10,B6100k,999,round_robin,gatedmoe_base,0.0,0.0
e1,c10,B6100k,999,round_robin,gatedmoe_g,0.0,0.0
e1,c10,B6100k,999,gatedmoe_base,gatedmoe_g,0.0,0.0
e1,c10,B6629k,123,learned_top1,random,0.6666,0.0055
e1,c10,B6629k,123,learned_top1,round_robin,0.6662,-0.0028
e1,c10,B6629k,123,learned_top1,gatedmoe_base,0.6662,-0.0028
e1,c10,B6629k,123,learned_top1,gatedmoe_g,0.6677,0.0002
e1,c10,B6629k,123,random,round_robin,0.6664,-0.0083
e1,c10,B6629k,123,random,gatedmoe_base,0.6664,-0.0083
e1,c10,B6629k,123,random,gatedmoe_g,0.6662,-0.0053
e1,c10,B6629k,123,round_robin,gatedmoe_base,0.0,0.0
e1,c10,B6629k,123,round_robin,gatedmoe_g,0.6688,0.003
e1,c10,B6629k,123,gatedmoe_base,gatedmoe_g,0.6688,0.003
e1,c10,B6629k,2026,learned_top1,random,0.6668,0.0008
e1,c10,B6629k,2026,learned_top1,round_robin,0.6662,-0.0033
e1,c10,B6629k,2026,learned_top1,gatedmoe_base,0.6662,-0.0033
e1,c10,B6629k,2026,learned_top1,gatedmoe_g,0.6676,-0.0035
e1,c10,B6629k,2026,random,round_robin,0.6651,-0.0041
e1,c10,B6629k,2026,random,gatedmoe_base,0.6651,-0.0041
e1,c10,B6629k,2026,random,gatedmoe_g,0.6663,-0.0043
e1,c10,B6629k,2026,round_robin,gatedmoe_base,0.0,0.0
e1,c10,B6629k,2026,round_robin,gatedmoe_g,0.666,-0.0002
e1,c10,B6629k,2026,gatedmoe_base,gatedmoe_g,0.666,-0.0002
e1,c10,B6629k,31415,learned_top1,random,0.6666,-0.0019
e1,c10,B6629k,31415,learned_top1,round_robin,0.6672,0.0019
e1,c10,B6629k,31415,learned_top1,gatedmoe_base,0.6672,0.0019
e1,c10,B6629k,31415,learned_top1,gatedmoe_g,0.6676,-0.0018
e1,c10,B6629k,31415,random,round_robin,0.6659,0.0038
e1,c10,B6629k,31415,random,gatedmoe_base,0.6659,0.0038
e1,c10,B6629k,31415,random,gatedmoe_g,0.6678,0.0001
e1,c10,B6629k,31415,round_robin,gatedmoe_base,0.0,0.0
e1,c10,B6629k,31415,round_robin,gatedmoe_g,0.666,-0.0037
e1,c10,B6629k,31415,gatedmoe_base,gatedmoe_g,0.666,-0.0037
e1,c10,B6629k,42,learned_top1,random,0.6665,0.0036
e1,c10,B6629k,42,learned_top1,round_robin,0.667,0.002
e1,c10,B6629k,42,learned_top1,gatedmoe_base,0.667,0.002
e1,c10,B6629k,42,learned_top1,gatedmoe_g,0.6667,-0.003
e1,c10,B6629k,42,random,round_robin,0.6665,-0.0016
e1,c10,B6629k,42,random,gatedmoe_base,0.6665,-0.0016
e1,c10,B6629k,42,random,gatedmoe_g,0.6675,-0.0066
e1,c10,B6629k,42,round_robin,gatedmoe_base,0.0,0.0
e1,c10,B6629k,42,round_robin,gatedmoe_g,0.6667,-0.005
e1,c10,B6629k,42,gatedmoe_base,gatedmoe_g,0.6667,-0.005
e1,c10,B6629k,5150,learned_top1,random,0.6667,0.0021
e1,c10,B6629k,5150,learned_top1,round_robin,0.6665,-0.0008
e1,c10,B6629k,5150,learned_top1,gatedmoe_base,0.6665,-0.0008
e1,c10,B6629k,5150,learned_top1,gatedmoe_g,0.6658,0.0013
e1,c10,B6629k,5150,random,round_robin,0.6661,-0.0029
e1,c10,B6629k,5150,random,gatedmoe_base,0.6661,-0.0029
e1,c10,B6629k,5150,random,gatedmoe_g,0.6666,-0.0008
e1,c10,B6629k,5150,round_robin,gatedmoe_base,0.0,0.0
e1,c10,B6629k,5150,round_robin,gatedmoe_g,0.6665,0.0021
e1,c10,B6629k,5150,gatedmoe_base,gatedmoe_g,0.6665,0.0021
e1,c10,B6629k,60486,learned_top1,random,0.6663,-0.0116
e1,c10,B6629k,60486,learned_top1,round_robin,0.6662,-0.0037
e1,c10,B6629k,60486,learned_top1,gatedmoe_base,0.6662,-0.0037
e1,c10,B6629k,60486,learned_top1,gatedmoe_g,0.6657,-0.0061
e1,c10,B6629k,60486,random,round_robin,0.6649,0.0079
e1,c10,B6629k,60486,random,gatedmoe_base,0.6649,0.0079
e1,c10,B6629k,60486,random,gatedmoe_g,0.6647,0.0055
e1,c10,B6629k,60486,round_robin,gatedmoe_base,0.0,0.0
e1,c10,B6629k,60486,round_robin,gatedmoe_g,0.6698,-0.0024
e1,c10,B6629k,60486,gatedmoe_base,gatedmoe_g,0.6698,-0.0024
e1,c10,B6629k,7,learned_top1,random,0.6688,0.0036
e1,c10,B6629k,7,learned_top1,round_robin,0.6667,-0.0002
e1,c10,B6629k,7,learned_top1,gatedmoe_base,0.6667,-0.0002
e1,c10,B6629k,7,learned_top1,gatedmoe_g,0.6656,-0.0024
e1,c10,B6629k,7,random,round_robin,0.6658,-0.0038
e1,c10,B6629k,7,random,gatedmoe_base,0.6658,-0.0038
e1,c10,B6629k,7,random,gatedmoe_g,0.6662,-0.006
e1,c10,B6629k,7,round_robin,gatedmoe_base,0.0,0.0
e1,c10,B6629k,7,round_robin,gatedmoe_g,0.6681,-0.0022
e1,c10,B6629k,7,gatedmoe_base,gatedmoe_g,0.6681,-0.0022
e1,c10,B6629k,777,learned_top1,random,0.6665,0.0009
e1,c10,B6629k,777,learned_top1,round_robin,0.6669,-0.0023
e1,c10,B6629k,777,learned_top1,gatedmoe_base,0.6669,-0.0023
e1,c10,B6629k,777,learned_top1,gatedmoe_g,0.6664,-0.0011
e1,c10,B6629k,777,random,round_robin,0.6655,-0.0032
e1,c10,B6629k,777,random,gatedmoe_base,0.6655,-0.0032
e1,c10,B6629k,777,random,gatedmoe_g,0.6672,-0.002
e1,c10,B6629k,777,round_robin,gatedmoe_base,0.0,0.0
e1,c10,B6629k,777,round_robin,gatedmoe_g,0.6641,0.0012
e1,c10,B6629k,777,gatedmoe_base,gatedmoe_g,0.6641,0.0012
e1,c10,B6629k,888,learned_top1,random,0.6676,0.0012
e1,c10,B6629k,888,learned_top1,round_robin,0.6676,0.0032
e1,c10,B6629k,888,learned_top1,gatedmoe_base,0.6676,0.0032
e1,c10,B6629k,888,learned_top1,gatedmoe_g,0.666,0.0018
e1,c10,B6629k,888,random,round_robin,0.6676,0.002
e1,c10,B6629k,888,random,gatedmoe_base,0.6676,0.002
e1,c10,B6629k,888,random,gatedmoe_g,0.6673,0.0006
e1,c10,B6629k,888,round_robin,gatedmoe_base,0.0,0.0
e1,c10,B6629k,888,round_robin,gatedmoe_g,0.6639,-0.0014
e1,c10,B6629k,888,gatedmoe_base,gatedmoe_g,0.6639,-0.0014
e1,c10,B6629k,999,learned_top1,random,0.6665,0.0008
e1,c10,B6629k,999,learned_top1,round_robin,0.6666,0.0038
e1,c10,B6629k,999,learned_top1,gatedmoe_base,0.6666,0.0038
e1,c10,B6629k,999,learned_top1,gatedmoe_g,0.6669,0.0033
e1,c10,B6629k,999,random,round_robin,0.6657,0.003
e1,c10,B6629k,999,random,gatedmoe_base,0.6657,0.003
e1,c10,B6629k,999,random,gatedmoe_g,0.6663,0.0025
e1,c10,B6629k,999,round_robin,gatedmoe_base,0.0,0.0
e1,c10,B6629k,999,round_robin,gatedmoe_g,0.6667,-0.0005
e1,c10,B6629k,999,gatedmoe_base,gatedmoe_g,0.6667,-0.0005
e1,c10,B7333k,123,learned_top1,random,0.7491,-0.0037
e1,c10,B7333k,123,learned_top1,round_robin,0.7504,-0.0022
e1,c10,B7333k,123,learned_top1,gatedmoe_base,0.7504,-0.0022
e1,c10,B7333k,123,learned_top1,gatedmoe_g,0.7503,0.0014
e1,c10,B7333k,123,random,round_robin,0.7509,0.0015
e1,c10,B7333k,123,random,gatedmoe_base,0.7509,0.0015
e1,c10,B7333k,123,random,gatedmoe_g,0.7489,0.0051
e1,c10,B7333k,123,round_robin,gatedmoe_base,0.0,0.0
e1,c10,B7333k,123,round_robin,gatedmoe_g,0.7513,0.0036
e1,c10,B7333k,123,gatedmoe_base,gatedmoe_g,0.7513,0.0036
e1,c10,B7333k,2026,learned_top1,random,0.7506,0.0081
e1,c10,B7333k,2026,learned_top1,round_robin,0.7509,0.0007
e1,c10,B7333k,2026,learned_top1,gatedmoe_base,0.7509,0.0007
e1,c10,B7333k,2026,learned_top1,gatedmoe_g,0.7493,0.0042
e1,c10,B7333k,2026,random,round_robin,0.7502,-0.0074
e1,c10,B7333k,2026,random,gatedmoe_base,0.7502,-0.0074
e1,c10,B7333k,2026,random,gatedmoe_g,0.7498,-0.0039
e1,c10,B7333k,2026,round_robin,gatedmoe_base,0.0,0.0
e1,c10,B7333k,2026,round_robin,gatedmoe_g,0.7488,0.0035
e1,c10,B7333k,2026,gatedmoe_base,gatedmoe_g,0.7488,0.0035
e1,c10,B7333k,31415,learned_top1,random,0.7503,0.002
e1,c10,B7333k,31415,learned_top1,round_robin,0.7496,0.004
e1,c10,B7333k,31415,learned_top1,gatedmoe_base,0.7496,0.004
e1,c10,B7333k,31415,learned_top1,gatedmoe_g,0.7497,0.0029
e1,c10,B7333k,31415,random,round_robin,0.7493,0.002
e1,c10,B7333k,31415,random,gatedmoe_base,0.7493,0.002
e1,c10,B7333k,31415,random,gatedmoe_g,0.7498,0.0009
e1,c10,B7333k,31415,round_robin,gatedmoe_base,0.0,0.0
e1,c10,B7333k,31415,round_robin,gatedmoe_g,0.7489,-0.0011
e1,c10,B7333k,31415,gatedmoe_base,gatedmoe_g,0.7489,-0.0011
e1,c10,B7333k,42,learned_top1,random,0.7511,0.0031
e1,c10,B7333k,42,learned_top1,round_robin,0.7505,0.0067
e1,c10,B7333k,42,learned_top1,gatedmoe_base,0.7505,0.0067
e1,c10,B7333k,42,learned_top1,gatedmoe_g,0.7496,0.007
e1,c10,B7333k,42,random,round_robin,0.7497,0.0036
e1,c10,B7333k,42,random,gatedmoe_base,0.7497,0.0036
e1,c10,B7333k,42,random,gatedmoe_g,0.7483,0.0039
e1,c10,B7333k,42,round_robin,gatedmoe_base,0.0,0.0
e1,c10,B7333k,42,round_robin,gatedmoe_g,0.7501,0.0003
e1,c10,B7333k,42,gatedmoe_base,gatedmoe_g,0.7501,0.0003
e1,c10,B7333k,5150,learned_top1,random,0.7498,0.0007
e1,c10,B7333k,5150,learned_top1,round_robin,0.7486,0.0053
e1,c10,B7333k,5150,learned_top1,gatedmoe_base,0.7486,0.0053
e1,c10,B7333k,5150,learned_top1,gatedmoe_g,0.7499,0.0007
e1,c10,B7333k,5150,random,round_robin,0.7498,0.0046
e1,c10,B7333k,5150,random,gatedmoe_base,0.7498,0.0046
e1,c10,B7333k,5150,random,gatedmoe_g,0.7489,0.0
e1,c10,B7333k,5150,round_robin,gatedmoe_base,0.0,0.0
e1,c10,B7333k,5150,round_robin,gatedmoe_g,0.7503,-0.0046
e1,c10,B7333k,5150,gatedmoe_base,gatedmoe_g,0.7503,-0.0046
e1,c10,B7333k,60486,learned_top1,random,0.7505,-0.0067
e1,c10,B7333k,60486,learned_top1,round_robin,0.75,-0.0065
e1,c10,B7333k,60486,learned_top1,gatedmoe_base,0.75,-0.0065
e1,c10,B7333k,60486,learned_top1,gatedmoe_g,0.75,-0.0036
e1,c10,B7333k,60486,random,round_robin,0.7504,0.0002
e1,c10,B7333k,60486,random,gatedmoe_base,0.7504,0.0002
e1,c10,B7333k,60486,random,gatedmoe_g,0.7498,0.0031
e1,c10,B7333k,60486,round_robin,gatedmoe_base,0.0,0.0
e1,c10,B7333k,60486,round_robin,gatedmoe_g,0.7468,0.0029
e1,c10,B7333k,60486,gatedmoe_base,gatedmoe_g,0.7468,0.0029
e1,c10,B7333k,7,learned_top1,random,0.7488,-0.0043
e1,c10,B7333k,7,learned_top1,round_robin,0.7504,-0.0021
e1,c10,B7333k,7,learned_top1,gatedmoe_base,0.7504,-0.0021
e1,c10,B7333k,7,learned_top1,gatedmoe_g,0.7497,-0.0024
e1,c10,B7333k,7,random,round_robin,0.7525,0.0022
e1,c10,B7333k,7,random,gatedmoe_base,0.7525,0.0022
e1,c10,B7333k,7,random,gatedmoe_g,0.7493,0.0019
e1,c10,B7333k,7,round_robin,gatedmoe_base,0.0,0.0
e1,c10,B7333k,7,round_robin,gatedmoe_g,0.7472,-0.0003
e1,c10,B7333k,7,gatedmoe_base,gatedmoe_g,0.7472,-0.0003
e1,c10,B7333k,777,learned_top1,random,0.7494,0.0044
e1,c10,B7333k,777,learned_top1,round_robin,0.7493,0.0039
e1,c10,B7333k,777,learned_top1,gatedmoe_base,0.7493,0.0039
e1,c10,B7333k,777,learned_top1,gatedmoe_g,0.7492,0.0023
e1,c10,B7333k,777,random,round_robin,0.7509,-0.0005
e1,c10,B7333k,777,random,gatedmoe_base,0.7509,-0.0005
e1,c10,B7333k,777,random,gatedmoe_g,0.7498,-0.0021
e1,c10,B7333k,777,round_robin,gatedmoe_base,0.0,0.0
e1,c10,B7333k,777,round_robin,gatedmoe_g,0.7494,-0.0016
e1,c10,B7333k,777,gatedmoe_base,gatedmoe_g,0.7494,-0.0016
e1,c10,B7333k,888,learned_top1,random,0.7505,0.0063
e1,c10,B7333k,888,learned_top1,round_robin,0.7507,0.0052
e1,c10,B7333k,888,learned_top1,gatedmoe_base,0.7507,0.0052
e1,c10,B7333k,888,learned_top1,gatedmoe_g,0.7506,0.0107
e1,c10,B7333k,888,random,round_robin,0.7501,-0.0011
e1,c10,B7333k,888,random,gatedmoe_base,0.7501,-0.0011
e1,c10,B7333k,888,random,gatedmoe_g,0.7509,0.0044
e1,c10,B7333k,888,round_robin,gatedmoe_base,0.0,0.0
e1,c10,B7333k,888,round_robin,gatedmoe_g,0.7484,0.0055
e1,c10,B7333k,888,gatedmoe_base,gatedmoe_g,0.7484,0.0055
e1,c10,B7333k,999,learned_top1,random,0.7514,-0.0047
e1,c10,B7333k,999,learned_top1,round_robin,0.7498,-0.0035
e1,c10,B7333k,999,learned_top1,gatedmoe_base,0.7498,-0.0035
e1,c10,B7333k,999,learned_top1,gatedmoe_g,0.7504,-0.0016
e1,c10,B7333k,999,random,round_robin,0.7491,0.0012
e1,c10,B7333k,999,random,gatedmoe_base,0.7491,0.0012
e1,c10,B7333k,999,random,gatedmoe_g,0.7498,0.0031
e1,c10,B7333k,999,round_robin,gatedmoe_base,0.0,0.0
e1,c10,B7333k,999,round_robin,gatedmoe_g,0.748,0.0019
e1,c10,B7333k,999,gatedmoe_base,gatedmoe_g,0.748,0.0019
e1,c10,B8390k,123,learned_top1,random,0.8001,-0.0063
e1,c10,B8390k,123,learned_top1,round_robin,0.8003,-0.0052
e1,c10,B8390k,123,learned_top1,gatedmoe_base,0.8003,-0.0052
e1,c10,B8390k,123,learned_top1,gatedmoe_g,0.8001,-0.0034
e1,c10,B8390k,123,random,round_robin,0.8001,0.0011
e1,c10,B8390k,123,random,gatedmoe_base,0.8001,0.0011
e1,c10,B8390k,123,random,gatedmoe_g,0.7995,0.0029
e1,c10,B8390k,123,round_robin,gatedmoe_base,0.0,0.0
e1,c10,B8390k,123,round_robin,gatedmoe_g,0.7996,0.0018
e1,c10,B8390k,123,gatedmoe_base,gatedmoe_g,0.7996,0.0018
e1,c10,B8390k,2026,learned_top1,random,0.801,-0.0016
e1,c10,B8390k,2026,learned_top1,round_robin,0.8003,-0.0046
e1,c10,B8390k,2026,learned_top1,gatedmoe_base,0.8003,-0.0046
e1,c10,B8390k,2026,learned_top1,gatedmoe_g,0.7991,0.0023
e1,c10,B8390k,2026,random,round_robin,0.7998,-0.003
e1,c10,B8390k,2026,random,gatedmoe_base,0.7998,-0.003
e1,c10,B8390k,2026,random,gatedmoe_g,0.7999,0.0039
e1,c10,B8390k,2026,round_robin,gatedmoe_base,0.0,0.0
e1,c10,B8390k,2026,round_robin,gatedmoe_g,0.7966,0.0069
e1,c10,B8390k,2026,gatedmoe_base,gatedmoe_g,0.7966,0.0069
e1,c10,B8390k,31415,learned_top1,random,0.8006,-0.0003
e1,c10,B8390k,31415,learned_top1,round_robin,0.7995,0.0003
e1,c10,B8390k,31415,learned_top1,gatedmoe_base,0.7995,0.0003
e1,c10,B8390k,31415,learned_top1,gatedmoe_g,0.7988,0.0038
e1,c10,B8390k,31415,random,round_robin,0.8018,0.0006
e1,c10,B8390k,31415,random,gatedmoe_base,0.8018,0.0006
e1,c10,B8390k,31415,random,gatedmoe_g,0.8004,0.0041
e1,c10,B8390k,31415,round_robin,gatedmoe_base,0.0,0.0
e1,c10,B8390k,31415,round_robin,gatedmoe_g,0.797,0.0035
e1,c10,B8390k,31415,gatedmoe_base,gatedmoe_g,0.797,0.0035
e1,c10,B8390k,42,learned_top1,random,0.8007,-0.0006
e1,c10,B8390k,42,learned_top1,round_robin,0.8003,-0.0024
e1,c10,B8390k,42,learned_top1,gatedmoe_base,0.8003,-0.0024
e1,c10,B8390k,42,learned_top1,gatedmoe_g,0.7989,0.0026
e1,c10,B8390k,42,random,round_robin,0.8002,-0.0018
e1,c10,B8390k,42,random,gatedmoe_base,0.8002,-0.0018
e1,c10,B8390k,42,random,gatedmoe_g,0.7992,0.0032
e1,c10,B8390k,42,round_robin,gatedmoe_base,0.0,0.0
e1,c10,B8390k,42,round_robin,gatedmoe_g,0.7984,0.005
e1,c10,B8390k,42,gatedmoe_base,gatedmoe_g,0.7984,0.005
e1,c10,B8390k,5150,learned_top1,random,0.8007,0.0013
e1,c10,B8390k,5150,learned_top1,round_robin,0.8002,-0.0033
e1,c10,B8390k,5150,learned_top1,gatedmoe_base,0.8002,-0.0033
e1,c10,B8390k,5150,learned_top1,gatedmoe_g,0.8004,-0.0032
e1,c10,B8390k,5150,random,round_robin,0.7991,-0.0046
e1,c10,B8390k,5150,random,gatedmoe_base,0.7991,-0.0046
e1,c10,B8390k,5150,random,gatedmoe_g,0.7999,-0.0045
e1,c10,B8390k,5150,round_robin,gatedmoe_base,0.0,0.0
e1,c10,B8390k,5150,round_robin,gatedmoe_g,0.7983,0.0001
e1,c10,B8390k,5150,gatedmoe_base,gatedmoe_g,0.7983,0.0001
e1,c10,B8390k,60486,learned_top1,random,0.7998,-0.0035
e1,c10,B8390k,60486,learned_top1,round_robin,0.7987,0.0011
e1,c10,B8390k,60486,learned_top1,gatedmoe_base,0.7987,0.0011
e1,c10,B8390k,60486,learned_top1,gatedmoe_g,0.8003,-0.003
e1,c10,B8390k,60486,random,round_robin,0.7997,0.0046
e1,c10,B8390k,60486,random,gatedmoe_base,0.7997,0.0046
e1,c10,B8390k,60486,random,gatedmoe_g,0.7983,0.0005
e1,c10,B8390k,60486,round_robin,gatedmoe_base,0.0,0.0
e1,c10,B8390k,60486,round_robin,gatedmoe_g,0.7988,-0.0041
e1,c10,B8390k,60486,gatedmoe_base,gatedmoe_g,0.7988,-0.0041
e1,c10,B8390k,7,learned_top1,random,0.801,-0.0056
e1,c10,B8390k,7,learned_top1,round_robin,0.7997,-0.0041
e1,c10,B8390k,7,learned_top1,gatedmoe_base,0.7997,-0.0041
e1,c10,B8390k,7,learned_top1,gatedmoe_g,0.8,0.0
e1,c10,B8390k,7,random,round_robin,0.7997,0.0015
e1,c10,B8390k,7,random,gatedmoe_base,0.7997,0.0015
e1,c10,B8390k,7,random,gatedmoe_g,0.7999,0.0056
e1,c10,B8390k,7,round_robin,gatedmoe_base,0.0,0.0
e1,c10,B8390k,7,round_robin,gatedmoe_g,0.8018,0.0041
e1,c10,B8390k,7,gatedmoe_base,gatedmoe_g,0.8018,0.0041
e1,c10,B8390k,777,learned_top1,random,0.8008,-0.0011
e1,c10,B8390k,777,learned_top1,round_robin,0.7999,0.0023
e1,c10,B8390k,777,learned_top1,gatedmoe_base,0.7999,0.0023
e1,c10,B8390k,777,learned_top1,gatedmoe_g,0.801,-0.0076
e1,c10,B8390k,777,random,round_robin,0.7993,0.0034
e1,c10,B8390k,777,random,gatedmoe_base,0.7993,0.0034
e1,c10,B8390k,777,random,gatedmoe_g,0.8,-0.0065
e1,c10,B8390k,777,round_robin,gatedmoe_base,0.0,0.0
e1,c10,B8390k,777,round_robin,gatedmoe_g,0.7999,-0.0099
e1,c10,B8390k,777,gatedmoe_base,gatedmoe_g,0.7999,-0.0099
e1,c10,B8390k,888,learned_top1,random,0.8001,0.0008
e1,c10,B8390k,888,learned_top1,round_robin,0.7999,0.0025
e1,c10,B8390k,888,learned_top1,gatedmoe_base,0.7999,0.0025
e1,c10,B8390k,888,learned_top1,gatedmoe_g,0.7999,0.0013
e1,c10,B8390k,888,random,round_robin,0.7995,0.0017
e1,c10,B8390k,888,random,gatedmoe_base,0.7995,0.0017
e1,c10,B8390k,888,random,gatedmoe_g,0.8005,0.0005
e1,c10,B8390k,888,round_robin,gatedmoe_base,0.0,0.0
e1,c10,B8390k,888,round_robin,gatedmoe_g,0.7999,-0.0012
e1,c10,B8390k,888,gatedmoe_base,gatedmoe_g,0.7999,-0.0012
e1,c10,B8390k,999,learned_top1,random,0.7995,0.0008
e1,c10,B8390k,999,learned_top1,round_robin,0.7991,-0.0033
e1,c10,B8390k,999,learned_top1,gatedmoe_base,0.7991,-0.0033
e1,c10,B8390k,999,learned_top1,gatedmoe_g,0.8001,0.0006
e1,c10,B8390k,999,random,round_robin,0.8011,-0.0041
e1,c10,B8390k,999,random,gatedmoe_base,0.8011,-0.0041
e1,c10,B8390k,999,random,gatedmoe_g,0.7997,-0.0002
e1,c10,B8390k,999,round_robin,gatedmoe_base,0.0,0.0
e1,c10,B8390k,999,round_robin,gatedmoe_g,0.7981,0.0039
e1,c10,B8390k,999,gatedmoe_base,gatedmoe_g,0.7981,0.0039
e1,c10,B9799k,123,learned_top1,random,0.8322,-0.008
e1,c10,B9799k,123,learned_top1,round_robin,0.8334,-0.0003
e1,c10,B9799k,123,learned_top1,gatedmoe_base,0.8334,-0.0003
e1,c10,B9799k,123,learned_top1,gatedmoe_g,0.833,-0.0042
e1,c10,B9799k,123,random,round_robin,0.8335,0.0077
e1,c10,B9799k,123,random,gatedmoe_base,0.8335,0.0077
e1,c10,B9799k,123,random,gatedmoe_g,0.8332,0.0038
e1,c10,B9799k,123,round_robin,gatedmoe_base,0.0,0.0
e1,c10,B9799k,123,round_robin,gatedmoe_g,0.833,-0.0039
e1,c10,B9799k,123,gatedmoe_base,gatedmoe_g,0.833,-0.0039
e1,c10,B9799k,2026,learned_top1,random,0.8331,0.0007
e1,c10,B9799k,2026,learned_top1,round_robin,0.8334,-0.0003
e1,c10,B9799k,2026,learned_top1,gatedmoe_base,0.8334,-0.0003
e1,c10,B9799k,2026,learned_top1,gatedmoe_g,0.8326,-0.0016
e1,c10,B9799k,2026,random,round_robin,0.833,-0.001
e1,c10,B9799k,2026,random,gatedmoe_base,0.833,-0.001
e1,c10,B9799k,2026,random,gatedmoe_g,0.8333,-0.0023
e1,c10,B9799k,2026,round_robin,gatedmoe_base,0.0,0.0
e1,c10,B9799k,2026,round_robin,gatedmoe_g,0.8354,-0.0013
e1,c10,B9799k,2026,gatedmoe_base,gatedmoe_g,0.8354,-0.0013
e1,c10,B9799k,31415,learned_top1,random,0.8332,0.0006
e1,c10,B9799k,31415,learned_top1,round_robin,0.8325,0.0022
e1,c10,B9799k,31415,learned_top1,gatedmoe_base,0.8325,0.0022
e1,c10,B9799k,31415,learned_top1,gatedmoe_g,0.8328,0.0073
e1,c10,B9799k,31415,random,round_robin,0.8333,0.0016
e1,c10,B9799k,31415,random,gatedmoe_base,0.8333,0.0016
e1,c10,B9799k,31415,random,gatedmoe_g,0.8322,0.0067
e1,c10,B9799k,31415,round_robin,gatedmoe_base,0.0,0.0
e1,c10,B9799k,31415,round_robin,gatedmoe_g,0.8349,0.0051
e1,c10,B9799k,31415,gatedmoe_base,gatedmoe_g,0.8349,0.0051
e1,c10,B9799k,42,learned_top1,random,0.8329,0.0007
e1,c10,B9799k,42,learned_top1,round_robin,0.8334,0.001
e1,c10,B9799k,42,learned_top1,gatedmoe_base,0.8334,0.001
e1,c10,B9799k,42,learned_top1,gatedmoe_g,0.8327,0.0078
e1,c10,B9799k,42,random,round_robin,0.8334,0.0003
e1,c10,B9799k,42,random,gatedmoe_base,0.8334,0.0003
e1,c10,B9799k,42,random,gatedmoe_g,0.8331,0.0071
e1,c10,B9799k,42,round_robin,gatedmoe_base,0.0,0.0
e1,c10,B9799k,42,round_robin,gatedmoe_g,0.8342,0.0068
e1,c10,B9799k,42,gatedmoe_base,gatedmoe_g,0.8342,0.0068
e1,c10,B9799k,5150,learned_top1,random,0.8342,-0.0047
e1,c10,B9799k,5150,learned_top1,round_robin,0.8331,0.0031
e1,c10,B9799k,5150,learned_top1,gatedmoe_base,0.8331,0.0031
e1,c10,B9799k,5150,learned_top1,gatedmoe_g,0.8326,0.0039
e1,c10,B9799k,5150,random,round_robin,0.833,0.0078
e1,c10,B9799k,5150,random,gatedmoe_base,0.833,0.0078
e1,c10,B9799k,5150,random,gatedmoe_g,0.8339,0.0086
e1,c10,B9799k,5150,round_robin,gatedmoe_base,0.0,0.0
e1,c10,B9799k,5150,round_robin,gatedmoe_g,0.8345,0.0008
e1,c10,B9799k,5150,gatedmoe_base,gatedmoe_g,0.8345,0.0008
e1,c10,B9799k,60486,learned_top1,random,0.8319,-0.0041
e1,c10,B9799k,60486,learned_top1,round_robin,0.8329,-0.0081
e1,c10,B9799k,60486,learned_top1,gatedmoe_base,0.8329,-0.0081
e1,c10,B9799k,60486,learned_top1,gatedmoe_g,0.8337,-0.01
e1,c10,B9799k,60486,random,round_robin,0.832,-0.004
e1,c10,B9799k,60486,random,gatedmoe_base,0.832,-0.004
e1,c10,B9799k,60486,random,gatedmoe_g,0.8319,-0.0059
e1,c10,B9799k,60486,round_robin,gatedmoe_base,0.0,0.0
e1,c10,B9799k,60486,round_robin,gatedmoe_g,0.8357,-0.0019
e1,c10,B9799k,60486,gatedmoe_base,gatedmoe_g,0.8357,-0.0019
e1,c10,B9799k,7,learned_top1,random,0.8329,-0.0065
e1,c10,B9799k,7,learned_top1,round_robin,0.8326,-0.0072
e1,c10,B9799k,7,learned_top1,gatedmoe_base,0.8326,-0.0072
e1,c10,B9799k,7,learned_top1,gatedmoe_g,0.8337,-0.0066
e1,c10,B9799k,7,random,round_robin,0.8331,-0.0007
e1,c10,B9799k,7,random,gatedmoe_base,0.8331,-0.0007
e1,c10,B9799k,7,random,gatedmoe_g,0.8338,-0.0001
e1,c10,B9799k,7,round_robin,gatedmoe_base,0.0,0.0
e1,c10,B9799k,7,round_robin,gatedmoe_g,0.8343,0.0006
e1,c10,B9799k,7,gatedmoe_base,gatedmoe_g,0.8343,0.0006
e1,c10,B9799k,777,learned_top1,random,0.8325,-0.0011
e1,c10,B9799k,777,learned_top1,round_robin,0.8332,0.0019
e1,c10,B9799k,777,learned_top1,gatedmoe_base,0.8332,0.0019
e1,c10,B9799k,777,learned_top1,gatedmoe_g,0.8333,0.0007
e1,c10,B9799k,777,random,round_robin,0.8332,0.003
e1,c10,B9799k,777,random,gatedmoe_base,0.8332,0.003
e1,c10,B9799k,777,random,gatedmoe_g,0.8337,0.0018
e1,c10,B9799k,777,round_robin,gatedmoe_base,0.0,0.0
e1,c10,B9799k,777,round_robin,gatedmoe_g,0.8341,-0.0012
e1,c10,B9799k,777,gatedmoe_base,gatedmoe_g,0.8341,-0.0012
e1,c10,B9799k,888,learned_top1,random,0.8341,0.0014
e1,c10,B9799k,888,learned_top1,round_robin,0.8335,-0.0036
e1,c10,B9799k,888,learned_top1,gatedmoe_base,0.8335,-0.0036
e1,c10,B9799k,888,learned_top1,gatedmoe_g,0.8333,-0.0041
e1,c10,B9799k,888,random,round_robin,0.8342,-0.005
e1,c10,B9799k,888,random,gatedmoe_base,0.8342,-0.005
e1,c10,B9799k,888,random,gatedmoe_g,0.8326,-0.0055
e1,c10,B9799k,888,round_robin,gatedmoe_base,0.0,0.0
e1,c10,B9799k,888,round_robin,gatedmoe_g,0.832,-0.0005
e1,c10,B9799k,888,gatedmoe_base,gatedmoe_g,0.832,-0.0005
e1,c10,B9799k,999,learned_top1,random,0.8331,0.0044
e1,c10,B9799k,999,learned_top1,round_robin,0.8337,0.0001
e1,c10,B9799k,999,learned_top1,gatedmoe_base,0.8337,0.0001
e1,c10,B9799k,999,learned_top1,gatedmoe_g,0.8335,-0.0019
e1,c10,B9799k,999,random,round_robin,0.8325,-0.0043
e1,c10,B9799k,999,random,gatedmoe_base,0.8325,-0.0043
e1,c10,B9799k,999,random,gatedmoe_g,0.8332,-0.0063
e1,c10,B9799k,999,round_robin,gatedmoe_base,0.0,0.0
e1,c10,B9799k,999,round_robin,gatedmoe_g,0.8332,-0.002
e1,c10,B9799k,999,gatedmoe_base,gatedmoe_g,0.8332,-0.002
e1,c100,B13322k,123,learned_top1,random,0.8577,0.001
e1,c100,B13322k,123,learned_top1,round_robin,0.8572,0.0037
e1,c100,B13322k,123,learned_top1,gatedmoe_base,0.8572,0.0037
e1,c100,B13322k,123,learned_top1,gatedmoe_g,0.856,0.0023
e1,c100,B13322k,123,random,round_robin,0.8571,0.0027
e1,c100,B13322k,123,random,gatedmoe_base,0.8571,0.0027
e1,c100,B13322k,123,random,gatedmoe_g,0.8575,0.0013
e1,c100,B13322k,123,round_robin,gatedmoe_base,0.0,0.0
e1,c100,B13322k,123,round_robin,gatedmoe_g,0.8567,-0.0014
e1,c100,B13322k,123,gatedmoe_base,gatedmoe_g,0.8567,-0.0014
e1,c100,B13322k,2026,learned_top1,random,0.8568,0.0032
e1,c100,B13322k,2026,learned_top1,round_robin,0.8573,0.0071
e1,c100,B13322k,2026,learned_top1,gatedmoe_base,0.8573,0.0071
e1,c100,B13322k,2026,learned_top1,gatedmoe_g,0.8568,0.0007
e1,c100,B13322k,2026,random,round_robin,0.8576,0.0039
e1,c100,B13322k,2026,random,gatedmoe_base,0.8576,0.0039
e1,c100,B13322k,2026,random,gatedmoe_g,0.8567,-0.0025
e1,c100,B13322k,2026,round_robin,gatedmoe_base,0.0,0.0
e1,c100,B13322k,2026,round_robin,gatedmoe_g,0.8567,-0.0064
e1,c100,B13322k,2026,gatedmoe_base,gatedmoe_g,0.8567,-0.0064
e1,c100,B13322k,31415,learned_top1,random,0.8565,-0.0004
e1,c100,B13322k,31415,learned_top1,round_robin,0.8562,0.007
e1,c100,B13322k,31415,learned_top1,gatedmoe_base,0.8562,0.007
e1,c100,B13322k,31415,learned_top1,gatedmoe_g,0.857,0.0047
e1,c100,B13322k,31415,random,round_robin,0.8582,0.0074
e1,c100,B13322k,31415,random,gatedmoe_base,0.8582,0.0074
e1,c100,B13322k,31415,random,gatedmoe_g,0.8565,0.0051
e1,c100,B13322k,31415,round_robin,gatedmoe_base,0.0,0.0
e1,c100,B13322k,31415,round_robin,gatedmoe_g,0.8586,-0.0023
e1,c100,B13322k,31415,gatedmoe_base,gatedmoe_g,0.8586,-0.0023
e1,c100,B13322k,42,learned_top1,random,0.857,0.0023
e1,c100,B13322k,42,learned_top1,round_robin,0.8584,-0.0037
e1,c100,B13322k,42,learned_top1,gatedmoe_base,0.8584,-0.0037
e1,c100,B13322k,42,learned_top1,gatedmoe_g,0.8576,0.0041
e1,c100,B13322k,42,random,round_robin,0.8568,-0.006
e1,c100,B13322k,42,random,gatedmoe_base,0.8568,-0.006
e1,c100,B13322k,42,random,gatedmoe_g,0.8572,0.0018
e1,c100,B13322k,42,round_robin,gatedmoe_base,0.0,0.0
e1,c100,B13322k,42,round_robin,gatedmoe_g,0.8569,0.0078
e1,c100,B13322k,42,gatedmoe_base,gatedmoe_g,0.8569,0.0078
e1,c100,B13322k,5150,learned_top1,random,0.8557,-0.0024
e1,c100,B13322k,5150,learned_top1,round_robin,0.8571,-0.0006
e1,c100,B13322k,5150,learned_top1,gatedmoe_base,0.8571,-0.0006
e1,c100,B13322k,5150,learned_top1,gatedmoe_g,0.8574,0.0001
e1,c100,B13322k,5150,random,round_robin,0.857,0.0018
e1,c100,B13322k,5150,random,gatedmoe_base,0.857,0.0018
e1,c100,B13322k,5150,random,gatedmoe_g,0.8577,0.0025
e1,c100,B13322k,5150,round_robin,gatedmoe_base,0.0,0.0
e1,c100,B13322k,5150,round_robin,gatedmoe_g,0.8581,0.0007
e1,c100,B13322k,5150,gatedmoe_base,gatedmoe_g,0.8581,0.0007
e1,c100,B13322k,60486,learned_top1,random,0.8567,-0.0016
e1,c100,B13322k,60486,learned_top1,round_robin,0.8564,-0.0091
e1,c100,B13322k,60486,learned_top1,gatedmoe_base,0.8564,-0.0091
e1,c100,B13322k,60486,learned_top1,gatedmoe_g,0.8561,-0.0048
e1,c100,B13322k,60486,random,round_robin,0.8573,-0.0075
e1,c100,B13322k,60486,random,gatedmoe_base,0.8573,-0.0075
e1,c100,B13322k,60486,random,gatedmoe_g,0.8584,-0.0032
e1,c100,B13322k,60486,round_robin,gatedmoe_base,0.0,0.0
e1,c100,B13322k,60486,round_robin,gatedmoe_g,0.8572,0.0043
e1,c100,B13322k,60486,gatedmoe_base,gatedmoe_g,0.8572,0.0043
e1,c100,B13322k,7,learned_top1,random,0.8563,0.0025
e1,c100,B13322k,7,learned_top1,round_robin,0.8576,0.0013
e1,c100,B13322k,7,learned_top1,gatedmoe_base,0.8576,0.0013
e1,c100,B13322k,7,learned_top1,gatedmoe_g,0.8575,-0.0017
e1,c100,B13322k,7,random,round_robin,0.8576,-0.0012
e1,c100,B13322k,7,random,gatedmoe_base,0.8576,-0.0012
e1,c100,B13322k,7,random,gatedmoe_g,0.8573,-0.0042
e1,c100,B13322k,7,round_robin,gatedmoe_base,0.0,0.0
e1,c100,B13322k,7,round_robin,gatedmoe_g,0.8586,-0.003
e1,c100,B13322k,7,gatedmoe_base,gatedmoe_g,0.8586,-0.003
e1,c100,B13322k,777,learned_top1,random,0.8571,0.0058
e1,c100,B13322k,777,learned_top1,round_robin,0.8574,0.0098
e1,c100,B13322k,777,learned_top1,gatedmoe_base,0.8574,0.0098
e1,c100,B13322k,777,learned_top1,gatedmoe_g,0.8576,0.0091
e1,c100,B13322k,777,random,round_robin,0.8569,0.004
e1,c100,B13322k,777,random,gatedmoe_base,0.8569,0.004
e1,c100,B13322k,777,random,gatedmoe_g,0.8572,0.0033
e1,c100,B13322k,777,round_robin,gatedmoe_base,0.0,0.0
e1,c100,B13322k,777,round_robin,gatedmoe_g,0.8569,-0.0007
e1,c100,B13322k,777,gatedmoe_base,gatedmoe_g,0.8569,-0.0007
e1,c100,B13322k,888,learned_top1,random,0.8581,-0.0025
e1,c100,B13322k,888,learned_top1,round_robin,0.8569,-0.0019
e1,c100,B13322k,888,learned_top1,gatedmoe_base,0.8569,-0.0019
e1,c100,B13322k,888,learned_top1,gatedmoe_g,0.8561,-0.0011
e1,c100,B13322k,888,random,round_robin,0.8565,0.0006
e1,c100,B13322k,888,random,gatedmoe_base,0.8565,0.0006
e1,c100,B13322k,888,random,gatedmoe_g,0.8573,0.0014
e1,c100,B13322k,888,round_robin,gatedmoe_base,0.0,0.0
e1,c100,B13322k,888,round_robin,gatedmoe_g,0.8562,0.0008
e1,c100,B13322k,888,gatedmoe_base,gatedmoe_g,0.8562,0.0008
e1,c100,B13322k,999,learned_top1,random,0.8587,-0.0015
e1,c100,B13322k,999,learned_top1,round_robin,0.8572,-0.0028
e1,c100,B13322k,999,learned_top1,gatedmoe_base,0.8572,-0.0028
e1,c100,B13322k,999,learned_top1,gatedmoe_g,0.8575,-0.0007
e1,c100,B13322k,999,random,round_robin,0.8572,-0.0013
e1,c100,B13322k,999,random,gatedmoe_base,0.8572,-0.0013
e1,c100,B13322k,999,random,gatedmoe_g,0.8577,0.0008
e1,c100,B13322k,999,round_robin,gatedmoe_base,0.0,0.0
e1,c100,B13322k,999,round_robin,gatedmoe_g,0.856,0.0021
e1,c100,B13322k,999,gatedmoe_base,gatedmoe_g,0.856,0.0021
e1,c100,B17350k,123,learned_top1,random,0.8753,0.0021
e1,c100,B17350k,123,learned_top1,round_robin,0.8745,0.0017
e1,c100,B17350k,123,learned_top1,gatedmoe_base,0.8745,0.0017
e1,c100,B17350k,123,learned_top1,gatedmoe_g,0.8738,0.0019
e1,c100,B17350k,123,random,round_robin,0.8754,-0.0004
e1,c100,B17350k,123,random,gatedmoe_base,0.8754,-0.0004
e1,c100,B17350k,123,random,gatedmoe_g,0.8761,-0.0002
e1,c100,B17350k,123,round_robin,gatedmoe_base,0.0,0.0
e1,c100,B17350k,123,round_robin,gatedmoe_g,0.8724,0.0002
e1,c100,B17350k,123,gatedmoe_base,gatedmoe_g,0.8724,0.0002
e1,c100,B17350k,2026,learned_top1,random,0.8745,0.0067
e1,c100,B17350k,2026,learned_top1,round_robin,0.875,0.0008
e1,c100,B17350k,2026,learned_top1,gatedmoe_base,0.875,0.0008
e1,c100,B17350k,2026,learned_top1,gatedmoe_g,0.8759,-0.0013
e1,c100,B17350k,2026,random,round_robin,0.8738,-0.0059
e1,c100,B17350k,2026,random,gatedmoe_base,0.8738,-0.0059
e1,c100,B17350k,2026,random,gatedmoe_g,0.8744,-0.008
e1,c100,B17350k,2026,round_robin,gatedmoe_base,0.0,0.0
e1,c100,B17350k,2026,round_robin,gatedmoe_g,0.8755,-0.0021
e1,c100,B17350k,2026,gatedmoe_base,gatedmoe_g,0.8755,-0.0021
e1,c100,B17350k,31415,learned_top1,random,0.8751,0.0041
e1,c100,B17350k,31415,learned_top1,round_robin,0.8745,0.0077
e1,c100,B17350k,31415,learned_top1,gatedmoe_base,0.8745,0.0077
e1,c100,B17350k,31415,learned_top1,gatedmoe_g,0.8745,0.0017
e1,c100,B17350k,31415,random,round_robin,0.8739,0.0036
e1,c100,B17350k,31415,random,gatedmoe_base,0.8739,0.0036
e1,c100,B17350k,31415,random,gatedmoe_g,0.8759,-0.0024
e1,c100,B17350k,31415,round_robin,gatedmoe_base,0.0,0.0
e1,c100,B17350k,31415,round_robin,gatedmoe_g,0.8746,-0.006
e1,c100,B17350k,31415,gatedmoe_base,gatedmoe_g,0.8746,-0.006
e1,c100,B17350k,42,learned_top1,random,0.8754,0.0001
e1,c100,B17350k,42,learned_top1,round_robin,0.8759,0.0011
e1,c100,B17350k,42,learned_top1,gatedmoe_base,0.8759,0.0011
e1,c100,B17350k,42,learned_top1,gatedmoe_g,0.875,-0.0002
e1,c100,B17350k,42,random,round_robin,0.8742,0.001
e1,c100,B17350k,42,random,gatedmoe_base,0.8742,0.001
e1,c100,B17350k,42,random,gatedmoe_g,0.8751,-0.0003
e1,c100,B17350k,42,round_robin,gatedmoe_base,0.0,0.0
e1,c100,B17350k,42,round_robin,gatedmoe_g,0.8743,-0.0013
e1,c100,B17350k,42,gatedmoe_base,gatedmoe_g,0.8743,-0.0013
e1,c100,B17350k,5150,learned_top1,random,0.875,0.0002
e1,c100,B17350k,5150,learned_top1,round_robin,0.8749,0.0006
e1,c100,B17350k,5150,learned_top1,gatedmoe_base,0.8749,0.0006
e1,c100,B17350k,5150,learned_top1,gatedmoe_g,0.8746,-0.0006
e1,c100,B17350k,5150,random,round_robin,0.8742,0.0004
e1,c100,B17350k,5150,random,gatedmoe_base,0.8742,0.0004
e1,c100,B17350k,5150,random,gatedmoe_g,0.8748,-0.0008
e1,c100,B17350k,5150,round_robin,gatedmoe_base,0.0,0.0
e1,c100,B17350k,5150,round_robin,gatedmoe_g,0.8751,-0.0012
e1,c100,B17350k,5150,gatedmoe_base,gatedmoe_g,0.8751,-0.0012
e1,c100,B17350k,60486,learned_top1,random,0.8752,0.0009
e1,c100,B17350k,60486,learned_top1,round_robin,0.8748,0.0013
e1,c100,B17350k,60486,learned_top1,gatedmoe_base,0.8748,0.0013
e1,c100,B17350k,60486,learned_top1,gatedmoe_g,0.8745,-0.0012
e1,c100,B17350k,60486,random,round_robin,0.8754,0.0004
e1,c100,B17350k,60486,random,gatedmoe_base,0.8754,0.0004
e1,c100,B17350k,60486,random,gatedmoe_g,0.8736,-0.0021
e1,c100,B17350k,60486,round_robin,gatedmoe_base,0.0,0.0
e1,c100,B17350k,60486,round_robin,gatedmoe_g,0.8739,-0.0025
e1,c100,B17350k,60486,gatedmoe_base,gatedmoe_g,0.8739,-0.0025
e1,c100,B17350k,7,learned_top1,random,0.8746,0.0027
e1,c100,B17350k,7,learned_top1,round_robin,0.8744,0.0032
e1,c100,B17350k,7,learned_top1,gatedmoe_base,0.8744,0.0032
e1,c100,B17350k,7,learned_top1,gatedmoe_g,0.8751,0.0026
e1,c100,B17350k,7,random,round_robin,0.8768,0.0005
e1,c100,B17350k,7,random,gatedmoe_base,0.8768,0.0005
e1,c100,B17350k,7,random,gatedmoe_g,0.8745,-0.0001
e1,c100,B17350k,7,round_robin,gatedmoe_base,0.0,0.0
e1,c100,B17350k,7,round_robin,gatedmoe_g,0.8778,-0.0006
e1,c100,B17350k,7,gatedmoe_base,gatedmoe_g,0.8778,-0.0006
e1,c100,B17350k,777,learned_top1,random,0.8751,0.0018
e1,c100,B17350k,777,learned_top1,round_robin,0.8761,0.0027
e1,c100,B17350k,777,learned_top1,gatedmoe_base,0.8761,0.0027
e1,c100,B17350k,777,learned_top1,gatedmoe_g,0.8755,0.0025
e1,c100,B17350k,777,random,round_robin,0.8752,0.0009
e1,c100,B17350k,777,random,gatedmoe_base,0.8752,0.0009
e1,c100,B17350k,777,random,gatedmoe_g,0.8763,0.0007
e1,c100,B17350k,777,round_robin,gatedmoe_base,0.0,0.0
e1,c100,B17350k,777,round_robin,gatedmoe_g,0.8755,-0.0002
e1,c100,B17350k,777,gatedmoe_base,gatedmoe_g,0.8755,-0.0002
e1,c100,B17350k,888,learned_top1,random,0.8754,-0.0064
e1,c100,B17350k,888,learned_top1,round_robin,0.8752,-0.0057
e1,c100,B17350k,888,learned_top1,gatedmoe_base,0.8752,-0.005
e1,c100,B17350k,888,learned_top1,gatedmoe_g,0.8741,-0.0051
e1,c100,B17350k,888,random,round_robin,0.8754,0.0007
e1,c100,B17350k,888,random,gatedmoe_base,0.8754,0.0014
e1,c100,B17350k,888,random,gatedmoe_g,0.8755,0.0013
e1,c100,B17350k,888,round_robin,gatedmoe_base,0.0,0.0007
e1,c100,B17350k,888,round_robin,gatedmoe_g,0.8752,0.0006
e1,c100,B17350k,888,gatedmoe_base,gatedmoe_g,0.8752,-0.0001
e1,c100,B17350k,999,learned_top1,random,0.8739,-0.0035
e1,c100,B17350k,999,learned_top1,round_robin,0.8752,-0.001
e1,c100,B17350k,999,learned_top1,gatedmoe_base,0.8752,-0.001
e1,c100,B17350k,999,learned_top1,gatedmoe_g,0.875,-0.0028
e1,c100,B17350k,999,random,round_robin,0.8749,0.0025
e1,c100,B17350k,999,random,gatedmoe_base,0.8749,0.0025
e1,c100,B17350k,999,random,gatedmoe_g,0.8755,0.0007
e1,c100,B17350k,999,round_robin,gatedmoe_base,0.0,0.0
e1,c100,B17350k,999,round_robin,gatedmoe_g,0.8736,-0.0018
e1,c100,B17350k,999,gatedmoe_base,gatedmoe_g,0.8736,-0.0018
e1,c100,B3907k,123,learned_top1,random,0.0,-0.0046
e1,c100,B3907k,123,learned_top1,round_robin,0.0,-0.0046
e1,c100,B3907k,123,learned_top1,gatedmoe_base,0.0,-0.0046
e1,c100,B3907k,123,learned_top1,gatedmoe_g,0.0,-0.0046
e1,c100,B3907k,123,random,round_robin,0.0,0.0
e1,c100,B3907k,123,random,gatedmoe_base,0.0,0.0
e1,c100,B3907k,123,random,gatedmoe_g,0.0,0.0
e1,c100,B3907k,123,round_robin,gatedmoe_base,0.0,0.0
e1,c100,B3907k,123,round_robin,gatedmoe_g,0.0,0.0
e1,c100,B3907k,123,gatedmoe_base,gatedmoe_g,0.0,0.0
e1,c100,B3907k,2026,learned_top1,random,0.0,-0.0032
e1,c100,B3907k,2026,learned_top1,round_robin,0.0,-0.0032
e1,c100,B3907k,2026,learned_top1,gatedmoe_base,0.0,-0.0032
e1,c100,B3907k,2026,learned_top1,gatedmoe_g,0.0,-0.0032
e1,c100,B3907k,2026,random,round_robin,0.0,0.0
e1,c100,B3907k,2026,random,gatedmoe_base,0.0,0.0
e1,c100,B3907k,2026,random,gatedmoe_g,0.0,0.0
e1,c100,B3907k,2026,round_robin,gatedmoe_base,0.0,0.0
e1,c100,B3907k,2026,round_robin,gatedmoe_g,0.0,0.0
e1,c100,B3907k,2026,gatedmoe_base,gatedmoe_g,0.0,0.0
e1,c100,B3907k,31415,learned_top1,random,0.0,0.0
e1,c100,B3907k,31415,learned_top1,round_robin,0.0,0.0
e1,c100,B3907k,31415,learned_top1,gatedmoe_base,0.0,0.0
e1,c100,B3907k,31415,learned_top1,gatedmoe_g,0.0,0.0
e1,c100,B3907k,31415,random,round_robin,0.0,0.0
e1,c100,B3907k,31415,random,gatedmoe_base,0.0,0.0
e1,c100,B3907k,31415,random,gatedmoe_g,0.0,0.0
e1,c100,B3907k,31415,round_robin,gatedmoe_base,0.0,0.0
e1,c100,B3907k,31415,round_robin,gatedmoe_g,0.0,0.0
e1,c100,B3907k,31415,gatedmoe_base,gatedmoe_g,0.0,0.0
e1,c100,B3907k,42,learned_top1,random,0.0,-0.0042
e1,c100,B3907k,42,learned_top1,round_robin,0.0,-0.0042
e1,c100,B3907k,42,learned_top1,gatedmoe_base,0.0,-0.0042
e1,c100,B3907k,42,learned_top1,gatedmoe_g,0.0,-0.0042
e1,c100,B3907k,42,random,round_robin,0.0,0.0
e1,c100,B3907k,42,random,gatedmoe_base,0.0,0.0
e1,c100,B3907k,42,random,gatedmoe_g,0.0,0.0
e1,c100,B3907k,42,round_robin,gatedmoe_base,0.0,0.0
e1,c100,B3907k,42,round_robin,gatedmoe_g,0.0,0.0
e1,c100,B3907k,42,gatedmoe_base,gatedmoe_g,0.0,0.0
e1,c100,B3907k,5150,learned_top1,random,0.0,0.0011
e1,c100,B3907k,5150,learned_top1,round_robin,0.0,0.0011
e1,c100,B3907k,5150,learned_top1,gatedmoe_base,0.0,0.0011
e1,c100,B3907k,5150,learned_top1,gatedmoe_g,0.0,0.0011
e1,c100,B3907k,5150,random,round_robin,0.0,0.0
e1,c100,B3907k,5150,random,gatedmoe_base,0.0,0.0
e1,c100,B3907k,5150,random,gatedmoe_g,0.0,0.0
e1,c100,B3907k,5150,round_robin,gatedmoe_base,0.0,0.0
e1,c100,B3907k,5150,round_robin,gatedmoe_g,0.0,0.0
e1,c100,B3907k,5150,gatedmoe_base,gatedmoe_g,0.0,0.0
e1,c100,B3907k,60486,learned_top1,random,0.0,-0.0017
e1,c100,B3907k,60486,learned_top1,round_robin,0.0,-0.0017
e1,c100,B3907k,60486,learned_top1,gatedmoe_base,0.0,-0.0017
e1,c100,B3907k,60486,learned_top1,gatedmoe_g,0.0,-0.0017
e1,c100,B3907k,60486,random,round_robin,0.0,0.0
e1,c100,B3907k,60486,random,gatedmoe_base,0.0,0.0
e1,c100,B3907k,60486,random,gatedmoe_g,0.0,0.0
e1,c100,B3907k,60486,round_robin,gatedmoe_base,0.0,0.0
e1,c100,B3907k,60486,round_robin,gatedmoe_g,0.0,0.0
e1,c100,B3907k,60486,gatedmoe_base,gatedmoe_g,0.0,0.0
e1,c100,B3907k,7,learned_top1,random,0.0,0.0016
e1,c100,B3907k,7,learned_top1,round_robin,0.0,0.0016
e1,c100,B3907k,7,learned_top1,gatedmoe_base,0.0,0.0016
e1,c100,B3907k,7,learned_top1,gatedmoe_g,0.0,0.0016
e1,c100,B3907k,7,random,round_robin,0.0,0.0
e1,c100,B3907k,7,random,gatedmoe_base,0.0,0.0
e1,c100,B3907k,7,random,gatedmoe_g,0.0,0.0
e1,c100,B3907k,7,round_robin,gatedmoe_base,0.0,0.0
e1,c100,B3907k,7,round_robin,gatedmoe_g,0.0,0.0
e1,c100,B3907k,7,gatedmoe_base,gatedmoe_g,0.0,0.0
e1,c100,B3907k,777,learned_top1,random,0.0,0.0056
e1,c100,B3907k,777,learned_top1,round_robin,0.0,0.0056
e1,c100,B3907k,777,learned_top1,gatedmoe_base,0.0,0.0056
e1,c100,B3907k,777,learned_top1,gatedmoe_g,0.0,0.0056
e1,c100,B3907k,777,random,round_robin,0.0,0.0
e1,c100,B3907k,777,random,gatedmoe_base,0.0,0.0
e1,c100,B3907k,777,random,gatedmoe_g,0.0,0.0
e1,c100,B3907k,777,round_robin,gatedmoe_base,0.0,0.0
e1,c100,B3907k,777,round_robin,gatedmoe_g,0.0,0.0
e1,c100,B3907k,777,gatedmoe_base,gatedmoe_g,0.0,0.0
e1,c100,B3907k,888,learned_top1,random,0.0,-0.0021
e1,c100,B3907k,888,learned_top1,round_robin,0.0,-0.0021
e1,c100,B3907k,888,learned_top1,gatedmoe_base,0.0,-0.0021
e1,c100,B3907k,888,learned_top1,gatedmoe_g,0.0,-0.0021
e1,c100,B3907k,888,random,round_robin,0.0,0.0
e1,c100,B3907k,888,random,gatedmoe_base,0.0,0.0
e1,c100,B3907k,888,random,gatedmoe_g,0.0,0.0
e1,c100,B3907k,888,round_robin,gatedmoe_base,0.0,0.0
e1,c100,B3907k,888,round_robin,gatedmoe_g,0.0,0.0
e1,c100,B3907k,888,gatedmoe_base,gatedmoe_g,0.0,0.0
e1,c100,B3907k,999,learned_top1,random,0.0,-0.0007
e1,c100,B3907k,999,learned_top1,round_robin,0.0,-0.0007
e1,c100,B3907k,999,learned_top1,gatedmoe_base,0.0,-0.0007
e1,c100,B3907k,999,learned_top1,gatedmoe_g,0.0,-0.0007
e1,c100,B3907k,999,random,round_robin,0.0,0.0
e1,c100,B3907k,999,random,gatedmoe_base,0.0,0.0
e1,c100,B3907k,999,random,gatedmoe_g,0.0,0.0
e1,c100,B3907k,999,round_robin,gatedmoe_base,0.0,0.0
e1,c100,B3907k,999,round_robin,gatedmoe_g,0.0,0.0
e1,c100,B3907k,999,gatedmoe_base,gatedmoe_g,0.0,0.0
e1,c100,B5748k,123,learned_top1,random,0.0,0.0051
e1,c100,B5748k,123,learned_top1,round_robin,0.0,0.0051
e1,c100,B5748k,123,learned_top1,gatedmoe_base,0.0,0.0051
e1,c100,B5748k,123,learned_top1,gatedmoe_g,0.0,0.0051
e1,c100,B5748k,123,random,round_robin,0.0,0.0
e1,c100,B5748k,123,random,gatedmoe_base,0.0,0.0
e1,c100,B5748k,123,random,gatedmoe_g,0.0,0.0
e1,c100,B5748k,123,round_robin,gatedmoe_base,0.0,0.0
e1,c100,B5748k,123,round_robin,gatedmoe_g,0.0,0.0
e1,c100,B5748k,123,gatedmoe_base,gatedmoe_g,0.0,0.0
e1,c100,B5748k,2026,learned_top1,random,0.0,-0.0022
e1,c100,B5748k,2026,learned_top1,round_robin,0.0,-0.0022
e1,c100,B5748k,2026,learned_top1,gatedmoe_base,0.0,-0.0022
e1,c100,B5748k,2026,learned_top1,gatedmoe_g,0.0,-0.0022
e1,c100,B5748k,2026,random,round_robin,0.0,0.0
e1,c100,B5748k,2026,random,gatedmoe_base,0.0,0.0
e1,c100,B5748k,2026,random,gatedmoe_g,0.0,0.0
e1,c100,B5748k,2026,round_robin,gatedmoe_base,0.0,0.0
e1,c100,B5748k,2026,round_robin,gatedmoe_g,0.0,0.0
e1,c100,B5748k,2026,gatedmoe_base,gatedmoe_g,0.0,0.0
e1,c100,B5748k,31415,learned_top1,random,0.0,-0.0023
e1,c100,B5748k,31415,learned_top1,round_robin,0.0,-0.0023
e1,c100,B5748k,31415,learned_top1,gatedmoe_base,0.0,-0.0023
e1,c100,B5748k,31415,learned_top1,gatedmoe_g,0.0,-0.0023
e1,c100,B5748k,31415,random,round_robin,0.0,0.0
e1,c100,B5748k,31415,random,gatedmoe_base,0.0,0.0
e1,c100,B5748k,31415,random,gatedmoe_g,0.0,0.0
e1,c100,B5748k,31415,round_robin,gatedmoe_base,0.0,0.0
e1,c100,B5748k,31415,round_robin,gatedmoe_g,0.0,0.0
e1,c100,B5748k,31415,gatedmoe_base,gatedmoe_g,0.0,0.0
e1,c100,B5748k,42,learned_top1,random,0.0,0.0053
e1,c100,B5748k,42,learned_top1,round_robin,0.0,0.0053
e1,c100,B5748k,42,learned_top1,gatedmoe_base,0.0,0.0053
e1,c100,B5748k,42,learned_top1,gatedmoe_g,0.0,0.0053
e1,c100,B5748k,42,random,round_robin,0.0,0.0
e1,c100,B5748k,42,random,gatedmoe_base,0.0,0.0
e1,c100,B5748k,42,random,gatedmoe_g,0.0,0.0
e1,c100,B5748k,42,round_robin,gatedmoe_base,0.0,0.0
e1,c100,B5748k,42,round_robin,gatedmoe_g,0.0,0.0
e1,c100,B5748k,42,gatedmoe_base,gatedmoe_g,0.0,0.0
e1,c100,B5748k,5150,learned_top1,random,0.0,-0.0008
e1,c100,B5748k,5150,learned_top1,round_robin,0.0,-0.0008
e1,c100,B5748k,5150,learned_top1,gatedmoe_base,0.0,-0.0008
e1,c100,B5748k,5150,learned_top1,gatedmoe_g,0.0,-0.0008
e1,c100,B5748k,5150,random,round_robin,0.0,0.0
e1,c100,B5748k,5150,random,gatedmoe_base,0.0,0.0
e1,c100,B5748k,5150,random,gatedmoe_g,0.0,0.0
e1,c100,B5748k,5150,round_robin,gatedmoe_base,0.0,0.0
e1,c100,B5748k,5150,round_robin,gatedmoe_g,0.0,0.0
e1,c100,B5748k,5150,gatedmoe_base,gatedmoe_g,0.0,0.0
e1,c100,B5748k,60486,learned_top1,random,0.0,-0.0028
e1,c100,B5748k,60486,learned_top1,round_robin,0.0,-0.0028
e1,c100,B5748k,60486,learned_top1,gatedmoe_base,0.0,-0.0028
e1,c100,B5748k,60486,learned_top1,gatedmoe_g,0.0,-0.0028
e1,c100,B5748k,60486,random,round_robin,0.0,0.0
e1,c100,B5748k,60486,random,gatedmoe_base,0.0,0.0
e1,c100,B5748k,60486,random,gatedmoe_g,0.0,0.0
e1,c100,B5748k,60486,round_robin,gatedmoe_base,0.0,0.0
e1,c100,B5748k,60486,round_robin,gatedmoe_g,0.0,0.0
e1,c100,B5748k,60486,gatedmoe_base,gatedmoe_g,0.0,0.0
e1,c100,B5748k,7,learned_top1,random,0.0,-0.0023
e1,c100,B5748k,7,learned_top1,round_robin,0.0,-0.0023
e1,c100,B5748k,7,learned_top1,gatedmoe_base,0.0,-0.0023
e1,c100,B5748k,7,learned_top1,gatedmoe_g,0.0,-0.0023
e1,c100,B5748k,7,random,round_robin,0.0,0.0
e1,c100,B5748k,7,random,gatedmoe_base,0.0,0.0
e1,c100,B5748k,7,random,gatedmoe_g,0.0,0.0
e1,c100,B5748k,7,round_robin,gatedmoe_base,0.0,0.0
e1,c100,B5748k,7,round_robin,gatedmoe_g,0.0,0.0
e1,c100,B5748k,7,gatedmoe_base,gatedmoe_g,0.0,0.0
e1,c100,B5748k,777,learned_top1,random,0.0,-0.0005
e1,c100,B5748k,777,learned_top1,round_robin,0.0,-0.0005
e1,c100,B5748k,777,learned_top1,gatedmoe_base,0.0,-0.0005
e1,c100,B5748k,777,learned_top1,gatedmoe_g,0.0,-0.0005
e1,c100,B5748k,777,random,round_robin,0.0,0.0
e1,c100,B5748k,777,random,gatedmoe_base,0.0,0.0
e1,c100,B5748k,777,random,gatedmoe_g,0.0,0.0
e1,c100,B5748k,777,round_robin,gatedmoe_base,0.0,0.0
e1,c100,B5748k,777,round_robin,gatedmoe_g,0.0,0.0
e1,c100,B5748k,777,gatedmoe_base,gatedmoe_g,0.0,0.0
e1,c100,B5748k,888,learned_top1,random,0.0,-0.0064
e1,c100,B5748k,888,learned_top1,round_robin,0.0,-0.0064
e1,c100,B5748k,888,learned_top1,gatedmoe_base,0.0,-0.0064
e1,c100,B5748k,888,learned_top1,gatedmoe_g,0.0,-0.0064
e1,c100,B5748k,888,random,round_robin,0.0,0.0
e1,c100,B5748k,888,random,gatedmoe_base,0.0,0.0
e1,c100,B5748k,888,random,gatedmoe_g,0.0,0.0
e1,c100,B5748k,888,round_robin,gatedmoe_base,0.0,0.0
e1,c100,B5748k,888,round_robin,gatedmoe_g,0.0,0.0
e1,c100,B5748k,888,gatedmoe_base,gatedmoe_g,0.0,0.0
e1,c100,B5748k,999,learned_top1,random,0.0,-0.0106
e1,c100,B5748k,999,learned_top1,round_robin,0.0,-0.0106
e1,c100,B5748k,999,learned_top1,gatedmoe_base,0.0,-0.0106
e1,c100,B5748k,999,learned_top1,gatedmoe_g,0.0,-0.0106
e1,c100,B5748k,999,random,round_robin,0.0,0.0
e1,c100,B5748k,999,random,gatedmoe_base,0.0,0.0
e1,c100,B5748k,999,random,gatedmoe_g,0.0,0.0
e1,c100,B5748k,999,round_robin,gatedmoe_base,0.0,0.0
e1,c100,B5748k,999,round_robin,gatedmoe_g,0.0,0.0
e1,c100,B5748k,999,gatedmoe_base,gatedmoe_g,0.0,0.0
e1,c100,B6100k,123,learned_top1,random,0.4987,-0.0067
e1,c100,B6100k,123,learned_top1,round_robin,0.4999,-0.002
e1,c100,B6100k,123,learned_top1,gatedmoe_base,0.4999,-0.002
e1,c100,B6100k,123,learned_top1,gatedmoe_g,0.4999,-0.002
e1,c100,B6100k,123,random,round_robin,0.5008,0.0047
e1,c100,B6100k,123,random,gatedmoe_base,0.5008,0.0047
e1,c100,B6100k,123,random,gatedmoe_g,0.5008,0.0047
e1,c100,B6100k,123,round_robin,gatedmoe_base,0.0,0.0
e1,c100,B6100k,123,round_robin,gatedmoe_g,0.0,0.0
e1,c100,B6100k,123,gatedmoe_base,gatedmoe_g,0.0,0.0
e1,c100,B6100k,2026,learned_top1,random,0.4991,-0.0006
e1,c100,B6100k,2026,learned_top1,round_robin,0.4992,-0.0005
e1,c100,B6100k,2026,learned_top1,gatedmoe_base,0.4992,-0.0005
e1,c100,B6100k,2026,learned_top1,gatedmoe_g,0.4992,-0.0005
e1,c100,B6100k,2026,random,round_robin,0.4997,0.0001
e1,c100,B6100k,2026,random,gatedmoe_base,0.4997,0.0001
e1,c100,B6100k,2026,random,gatedmoe_g,0.4997,0.0001
e1,c100,B6100k,2026,round_robin,gatedmoe_base,0.0,0.0
e1,c100,B6100k,2026,round_robin,gatedmoe_g,0.0,0.0
e1,c100,B6100k,2026,gatedmoe_base,gatedmoe_g,0.0,0.0
e1,c100,B6100k,31415,learned_top1,random,0.5,0.0013
e1,c100,B6100k,31415,learned_top1,round_robin,0.4999,0.0007
e1,c100,B6100k,31415,learned_top1,gatedmoe_base,0.4999,0.0007
e1,c100,B6100k,31415,learned_top1,gatedmoe_g,0.4999,0.0007
e1,c100,B6100k,31415,random,round_robin,0.4996,-0.0006
e1,c100,B6100k,31415,random,gatedmoe_base,0.4996,-0.0006
e1,c100,B6100k,31415,random,gatedmoe_g,0.4996,-0.0006
e1,c100,B6100k,31415,round_robin,gatedmoe_base,0.0,0.0
e1,c100,B6100k,31415,round_robin,gatedmoe_g,0.0,0.0
e1,c100,B6100k,31415,gatedmoe_base,gatedmoe_g,0.0,0.0
e1,c100,B6100k,42,learned_top1,random,0.5014,0.0079
e1,c100,B6100k,42,learned_top1,round_robin,0.5003,-0.001
e1,c100,B6100k,42,learned_top1,gatedmoe_base,0.5003,-0.001
e1,c100,B6100k,42,learned_top1,gatedmoe_g,0.5003,-0.001
e1,c100,B6100k,42,random,round_robin,0.4997,-0.0089
e1,c100,B6100k,42,random,gatedmoe_base,0.4997,-0.0089
e1,c100,B6100k,42,random,gatedmoe_g,0.4997,-0.0089
e1,c100,B6100k,42,round_robin,gatedmoe_base,0.0,0.0
e1,c100,B6100k,42,round_robin,gatedmoe_g,0.0,0.0
e1,c100,B6100k,42,gatedmoe_base,gatedmoe_g,0.0,0.0
e1,c100,B6100k,5150,learned_top1,random,0.5021,0.0032
e1,c100,B6100k,5150,learned_top1,round_robin,0.5,0.0004
e1,c100,B6100k,5150,learned_top1,gatedmoe_base,0.5,0.0004
e1,c100,B6100k,5150,learned_top1,gatedmoe_g,0.5,0.0004
e1,c100,B6100k,5150,random,round_robin,0.5002,-0.0028
e1,c100,B6100k,5150,random,gatedmoe_base,0.5002,-0.0028
e1,c100,B6100k,5150,random,gatedmoe_g,0.5002,-0.0028
e1,c100,B6100k,5150,round_robin,gatedmoe_base,0.0,0.0
e1,c100,B6100k,5150,round_robin,gatedmoe_g,0.0,0.0
e1,c100,B6100k,5150,gatedmoe_base,gatedmoe_g,0.0,0.0
e1,c100,B6100k,60486,learned_top1,random,0.5012,-0.0046
e1,c100,B6100k,60486,learned_top1,round_robin,0.4985,-0.0035
e1,c100,B6100k,60486,learned_top1,gatedmoe_base,0.4985,-0.0035
e1,c100,B6100k,60486,learned_top1,gatedmoe_g,0.4985,-0.0035
e1,c100,B6100k,60486,random,round_robin,0.499,0.0011
e1,c100,B6100k,60486,random,gatedmoe_base,0.499,0.0011
e1,c100,B6100k,60486,random,gatedmoe_g,0.499,0.0011
e1,c100,B6100k,60486,round_robin,gatedmoe_base,0.0,0.0
e1,c100,B6100k,60486,round_robin,gatedmoe_g,0.0,0.0
e1,c100,B6100k,60486,gatedmoe_base,gatedmoe_g,0.0,0.0
e1,c100,B6100k,7,learned_top1,random,0.499,0.0041
e1,c100,B6100k,7,learned_top1,round_robin,0.5,-0.0024
e1,c100,B6100k,7,learned_top1,gatedmoe_base,0.5,-0.0024
e1,c100,B6100k,7,learned_top1,gatedmoe_g,0.5,-0.0024
e1,c100,B6100k,7,random,round_robin,0.5011,-0.0065
e1,c100,B6100k,7,random,gatedmoe_base,0.5011,-0.0065
e1,c100,B6100k,7,random,gatedmoe_g,0.5011,-0.0065
e1,c100,B6100k,7,round_robin,gatedmoe_base,0.0,0.0
e1,c100,B6100k,7,round_robin,gatedmoe_g,0.0,0.0
e1,c100,B6100k,7,gatedmoe_base,gatedmoe_g,0.0,0.0
e1,c100,B6100k,777,learned_top1,random,0.5,0.0004
e1,c100,B6100k,777,learned_top1,round_robin,0.5002,-0.0004
e1,c100,B6100k,777,learned_top1,gatedmoe_base,0.5002,-0.0004
e1,c100,B6100k,777,learned_top1,gatedmoe_g,0.5002,-0.0004
e1,c100,B6100k,777,random,round_robin,0.5007,-0.0008
e1,c100,B6100k,777,random,gatedmoe_base,0.5007,-0.0008
e1,c100,B6100k,777,random,gatedmoe_g,0.5007,-0.0008
e1,c100,B6100k,777,round_robin,gatedmoe_base,0.0,0.0
e1,c100,B6100k,777,round_robin,gatedmoe_g,0.0,0.0
e1,c100,B6100k,777,gatedmoe_base,gatedmoe_g,0.0,0.0
e1,c100,B6100k,888,learned_top1,random,0.4998,-0.0045
e1,c100,B6100k,888,learned_top1,round_robin,0.4998,-0.002
e1,c100,B6100k,888,learned_top1,gatedmoe_base,0.4998,-0.002
e1,c100,B6100k,888,learned_top1,gatedmoe_g,0.4998,-0.002
e1,c100,B6100k,888,random,round_robin,0.5006,0.0025
e1,c100,B6100k,888,random,gatedmoe_base,0.5006,0.0025
e1,c100,B6100k,888,random,gatedmoe_g,0.5006,0.0025
e1,c100,B6100k,888,round_robin,gatedmoe_base,0.0,0.0
e1,c100,B6100k,888,round_robin,gatedmoe_g,0.0,0.0
e1,c100,B6100k,888,gatedmoe_base,gatedmoe_g,0.0,0.0
e1,c100,B6100k,999,learned_top1,random,0.5015,-0.0029
e1,c100,B6100k,999,learned_top1,round_robin,0.5005,-0.0012
e1,c100,B6100k,999,learned_top1,gatedmoe_base,0.5005,-0.0012
e1,c100,B6100k,999,learned_top1,gatedmoe_g,0.5005,-0.0012
e1,c100,B6100k,999,random,round_robin,0.4999,0.0017
e1,c100,B6100k,999,random,gatedmoe_base,0.4999,0.0017
e1,c100,B6100k,999,random,gatedmoe_g,0.4999,0.0017
e1,c100,B6100k,999,round_robin,gatedmoe_base,0.0,0.0
e1,c100,B6100k,999,round_robin,gatedmoe_g,0.0,0.0
e1,c100,B6100k,999,gatedmoe_base,gatedmoe_g,0.0,0.0
e1,c100,B6629k,123,learned_top1,random,0.6663,-0.0032
e1,c100,B6629k,123,learned_top1,round_robin,0.6658,0.004
e1,c100,B6629k,123,learned_top1,gatedmoe_base,0.6658,0.004
e1,c100,B6629k,123,learned_top1,gatedmoe_g,0.6673,-0.0047
e1,c100,B6629k,123,random,round_robin,0.6664,0.0072
e1,c100,B6629k,123,random,gatedmoe_base,0.6664,0.0072
e1,c100,B6629k,123,random,gatedmoe_g,0.666,-0.0015
e1,c100,B6629k,123,round_robin,gatedmoe_base,0.0,0.0
e1,c100,B6629k,123,round_robin,gatedmoe_g,0.6665,-0.0087
e1,c100,B6629k,123,gatedmoe_base,gatedmoe_g,0.6665,-0.0087
e1,c100,B6629k,2026,learned_top1,random,0.6658,0.0067
e1,c100,B6629k,2026,learned_top1,round_robin,0.6666,0.0024
e1,c100,B6629k,2026,learned_top1,gatedmoe_base,0.6666,0.0024
e1,c100,B6629k,2026,learned_top1,gatedmoe_g,0.6661,0.0002
e1,c100,B6629k,2026,random,round_robin,0.6651,-0.0043
e1,c100,B6629k,2026,random,gatedmoe_base,0.6651,-0.0043
e1,c100,B6629k,2026,random,gatedmoe_g,0.6669,-0.0065
e1,c100,B6629k,2026,round_robin,gatedmoe_base,0.0,0.0
e1,c100,B6629k,2026,round_robin,gatedmoe_g,0.6674,-0.0022
e1,c100,B6629k,2026,gatedmoe_base,gatedmoe_g,0.6674,-0.0022
e1,c100,B6629k,31415,learned_top1,random,0.6649,0.0008
e1,c100,B6629k,31415,learned_top1,round_robin,0.6668,0.0045
e1,c100,B6629k,31415,learned_top1,gatedmoe_base,0.6668,0.0045
e1,c100,B6629k,31415,learned_top1,gatedmoe_g,0.6673,0.0004
e1,c100,B6629k,31415,random,round_robin,0.6659,0.0037
e1,c100,B6629k,31415,random,gatedmoe_base,0.6659,0.0037
e1,c100,B6629k,31415,random,gatedmoe_g,0.6676,-0.0004
e1,c100,B6629k,31415,round_robin,gatedmoe_base,0.0,0.0
e1,c100,B6629k,31415,round_robin,gatedmoe_g,0.6662,-0.0041
e1,c100,B6629k,31415,gatedmoe_base,gatedmoe_g,0.6662,-0.0041
e1,c100,B6629k,42,learned_top1,random,0.6658,0.0017
e1,c100,B6629k,42,learned_top1,round_robin,0.6672,-0.0024
e1,c100,B6629k,42,learned_top1,gatedmoe_base,0.6672,-0.0024
e1,c100,B6629k,42,learned_top1,gatedmoe_g,0.6671,-0.004
e1,c100,B6629k,42,random,round_robin,0.6665,-0.0041
e1,c100,B6629k,42,random,gatedmoe_base,0.6665,-0.0041
e1,c100,B6629k,42,random,gatedmoe_g,0.6674,-0.0057
e1,c100,B6629k,42,round_robin,gatedmoe_base,0.0,0.0
e1,c100,B6629k,42,round_robin,gatedmoe_g,0.6669,-0.0016
e1,c100,B6629k,42,gatedmoe_base,gatedmoe_g,0.6669,-0.0016
e1,c100,B6629k,5150,learned_top1,random,0.6664,-0.0037
e1,c100,B6629k,5150,learned_top1,round_robin,0.6668,-0.0023
e1,c100,B6629k,5150,learned_top1,gatedmoe_base,0.6668,-0.0023
e1,c100,B6629k,5150,learned_top1,gatedmoe_g,0.6677,0.0027
e1,c100,B6629k,5150,random,round_robin,0.6661,0.0014
e1,c100,B6629k,5150,random,gatedmoe_base,0.6661,0.0014
e1,c100,B6629k,5150,random,gatedmoe_g,0.6661,0.0064
e1,c100,B6629k,5150,round_robin,gatedmoe_base,0.0,0.0
e1,c100,B6629k,5150,round_robin,gatedmoe_g,0.6671,0.005
e1,c100,B6629k,5150,gatedmoe_base,gatedmoe_g,0.6671,0.005
e1,c100,B6629k,60486,learned_top1,random,0.6681,0.0016
e1,c100,B6629k,60486,learned_top1,round_robin,0.6671,0.0046
e1,c100,B6629k,60486,learned_top1,gatedmoe_base,0.6671,0.0046
e1,c100,B6629k,60486,learned_top1,gatedmoe_g,0.6666,-0.0023
e1,c100,B6629k,60486,random,round_robin,0.6649,0.003
e1,c100,B6629k,60486,random,gatedmoe_base,0.6649,0.003
e1,c100,B6629k,60486,random,gatedmoe_g,0.6667,-0.0039
e1,c100,B6629k,60486,round_robin,gatedmoe_base,0.0,0.0
e1,c100,B6629k,60486,round_robin,gatedmoe_g,0.6654,-0.0069
e1,c100,B6629k,60486,gatedmoe_base,gatedmoe_g,0.6654,-0.0069
e1,c100,B6629k,7,learned_top1,random,0.6679,0.0014
e1,c100,B6629k,7,learned_top1,round_robin,0.6661,-0.0029
e1,c100,B6629k,7,learned_top1,gatedmoe_base,0.6661,-0.0029
e1,c100,B6629k,7,learned_top1,gatedmoe_g,0.6661,-0.0033
e1,c100,B6629k,7,random,round_robin,0.6658,-0.0043
e1,c100,B6629k,7,random,gatedmoe_base,0.6658,-0.0043
e1,c100,B6629k,7,random,gatedmoe_g,0.6662,-0.0047
e1,c100,B6629k,7,round_robin,gatedmoe_base,0.0,0.0
e1,c100,B6629k,7,round_robin,gatedmoe_g,0.6681,-0.0004
e1,c100,B6629k,7,gatedmoe_base,gatedmoe_g,0.6681,-0.0004
e1,c100,B6629k,777,learned_top1,random,0.6659,0.0151
e1,c100,B6629k,777,learned_top1,round_robin,0.6664,0.0141
e1,c100,B6629k,777,learned_top1,gatedmoe_base,0.6664,0.0141
e1,c100,B6629k,777,learned_top1,gatedmoe_g,0.6672,0.0096
e1,c100,B6629k,777,random,round_robin,0.6655,-0.001
e1,c100,B6629k,777,random,gatedmoe_base,0.6655,-0.001
e1,c100,B6629k,777,random,gatedmoe_g,0.6644,-0.0055
e1,c100,B6629k,777,round_robin,gatedmoe_base,0.0,0.0
e1,c100,B6629k,777,round_robin,gatedmoe_g,0.6674,-0.0045
e1,c100,B6629k,777,gatedmoe_base,gatedmoe_g,0.6674,-0.0045
e1,c100,B6629k,888,learned_top1,random,0.6655,0.0037
e1,c100,B6629k,888,learned_top1,round_robin,0.6646,0.0009
e1,c100,B6629k,888,learned_top1,gatedmoe_base,0.6646,0.0009
e1,c100,B6629k,888,learned_top1,gatedmoe_g,0.666,-0.0036
e1,c100,B6629k,888,random,round_robin,0.6676,-0.0028
e1,c100,B6629k,888,random,gatedmoe_base,0.6676,-0.0028
e1,c100,B6629k,888,random,gatedmoe_g,0.6659,-0.0073
e1,c100,B6629k,888,round_robin,gatedmoe_base,0.0,0.0
e1,c100,B6629k,888,round_robin,gatedmoe_g,0.6664,-0.0045
e1,c100,B6629k,888,gatedmoe_base,gatedmoe_g,0.6664,-0.0045
e1,c100,B6629k,999,learned_top1,random,0.6676,-0.0011
e1,c100,B6629k,999,learned_top1,round_robin,0.6665,-0.0018
e1,c100,B6629k,999,learned_top1,gatedmoe_base,0.6665,-0.0018
e1,c100,B6629k,999,learned_top1,gatedmoe_g,0.6666,-0.0054
e1,c100,B6629k,999,random,round_robin,0.6657,-0.0007
e1,c100,B6629k,999,random,gatedmoe_base,0.6657,-0.0007
e1,c100,B6629k,999,random,gatedmoe_g,0.6673,-0.0043
e1,c100,B6629k,999,round_robin,gatedmoe_base,0.0,0.0
e1,c100,B6629k,999,round_robin,gatedmoe_g,0.666,-0.0036
e1,c100,B6629k,999,gatedmoe_base,gatedmoe_g,0.666,-0.0036
e1,c100,B7333k,123,learned_top1,random,0.7498,-0.0027
e1,c100,B7333k,123,learned_top1,round_robin,0.7503,-0.0013
e1,c100,B7333k,123,learned_top1,gatedmoe_base,0.7503,-0.0013
e1,c100,B7333k,123,learned_top1,gatedmoe_g,0.7512,0.0011
e1,c100,B7333k,123,random,round_robin,0.7509,0.0014
e1,c100,B7333k,123,random,gatedmoe_base,0.7509,0.0014
e1,c100,B7333k,123,random,gatedmoe_g,0.749,0.0038
e1,c100,B7333k,123,round_robin,gatedmoe_base,0.0,0.0
e1,c100,B7333k,123,round_robin,gatedmoe_g,0.7517,0.0024
e1,c100,B7333k,123,gatedmoe_base,gatedmoe_g,0.7517,0.0024
e1,c100,B7333k,2026,learned_top1,random,0.7498,0.0083
e1,c100,B7333k,2026,learned_top1,round_robin,0.7488,0.0022
e1,c100,B7333k,2026,learned_top1,gatedmoe_base,0.7488,0.0022
e1,c100,B7333k,2026,learned_top1,gatedmoe_g,0.7506,0.0079
e1,c100,B7333k,2026,random,round_robin,0.7502,-0.0061
e1,c100,B7333k,2026,random,gatedmoe_base,0.7502,-0.0061
e1,c100,B7333k,2026,random,gatedmoe_g,0.7497,-0.0004
e1,c100,B7333k,2026,round_robin,gatedmoe_base,0.0,0.0
e1,c100,B7333k,2026,round_robin,gatedmoe_g,0.7489,0.0057
e1,c100,B7333k,2026,gatedmoe_base,gatedmoe_g,0.7489,0.0057
e1,c100,B7333k,31415,learned_top1,random,0.7504,-0.0014
e1,c100,B7333k,31415,learned_top1,round_robin,0.7493,0.0021
e1,c100,B7333k,31415,learned_top1,gatedmoe_base,0.7493,0.0021
e1,c100,B7333k,31415,learned_top1,gatedmoe_g,0.7496,-0.002
e1,c100,B7333k,31415,random,round_robin,0.7493,0.0035
e1,c100,B7333k,31415,random,gatedmoe_base,0.7493,0.0035
e1,c100,B7333k,31415,random,gatedmoe_g,0.7497,-0.0006
e1,c100,B7333k,31415,round_robin,gatedmoe_base,0.0,0.0
e1,c100,B7333k,31415,round_robin,gatedmoe_g,0.7495,-0.0041
e1,c100,B7333k,31415,gatedmoe_base,gatedmoe_g,0.7495,-0.0041
e1,c100,B7333k,42,learned_top1,random,0.7501,0.0005
e1,c100,B7333k,42,learned_top1,round_robin,0.7505,0.0022
e1,c100,B7333k,42,learned_top1,gatedmoe_base,0.7505,0.0022
e1,c100,B7333k,42,learned_top1,gatedmoe_g,0.7498,-0.0021
e1,c100,B7333k,42,random,round_robin,0.7497,0.0017
e1,c100,B7333k,42,random,gatedmoe_base,0.7497,0.0017
e1,c100,B7333k,42,random,gatedmoe_g,0.7495,-0.0026
e1,c100,B7333k,42,round_robin,gatedmoe_base,0.0,0.0
e1,c100,B7333k,42,round_robin,gatedmoe_g,0.7489,-0.0043
e1,c100,B7333k,42,gatedmoe_base,gatedmoe_g,0.7489,-0.0043
e1,c100,B7333k,5150,learned_top1,random,0.7491,0.0043
e1,c100,B7333k,5150,learned_top1,round_robin,0.7496,0.0019
e1,c100,B7333k,5150,learned_top1,gatedmoe_base,0.7496,0.0019
e1,c100,B7333k,5150,learned_top1,gatedmoe_g,0.7504,0.0056
e1,c100,B7333k,5150,random,round_robin,0.7498,-0.0024
e1,c100,B7333k,5150,random,gatedmoe_base,0.7498,-0.0024
e1,c100,B7333k,5150,random,gatedmoe_g,0.7519,0.0013
e1,c100,B7333k,5150,round_robin,gatedmoe_base,0.0,0.0
e1,c100,B7333k,5150,round_robin,gatedmoe_g,0.7494,0.0037
e1,c100,B7333k,5150,gatedmoe_base,gatedmoe_g,0.7494,0.0037
e1,c100,B7333k,60486,learned_top1,random,0.7502,0.002
e1,c100,B7333k,60486,learned_top1,round_robin,0.7497,0.0023
e1,c100,B7333k,60486,learned_top1,gatedmoe_base,0.7497,0.0023
e1,c100,B7333k,60486,learned_top1,gatedmoe_g,0.7501,0.0102
e1,c100,B7333k,60486,random,round_robin,0.7504,0.0003
e1,c100,B7333k,60486,random,gatedmoe_base,0.7504,0.0003
e1,c100,B7333k,60486,random,gatedmoe_g,0.749,0.0082
e1,c100,B7333k,60486,round_robin,gatedmoe_base,0.0,0.0
e1,c100,B7333k,60486,round_robin,gatedmoe_g,0.7509,0.0079
e1,c100,B7333k,60486,gatedmoe_base,gatedmoe_g,0.7509,0.0079
e1,c100,B7333k,7,learned_top1,random,0.7492,0.0046
e1,c100,B7333k,7,learned_top1,round_robin,0.7499,0.0054
e1,c100,B7333k,7,learned_top1,gatedmoe_base,0.7499,0.0054
e1,c100,B7333k,7,learned_top1,gatedmoe_g,0.75,0.0038
e1,c100,B7333k,7,random,round_robin,0.7525,0.0008
e1,c100,B7333k,7,random,gatedmoe_base,0.7525,0.0008
e1,c100,B7333k,7,random,gatedmoe_g,0.7503,-0.0008
e1,c100,B7333k,7,round_robin,gatedmoe_base,0.0,0.0
e1,c100,B7333k,7,round_robin,gatedmoe_g,0.7494,-0.0016
e1,c100,B7333k,7,gatedmoe_base,gatedmoe_g,0.7494,-0.0016
e1,c100,B7333k,777,learned_top1,random,0.7505,0.0053
e1,c100,B7333k,777,learned_top1,round_robin,0.7507,0.008
e1,c100,B7333k,777,learned_top1,gatedmoe_base,0.7507,0.008
e1,c100,B7333k,777,learned_top1,gatedmoe_g,0.7499,0.0096
e1,c100,B7333k,777,random,round_robin,0.7509,0.0027
e1,c100,B7333k,777,random,gatedmoe_base,0.7509,0.0027
e1,c100,B7333k,777,random,gatedmoe_g,0.7509,0.0043
e1,c100,B7333k,777,round_robin,gatedmoe_base,0.0,0.0
e1,c100,B7333k,777,round_robin,gatedmoe_g,0.7489,0.0016
e1,c100,B7333k,777,gatedmoe_base,gatedmoe_g,0.7489,0.0016
e1,c100,B7333k,888,learned_top1,random,0.7495,0.0025
e1,c100,B7333k,888,learned_top1,round_robin,0.7502,-0.0006
e1,c100,B7333k,888,learned_top1,gatedmoe_base,0.7502,-0.0006
e1,c100,B7333k,888,learned_top1,gatedmoe_g,0.7506,0.0
e1,c100,B7333k,888,random,round_robin,0.7501,-0.0031
e1,c100,B7333k,888,random,gatedmoe_base,0.7501,-0.0031
e1,c100,B7333k,888,random,gatedmoe_g,0.7499,-0.0025
e1,c100,B7333k,888,round_robin,gatedmoe_base,0.0,0.0
e1,c100,B7333k,888,round_robin,gatedmoe_g,0.7512,0.0006
e1,c100,B7333k,888,gatedmoe_base,gatedmoe_g,0.7512,0.0006
e1,c100,B7333k,999,learned_top1,random,0.7502,0.0024
e1,c100,B7333k,999,learned_top1,round_robin,0.7486,0.0057
e1,c100,B7333k,999,learned_top1,gatedmoe_base,0.7486,0.0057
e1,c100,B7333k,999,learned_top1,gatedmoe_g,0.7494,0.0073
e1,c100,B7333k,999,random,round_robin,0.7491,0.0033
e1,c100,B7333k,999,random,gatedmoe_base,0.7491,0.0033
e1,c100,B7333k,999,random,gatedmoe_g,0.75,0.0049
e1,c100,B7333k,999,round_robin,gatedmoe_base,0.0,0.0
e1,c100,B7333k,999,round_robin,gatedmoe_g,0.7487,0.0016
e1,c100,B7333k,999,gatedmoe_base,gatedmoe_g,0.7487,0.0016
e1,c100,B8390k,123,learned_top1,random,0.7998,-0.0027
e1,c100,B8390k,123,learned_top1,round_robin,0.7992,-0.0017
e1,c100,B8390k,123,learned_top1,gatedmoe_base,0.7992,-0.0017
e1,c100,B8390k,123,learned_top1,gatedmoe_g,0.8021,0.0011
e1,c100,B8390k,123,random,round_robin,0.8001,0.001
e1,c100,B8390k,123,random,gatedmoe_base,0.8001,0.001
e1,c100,B8390k,123,random,gatedmoe_g,0.8013,0.0038
e1,c100,B8390k,123,round_robin,gatedmoe_base,0.0,0.0
e1,c100,B8390k,123,round_robin,gatedmoe_g,0.8021,0.0028
e1,c100,B8390k,123,gatedmoe_base,gatedmoe_g,0.8021,0.0028
e1,c100,B8390k,2026,learned_top1,random,0.8002,-0.0008
e1,c100,B8390k,2026,learned_top1,round_robin,0.8,0.0035
e1,c100,B8390k,2026,learned_top1,gatedmoe_base,0.8,0.0035
e1,c100,B8390k,2026,learned_top1,gatedmoe_g,0.7992,0.0024
e1,c100,B8390k,2026,random,round_robin,0.7998,0.0043
e1,c100,B8390k,2026,random,gatedmoe_base,0.7998,0.0043
e1,c100,B8390k,2026,random,gatedmoe_g,0.7988,0.0032
e1,c100,B8390k,2026,round_robin,gatedmoe_base,0.0,0.0
e1,c100,B8390k,2026,round_robin,gatedmoe_g,0.7988,-0.0011
e1,c100,B8390k,2026,gatedmoe_base,gatedmoe_g,0.7988,-0.0011
e1,c100,B8390k,31415,learned_top1,random,0.8006,-0.0065
e1,c100,B8390k,31415,learned_top1,round_robin,0.7985,-0.008
e1,c100,B8390k,31415,learned_top1,gatedmoe_base,0.7985,-0.008
e1,c100,B8390k,31415,learned_top1,gatedmoe_g,0.7995,-0.0055
e1,c100,B8390k,31415,random,round_robin,0.8018,-0.0015
e1,c100,B8390k,31415,random,gatedmoe_base,0.8018,-0.0015
e1,c100,B8390k,31415,random,gatedmoe_g,0.7994,0.001
e1,c100,B8390k,31415,round_robin,gatedmoe_base,0.0,0.0
e1,c100,B8390k,31415,round_robin,gatedmoe_g,0.8005,0.0025
e1,c100,B8390k,31415,gatedmoe_base,gatedmoe_g,0.8005,0.0025
e1,c100,B8390k,42,learned_top1,random,0.7998,-0.002
e1,c100,B8390k,42,learned_top1,round_robin,0.7999,-0.0011
e1,c100,B8390k,42,learned_top1,gatedmoe_base,0.7999,-0.0011
e1,c100,B8390k,42,learned_top1,gatedmoe_g,0.7997,-0.0008
e1,c100,B8390k,42,random,round_robin,0.8002,0.0009
e1,c100,B8390k,42,random,gatedmoe_base,0.8002,0.0009
e1,c100,B8390k,42,random,gatedmoe_g,0.8011,0.0012
e1,c100,B8390k,42,round_robin,gatedmoe_base,0.0,0.0
e1,c100,B8390k,42,round_robin,gatedmoe_g,0.7964,0.0003
e1,c100,B8390k,42,gatedmoe_base,gatedmoe_g,0.7964,0.0003
e1,c100,B8390k,5150,learned_top1,random,0.8003,-0.001
e1,c100,B8390k,5150,learned_top1,round_robin,0.7999,0.0
e1,c100,B8390k,5150,learned_top1,gatedmoe_base,0.7999,0.0
e1,c100,B8390k,5150,learned_top1,gatedmoe_g,0.7996,-0.0003
e1,c100,B8390k,5150,random,round_robin,0.7991,0.001
e1,c100,B8390k,5150,random,gatedmoe_base,0.7991,0.001
e1,c100,B8390k,5150,random,gatedmoe_g,0.8004,0.0007
e1,c100,B8390k,5150,round_robin,gatedmoe_base,0.0,0.0
e1,c100,B8390k,5150,round_robin,gatedmoe_g,0.7995,-0.0003
e1,c100,B8390k,5150,gatedmoe_base,gatedmoe_g,0.7995,-0.0003
e1,c100,B8390k,60486,learned_top1,random,0.7998,0.0034
e1,c100,B8390k,60486,learned_top1,round_robin,0.7993,0.0012
e1,c100,B8390k,60486,learned_top1,gatedmoe_base,0.7993,0.0012
e1,c100,B8390k,60486,learned_top1,gatedmoe_g,0.8003,0.0001
e1,c100,B8390k,60486,random,round_robin,0.7997,-0.0022
e1,c100,B8390k,60486,random,gatedmoe_base,0.7997,-0.0022
e1,c100,B8390k,60486,random,gatedmoe_g,0.7991,-0.0033
e1,c100,B8390k,60486,round_robin,gatedmoe_base,0.0,0.0
e1,c100,B8390k,60486,round_robin,gatedmoe_g,0.7985,-0.0011
e1,c100,B8390k,60486,gatedmoe_base,gatedmoe_g,0.7985,-0.0011
e1,c100,B8390k,7,learned_top1,random,0.7992,-0.002
e1,c100,B8390k,7,learned_top1,round_robin,0.7998,0.0007
e1,c100,B8390k,7,learned_top1,gatedmoe_base,0.7998,0.0007
e1,c100,B8390k,7,learned_top1,gatedmoe_g,0.7999,0.0035
e1,c100,B8390k,7,random,round_robin,0.7997,0.0027
e1,c100,B8390k,7,random,gatedmoe_base,0.7997,0.0027
e1,c100,B8390k,7,random,gatedmoe_g,0.7997,0.0055
e1,c100,B8390k,7,round_robin,gatedmoe_base,0.0,0.0
e1,c100,B8390k,7,round_robin,gatedmoe_g,0.799,0.0028
e1,c100,B8390k,7,gatedmoe_base,gatedmoe_g,0.799,0.0028
e1,c100,B8390k,777,learned_top1,random,0.8006,-0.0046
e1,c100,B8390k,777,learned_top1,round_robin,0.8017,-0.0029
e1,c100,B8390k,777,learned_top1,gatedmoe_base,0.8017,-0.0029
e1,c100,B8390k,777,learned_top1,gatedmoe_g,0.7999,-0.0054
e1,c100,B8390k,777,random,round_robin,0.7993,0.0017
e1,c100,B8390k,777,random,gatedmoe_base,0.7993,0.0017
e1,c100,B8390k,777,random,gatedmoe_g,0.8001,-0.0008
e1,c100,B8390k,777,round_robin,gatedmoe_base,0.0,0.0
e1,c100,B8390k,777,round_robin,gatedmoe_g,0.8001,-0.0025
e1,c100,B8390k,777,gatedmoe_base,gatedmoe_g,0.8001,-0.0025
e1,c100,B8390k,888,learned_top1,random,0.7992,0.0031
e1,c100,B8390k,888,learned_top1,round_robin,0.8005,0.001
e1,c100,B8390k,888,learned_top1,gatedmoe_base,0.8005,0.001
e1,c100,B8390k,888,learned_top1,gatedmoe_g,0.8003,0.0062
e1,c100,B8390k,888,random,round_robin,0.7995,-0.0021
e1,c100,B8390k,888,random,gatedmoe_base,0.7995,-0.0021
e1,c100,B8390k,888,random,gatedmoe_g,0.7998,0.0031
e1,c100,B8390k,888,round_robin,gatedmoe_base,0.0,0.0
e1,c100,B8390k,888,round_robin,gatedmoe_g,0.8005,0.0052
e1,c100,B8390k,888,gatedmoe_base,gatedmoe_g,0.8005,0.0052
e1,c100,B8390k,999,learned_top1,random,0.8007,-0.0066
e1,c100,B8390k,999,learned_top1,round_robin,0.7998,-0.0076
e1,c100,B8390k,999,learned_top1,gatedmoe_base,0.7998,-0.0076
e1,c100,B8390k,999,learned_top1,gatedmoe_g,0.8001,-0.0042
e1,c100,B8390k,999,random,round_robin,0.8011,-0.001
e1,c100,B8390k,999,random,gatedmoe_base,0.8011,-0.001
e1,c100,B8390k,999,random,gatedmoe_g,0.7995,0.0024
e1,c100,B8390k,999,round_robin,gatedmoe_base,0.0,0.0
e1,c100,B8390k,999,round_robin,gatedmoe_g,0.8027,0.0034
e1,c100,B8390k,999,gatedmoe_base,gatedmoe_g,0.8027,0.0034
e1,c100,B9799k,123,learned_top1,random,0.8324,-0.0047
e1,c100,B9799k,123,learned_top1,round_robin,0.8332,-0.0017
e1,c100,B9799k,123,learned_top1,gatedmoe_base,0.8332,-0.0017
e1,c100,B9799k,123,learned_top1,gatedmoe_g,0.8333,0.0018
e1,c100,B9799k,123,random,round_robin,0.8335,0.003
e1,c100,B9799k,123,random,gatedmoe_base,0.8335,0.003
e1,c100,B9799k,123,random,gatedmoe_g,0.8335,0.0065
e1,c100,B9799k,123,round_robin,gatedmoe_base,0.0,0.0
e1,c100,B9799k,123,round_robin,gatedmoe_g,0.8346,0.0035
e1,c100,B9799k,123,gatedmoe_base,gatedmoe_g,0.8346,0.0035
e1,c100,B9799k,2026,learned_top1,random,0.8338,-0.0044
e1,c100,B9799k,2026,learned_top1,round_robin,0.8326,-0.0066
e1,c100,B9799k,2026,learned_top1,gatedmoe_base,0.8326,-0.0066
e1,c100,B9799k,2026,learned_top1,gatedmoe_g,0.8318,-0.008
e1,c100,B9799k,2026,random,round_robin,0.833,-0.0022
e1,c100,B9799k,2026,random,gatedmoe_base,0.833,-0.0022
e1,c100,B9799k,2026,random,gatedmoe_g,0.8328,-0.0036
e1,c100,B9799k,2026,round_robin,gatedmoe_base,0.0,0.0
e1,c100,B9799k,2026,round_robin,gatedmoe_g,0.8336,-0.0014
e1,c100,B9799k,2026,gatedmoe_base,gatedmoe_g,0.8336,-0.0014
e1,c100,B9799k,31415,learned_top1,random,0.8326,-0.0037
e1,c100,B9799k,31415,learned_top1,round_robin,0.8328,-0.0028
e1,c100,B9799k,31415,learned_top1,gatedmoe_base,0.8328,-0.0028
e1,c100,B9799k,31415,learned_top1,gatedmoe_g,0.8336,0.0022
e1,c100,B9799k,31415,random,round_robin,0.8333,0.0009
e1,c100,B9799k,31415,random,gatedmoe_base,0.8333,0.0009
e1,c100,B9799k,31415,random,gatedmoe_g,0.833,0.0059
e1,c100,B9799k,31415,round_robin,gatedmoe_base,0.0,0.0
e1,c100,B9799k,31415,round_robin,gatedmoe_g,0.8344,0.005
e1,c100,B9799k,31415,gatedmoe_base,gatedmoe_g,0.8344,0.005
e1,c100,B9799k,42,learned_top1,random,0.8337,-0.0015
e1,c100,B9799k,42,learned_top1,round_robin,0.8331,-0.0014
e1,c100,B9799k,42,learned_top1,gatedmoe_base,0.8331,-0.0014
e1,c100,B9799k,42,learned_top1,gatedmoe_g,0.8327,-0.0027
e1,c100,B9799k,42,random,round_robin,0.8334,0.0001
e1,c100,B9799k,42,random,gatedmoe_base,0.8334,0.0001
e1,c100,B9799k,42,random,gatedmoe_g,0.8321,-0.0012
e1,c100,B9799k,42,round_robin,gatedmoe_base,0.0,0.0
e1,c100,B9799k,42,round_robin,gatedmoe_g,0.8338,-0.0013
e1,c100,B9799k,42,gatedmoe_base,gatedmoe_g,0.8338,-0.0013
e1,c100,B9799k,5150,learned_top1,random,0.8331,0.0061
e1,c100,B9799k,5150,learned_top1,round_robin,0.8345,0.0032
e1,c100,B9799k,5150,learned_top1,gatedmoe_base,0.8345,0.0032
e1,c100,B9799k,5150,learned_top1,gatedmoe_g,0.8333,0.0121
e1,c100,B9799k,5150,random,round_robin,0.833,-0.0029
e1,c100,B9799k,5150,random,gatedmoe_base,0.833,-0.0029
e1,c100,B9799k,5150,random,gatedmoe_g,0.8332,0.006
e1,c100,B9799k,5150,round_robin,gatedmoe_base,0.0,0.0
e1,c100,B9799k,5150,round_robin,gatedmoe_g,0.8335,0.0089
e1,c100,B9799k,5150,gatedmoe_base,gatedmoe_g,0.8335,0.0089
e1,c100,B9799k,60486,learned_top1,random,0.8338,0.0098
e1,c100,B9799k,60486,learned_top1,round_robin,0.8336,0.0031
e1,c100,B9799k,60486,learned_top1,gatedmoe_base,0.8336,0.0031
e1,c100,B9799k,60486,learned_top1,gatedmoe_g,0.8332,-0.0028
e1,c100,B9799k,60486,random,round_robin,0.832,-0.0067
e1,c100,B9799k,60486,random,gatedmoe_base,0.832,-0.0067
e1,c100,B9799k,60486,random,gatedmoe_g,0.8341,-0.0126
e1,c100,B9799k,60486,round_robin,gatedmoe_base,0.0,0.0
e1,c100,B9799k,60486,round_robin,gatedmoe_g,0.8338,-0.0059
e1,c100,B9799k,60486,gatedmoe_base,gatedmoe_g,0.8338,-0.0059
e1,c100,B9799k,7,learned_top1,random,0.8327,-0.0016
e1,c100,B9799k,7,learned_top1,round_robin,0.8328,-0.0039
e1,c100,B9799k,7,learned_top1,gatedmoe_base,0.8328,-0.0039
e1,c100,B9799k,7,learned_top1,gatedmoe_g,0.834,0.0003
e1,c100,B9799k,7,random,round_robin,0.8331,-0.0023
e1,c100,B9799k,7,random,gatedmoe_base,0.8331,-0.0023
e1,c100,B9799k,7,random,gatedmoe_g,0.8335,0.0019
e1,c100,B9799k,7,round_robin,gatedmoe_base,0.0,0.0
e1,c100,B9799k,7,round_robin,gatedmoe_g,0.8323,0.0042
e1,c100,B9799k,7,gatedmoe_base,gatedmoe_g,0.8323,0.0042
e1,c100,B9799k,777,learned_top1,random,0.8337,-0.0006
e1,c100,B9799k,777,learned_top1,round_robin,0.8328,0.0039
e1,c100,B9799k,777,learned_top1,gatedmoe_base,0.8328,0.0039
e1,c100,B9799k,777,learned_top1,gatedmoe_g,0.833,-0.0022
e1,c100,B9799k,777,random,round_robin,0.8332,0.0045
e1,c100,B9799k,777,random,gatedmoe_base,0.8332,0.0045
e1,c100,B9799k,777,random,gatedmoe_g,0.8342,-0.0016
e1,c100,B9799k,777,round_robin,gatedmoe_base,0.0,0.0
e1,c100,B9799k,777,round_robin,gatedmoe_g,0.8319,-0.0061
e1,c100,B9799k,777,gatedmoe_base,gatedmoe_g,0.8319,-0.0061
e1,c100,B9799k,888,learned_top1,random,0.8332,-0.0019
e1,c100,B9799k,888,learned_top1,round_robin,0.8321,-0.0016
e1,c100,B9799k,888,learned_top1,gatedmoe_base,0.8321,-0.0016
e1,c100,B9799k,888,learned_top1,gatedmoe_g,0.8332,-0.0048
e1,c100,B9799k,888,random,round_robin,0.8342,0.0003
e1,c100,B9799k,888,random,gatedmoe_base,0.8342,0.0003
e1,c100,B9799k,888,random,gatedmoe_g,0.8341,-0.0029
e1,c100,B9799k,888,round_robin,gatedmoe_base,0.0,0.0
e1,c100,B9799k,888,round_robin,gatedmoe_g,0.8317,-0.0032
e1,c100,B9799k,888,gatedmoe_base,gatedmoe_g,0.8317,-0.0032
e1,c100,B9799k,999,learned_top1,random,0.8343,-0.0034
e1,c100,B9799k,999,learned_top1,round_robin,0.834,-0.0007
e1,c100,B9799k,999,learned_top1,gatedmoe_base,0.834,-0.0007
e1,c100,B9799k,999,learned_top1,gatedmoe_g,0.8324,0.0022
e1,c100,B9799k,999,random,round_robin,0.8325,0.0027
e1,c100,B9799k,999,random,gatedmoe_base,0.8325,0.0027
e1,c100,B9799k,999,random,gatedmoe_g,0.8324,0.0056
e1,c100,B9799k,999,round_robin,gatedmoe_base,0.0,0.0
e1,c100,B9799k,999,round_robin,gatedmoe_g,0.8327,0.0029
e1,c100,B9799k,999,gatedmoe_base,gatedmoe_g,0.8327,0.0029
e4,c10,B1024k,123,learned_top1,random,0.8744,-0.0021
e4,c10,B1024k,123,learned_top1,round_robin,0.8747,0.0045
e4,c10,B1024k,123,learned_top1,gatedmoe_base,0.8747,0.0045
e4,c10,B1024k,123,learned_top1,gatedmoe_g,0.8752,0.0034
e4,c10,B1024k,123,random,round_robin,0.8749,0.0066
e4,c10,B1024k,123,random,gatedmoe_base,0.8749,0.0066
e4,c10,B1024k,123,random,gatedmoe_g,0.8753,0.0055
e4,c10,B1024k,123,round_robin,gatedmoe_base,0.0,0.0
e4,c10,B1024k,123,round_robin,gatedmoe_g,0.8751,-0.0011
e4,c10,B1024k,123,gatedmoe_base,gatedmoe_g,0.8751,-0.0011
e4,c10,B1024k,2026,learned_top1,random,0.8748,-0.0044
e4,c10,B1024k,2026,learned_top1,round_robin,0.8751,-0.0081
e4,c10,B1024k,2026,learned_top1,gatedmoe_base,0.8751,-0.0081
e4,c10,B1024k,2026,learned_top1,gatedmoe_g,0.8737,-0.0049
e4,c10,B1024k,2026,random,round_robin,0.8744,-0.0037
e4,c10,B1024k,2026,random,gatedmoe_base,0.8744,-0.0037
e4,c10,B1024k,2026,random,gatedmoe_g,0.8752,-0.0005
e4,c10,B1024k,2026,round_robin,gatedmoe_base,0.0,0.0
e4,c10,B1024k,2026,round_robin,gatedmoe_g,0.874,0.0032
e4,c10,B1024k,2026,gatedmoe_base,gatedmoe_g,0.874,0.0032
e4,c10,B1024k,31415,learned_top1,random,0.8746,0.0
e4,c10,B1024k,31415,learned_top1,round_robin,0.8747,-0.0006
e4,c10,B1024k,31415,learned_top1,gatedmoe_base,0.8747,-0.0006
e4,c10,B1024k,31415,learned_top1,gatedmoe_g,0.8741,0.0014
e4,c10,B1024k,31415,random,round_robin,0.8743,-0.0006
e4,c10,B1024k,31415,random,gatedmoe_base,0.8743,-0.0006
e4,c10,B1024k,31415,random,gatedmoe_g,0.8749,0.0014
e4,c10,B1024k,31415,round_robin,gatedmoe_base,0.0,0.0
e4,c10,B1024k,31415,round_robin,gatedmoe_g,0.8749,0.002
e4,c10,B1024k,31415,gatedmoe_base,gatedmoe_g,0.8749,0.002
e4,c10,B1024k,42,learned_top1,random,0.8747,0.0162
e4,c10,B1024k,42,learned_top1,round_robin,0.875,0.0094
e4,c10,B1024k,42,learned_top1,gatedmoe_base,0.875,0.0094
e4,c10,B1024k,42,learned_top1,gatedmoe_g,0.8753,0.0001
e4,c10,B1024k,42,random,round_robin,0.8749,-0.0068
e4,c10,B1024k,42,random,gatedmoe_base,0.8749,-0.0068
e4,c10,B1024k,42,random,gatedmoe_g,0.8748,-0.0161
e4,c10,B1024k,42,round_robin,gatedmoe_base,0.0,0.0
e4,c10,B1024k,42,round_robin,gatedmoe_g,0.8732,-0.0093
e4,c10,B1024k,42,gatedmoe_base,gatedmoe_g,0.8732,-0.0093
e4,c10,B1024k,5150,learned_top1,random,0.8752,0.0005
e4,c10,B1024k,5150,learned_top1,round_robin,0.8749,0.0002
e4,c10,B1024k,5150,learned_top1,gatedmoe_base,0.8749,0.0002
e4,c10,B1024k,5150,learned_top1,gatedmoe_g,0.875,-0.0026
e4,c10,B1024k,5150,random,round_robin,0.8749,-0.0003
e4,c10,B1024k,5150,random,gatedmoe_base,0.8749,-0.0003
e4,c10,B1024k,5150,random,gatedmoe_g,0.8757,-0.0031
e4,c10,B1024k,5150,round_robin,gatedmoe_base,0.0,0.0
e4,c10,B1024k,5150,round_robin,gatedmoe_g,0.8747,-0.0028
e4,c10,B1024k,5150,gatedmoe_base,gatedmoe_g,0.8747,-0.0028
e4,c10,B1024k,60486,learned_top1,random,0.8751,0.0119
e4,c10,B1024k,60486,learned_top1,round_robin,0.8749,0.0025
e4,c10,B1024k,60486,learned_top1,gatedmoe_base,0.8749,0.0025
e4,c10,B1024k,60486,learned_top1,gatedmoe_g,0.8749,0.0042
e4,c10,B1024k,60486,random,round_robin,0.8752,-0.0094
e4,c10,B1024k,60486,random,gatedmoe_base,0.8752,-0.0094
e4,c10,B1024k,60486,random,gatedmoe_g,0.8753,-0.0077
e4,c10,B1024k,60486,round_robin,gatedmoe_base,0.0,0.0
e4,c10,B1024k,60486,round_robin,gatedmoe_g,0.8759,0.0017
e4,c10,B1024k,60486,gatedmoe_base,gatedmoe_g,0.8759,0.0017
e4,c10,B1024k,7,learned_top1,random,0.8747,0.0036
e4,c10,B1024k,7,learned_top1,round_robin,0.8744,0.0033
e4,c10,B1024k,7,learned_top1,gatedmoe_base,0.8744,0.0033
e4,c10,B1024k,7,learned_top1,gatedmoe_g,0.8756,0.0045
e4,c10,B1024k,7,random,round_robin,0.8759,-0.0003
e4,c10,B1024k,7,random,gatedmoe_base,0.8759,-0.0003
e4,c10,B1024k,7,random,gatedmoe_g,0.8747,0.0009
e4,c10,B1024k,7,round_robin,gatedmoe_base,0.0,0.0
e4,c10,B1024k,7,round_robin,gatedmoe_g,0.8748,0.0012
e4,c10,B1024k,7,gatedmoe_base,gatedmoe_g,0.8748,0.0012
e4,c10,B1024k,777,learned_top1,random,0.8749,-0.0004
e4,c10,B1024k,777,learned_top1,round_robin,0.8753,-0.002
e4,c10,B1024k,777,learned_top1,gatedmoe_base,0.8753,-0.002
e4,c10,B1024k,777,learned_top1,gatedmoe_g,0.8756,-0.0026
e4,c10,B1024k,777,random,round_robin,0.8755,-0.0016
e4,c10,B1024k,777,random,gatedmoe_base,0.8755,-0.0016
e4,c10,B1024k,777,random,gatedmoe_g,0.875,-0.0022
e4,c10,B1024k,777,round_robin,gatedmoe_base,0.0,0.0
e4,c10,B1024k,777,round_robin,gatedmoe_g,0.8735,-0.0006
e4,c10,B1024k,777,gatedmoe_base,gatedmoe_g,0.8735,-0.0006
e4,c10,B1024k,888,learned_top1,random,0.8751,-0.0034
e4,c10,B1024k,888,learned_top1,round_robin,0.8755,-0.0206
e4,c10,B1024k,888,learned_top1,gatedmoe_base,0.8755,-0.0206
e4,c10,B1024k,888,learned_top1,gatedmoe_g,0.8748,-0.0179
e4,c10,B1024k,888,random,round_robin,0.8749,-0.0172
e4,c10,B1024k,888,random,gatedmoe_base,0.8749,-0.0172
e4,c10,B1024k,888,random,gatedmoe_g,0.8747,-0.0145
e4,c10,B1024k,888,round_robin,gatedmoe_base,0.0,0.0
e4,c10,B1024k,888,round_robin,gatedmoe_g,0.8748,0.0027
e4,c10,B1024k,888,gatedmoe_base,gatedmoe_g,0.8748,0.0027
e4,c10,B1024k,999,learned_top1,random,0.8745,0.0028
e4,c10,B1024k,999,learned_top1,round_robin,0.8748,-0.005
e4,c10,B1024k,999,learned_top1,gatedmoe_base,0.8748,-0.005
e4,c10,B1024k,999,learned_top1,gatedmoe_g,0.875,-0.0021
e4,c10,B1024k,999,random,round_robin,0.8748,-0.0078
e4,c10,B1024k,999,random,gatedmoe_base,0.8748,-0.0078
e4,c10,B1024k,999,random,gatedmoe_g,0.8751,-0.0049
e4,c10,B1024k,999,round_robin,gatedmoe_base,0.0,0.0
e4,c10,B1024k,999,round_robin,gatedmoe_g,0.8748,0.0029
e4,c10,B1024k,999,gatedmoe_base,gatedmoe_g,0.8748,0.0029
e4,c10,B192k,123,learned_top1,random,0.0,0.0015
e4,c10,B192k,123,learned_top1,round_robin,0.0,0.0015
e4,c10,B192k,123,learned_top1,gatedmoe_base,0.0,0.0015
e4,c10,B192k,123,learned_top1,gatedmoe_g,0.0,0.0015
e4,c10,B192k,123,random,round_robin,0.0,0.0
e4,c10,B192k,123,random,gatedmoe_base,0.0,0.0
e4,c10,B192k,123,random,gatedmoe_g,0.0,0.0
e4,c10,B192k,123,round_robin,gatedmoe_base,0.0,0.0
e4,c10,B192k,123,round_robin,gatedmoe_g,0.0,0.0
e4,c10,B192k,123,gatedmoe_base,gatedmoe_g,0.0,0.0
e4,c10,B192k,2026,learned_top1,random,0.0,-0.0122
e4,c10,B192k,2026,learned_top1,round_robin,0.0,-0.0122
e4,c10,B192k,2026,learned_top1,gatedmoe_base,0.0,-0.0122
e4,c10,B192k,2026,learned_top1,gatedmoe_g,0.0,-0.0122
e4,c10,B192k,2026,random,round_robin,0.0,0.0
e4,c10,B192k,2026,random,gatedmoe_base,0.0,0.0
e4,c10,B192k,2026,random,gatedmoe_g,0.0,0.0
e4,c10,B192k,2026,round_robin,gatedmoe_base,0.0,0.0
e4,c10,B192k,2026,round_robin,gatedmoe_g,0.0,0.0
e4,c10,B192k,2026,gatedmoe_base,gatedmoe_g,0.0,0.0
e4,c10,B192k,31415,learned_top1,random,0.0,-0.0015
e4,c10,B192k,31415,learned_top1,round_robin,0.0,-0.0015
e4,c10,B192k,31415,learned_top1,gatedmoe_base,0.0,-0.0015
e4,c10,B192k,31415,learned_top1,gatedmoe_g,0.0,-0.0015
e4,c10,B192k,31415,random,round_robin,0.0,0.0
e4,c10,B192k,31415,random,gatedmoe_base,0.0,0.0
e4,c10,B192k,31415,random,gatedmoe_g,0.0,0.0
e4,c10,B192k,31415,round_robin,gatedmoe_base,0.0,0.0
e4,c10,B192k,31415,round_robin,gatedmoe_g,0.0,0.0
e4,c10,B192k,31415,gatedmoe_base,gatedmoe_g,0.0,0.0
e4,c10,B192k,42,learned_top1,random,0.0,0.0054
e4,c10,B192k,42,learned_top1,round_robin,0.0,0.0054
e4,c10,B192k,42,learned_top1,gatedmoe_base,0.0,0.0054
e4,c10,B192k,42,learned_top1,gatedmoe_g,0.0,0.0054
e4,c10,B192k,42,random,round_robin,0.0,0.0
e4,c10,B192k,42,random,gatedmoe_base,0.0,0.0
e4,c10,B192k,42,random,gatedmoe_g,0.0,0.0
e4,c10,B192k,42,round_robin,gatedmoe_base,0.0,0.0
e4,c10,B192k,42,round_robin,gatedmoe_g,0.0,0.0
e4,c10,B192k,42,gatedmoe_base,gatedmoe_g,0.0,0.0
e4,c10,B192k,5150,learned_top1,random,0.0,-0.0052
e4,c10,B192k,5150,learned_top1,round_robin,0.0,-0.0052
e4,c10,B192k,5150,learned_top1,gatedmoe_base,0.0,-0.0052
e4,c10,B192k,5150,learned_top1,gatedmoe_g,0.0,-0.0052
e4,c10,B192k,5150,random,round_robin,0.0,0.0
e4,c10,B192k,5150,random,gatedmoe_base,0.0,0.0
e4,c10,B192k,5150,random,gatedmoe_g,0.0,0.0
e4,c10,B192k,5150,round_robin,gatedmoe_base,0.0,0.0
e4,c10,B192k,5150,round_robin,gatedmoe_g,0.0,0.0
e4,c10,B192k,5150,gatedmoe_base,gatedmoe_g,0.0,0.0
e4,c10,B192k,60486,learned_top1,random,0.0,0.0116
e4,c10,B192k,60486,learned_top1,round_robin,0.0,0.0116
e4,c10,B192k,60486,learned_top1,gatedmoe_base,0.0,0.0116
e4,c10,B192k,60486,learned_top1,gatedmoe_g,0.0,0.0116
e4,c10,B192k,60486,random,round_robin,0.0,0.0
e4,c10,B192k,60486,random,gatedmoe_base,0.0,0.0
e4,c10,B192k,60486,random,gatedmoe_g,0.0,0.0
e4,c10,B192k,60486,round_robin,gatedmoe_base,0.0,0.0
e4,c10,B192k,60486,round_robin,gatedmoe_g,0.0,0.0
e4,c10,B192k,60486,gatedmoe_base,gatedmoe_g,0.0,0.0
e4,c10,B192k,7,learned_top1,random,0.0,0.0029
e4,c10,B192k,7,learned_top1,round_robin,0.0,0.0029
e4,c10,B192k,7,learned_top1,gatedmoe_base,0.0,0.0029
e4,c10,B192k,7,learned_top1,gatedmoe_g,0.0,0.0029
e4,c10,B192k,7,random,round_robin,0.0,0.0
e4,c10,B192k,7,random,gatedmoe_base,0.0,0.0
e4,c10,B192k,7,random,gatedmoe_g,0.0,0.0
e4,c10,B192k,7,round_robin,gatedmoe_base,0.0,0.0
e4,c10,B192k,7,round_robin,gatedmoe_g,0.0,0.0
e4,c10,B192k,7,gatedmoe_base,gatedmoe_g,0.0,0.0
e4,c10,B192k,777,learned_top1,random,0.0,-0.001
e4,c10,B192k,777,learned_top1,round_robin,0.0,-0.001
e4,c10,B192k,777,learned_top1,gatedmoe_base,0.0,-0.001
e4,c10,B192k,777,learned_top1,gatedmoe_g,0.0,-0.001
e4,c10,B192k,777,random,round_robin,0.0,0.0
e4,c10,B192k,777,random,gatedmoe_base,0.0,0.0
e4,c10,B192k,777,random,gatedmoe_g,0.0,0.0
e4,c10,B192k,777,round_robin,gatedmoe_base,0.0,0.0
e4,c10,B192k,777,round_robin,gatedmoe_g,0.0,0.0
e4,c10,B192k,777,gatedmoe_base,gatedmoe_g,0.0,0.0
e4,c10,B192k,888,learned_top1,random,0.0,0.0119
e4,c10,B192k,888,learned_top1,round_robin,0.0,0.0119
e4,c10,B192k,888,learned_top1,gatedmoe_base,0.0,0.0119
e4,c10,B192k,888,learned_top1,gatedmoe_g,0.0,0.0119
e4,c10,B192k,888,random,round_robin,0.0,0.0
e4,c10,B192k,888,random,gatedmoe_base,0.0,0.0
e4,c10,B192k,888,random,gatedmoe_g,0.0,0.0
e4,c10,B192k,888,round_robin,gatedmoe_base,0.0,0.0
e4,c10,B192k,888,round_robin,gatedmoe_g,0.0,0.0
e4,c10,B192k,888,gatedmoe_base,gatedmoe_g,0.0,0.0
e4,c10,B192k,999,learned_top1,random,0.0,-0.0065
e4,c10,B192k,999,learned_top1,round_robin,0.0,-0.0065
e4,c10,B192k,999,learned_top1,gatedmoe_base,0.0,-0.0065
e4,c10,B192k,999,learned_top1,gatedmoe_g,0.0,-0.0065
e4,c10,B192k,999,random,round_robin,0.0,0.0
e4,c10,B192k,999,random,gatedmoe_base,0.0,0.0
e4,c10,B192k,999,random,gatedmoe_g,0.0,0.0
e4,c10,B192k,999,round_robin,gatedmoe_base,0.0,0.0
e4,c10,B192k,999,round_robin,gatedmoe_g,0.0,0.0
e4,c10,B192k,999,gatedmoe_base,gatedmoe_g,0.0,0.0
e4,c10,B2048k,10101,learned_top1,random,0.8747,-0.0003
e4,c10,B2048k,10101,learned_top1,round_robin,0.8751,0.0034
e4,c10,B2048k,10101,learned_top1,gatedmoe_base,0.8751,0.0034
e4,c10,B2048k,10101,learned_top1,gatedmoe_g,0.8748,-0.0036
e4,c10,B2048k,10101,random,round_robin,0.8752,0.0037
e4,c10,B2048k,10101,random,gatedmoe_base,0.8752,0.0037
e4,c10,B2048k,10101,random,gatedmoe_g,0.8752,-0.0033
e4,c10,B2048k,10101,round_robin,gatedmoe_base,0.0,0.0
e4,c10,B2048k,10101,round_robin,gatedmoe_g,0.8736,-0.007
e4,c10,B2048k,10101,gatedmoe_base,gatedmoe_g,0.8736,-0.007
e4,c10,B2048k,1111,learned_top1,random,0.875,0.0114
e4,c10,B2048k,1111,learned_top1,round_robin,0.8749,0.007
e4,c10,B2048k,1111,learned_top1,gatedmoe_base,0.8749,0.007
e4,c10,B2048k,1111,learned_top1,gatedmoe_g,0.8745,0.0041
e4,c10,B2048k,1111,random,round_robin,0.8757,-0.0044
e4,c10,B2048k,1111,random,gatedmoe_base,0.8757,-0.0044
e4,c10,B2048k,1111,random,gatedmoe_g,0.8751,-0.0073
e4,c10,B2048k,1111,round_robin,gatedmoe_base,0.0,0.0
e4,c10,B2048k,1111,round_robin,gatedmoe_g,0.8743,-0.0029
e4,c10,B2048k,1111,gatedmoe_base,gatedmoe_g,0.8743,-0.0029
e4,c10,B2048k,123,learned_top1,random,0.8744,-0.0021
e4,c10,B2048k,123,learned_top1,round_robin,0.8747,0.0045
e4,c10,B2048k,123,learned_top1,gatedmoe_base,0.8747,0.0045
e4,c10,B2048k,123,learned_top1,gatedmoe_g,0.8752,0.0034
e4,c10,B2048k,123,random,round_robin,0.8749,0.0066
e4,c10,B2048k,123,random,gatedmoe_base,0.8749,0.0066
e4,c10,B2048k,123,random,gatedmoe_g,0.8753,0.0055
e4,c10,B2048k,123,round_robin,gatedmoe_base,0.0,0.0
e4,c10,B2048k,123,round_robin,gatedmoe_g,0.8751,-0.0011
e4,c10,B2048k,123,gatedmoe_base,gatedmoe_g,0.8751,-0.0011
e4,c10,B2048k,2026,learned_top1,random,0.8748,-0.0044
e4,c10,B2048k,2026,learned_top1,round_robin,0.8751,-0.0081
e4,c10,B2048k,2026,learned_top1,gatedmoe_base,0.8751,-0.0081
e4,c10,B2048k,2026,learned_top1,gatedmoe_g,0.8737,-0.0049
e4,c10,B2048k,2026,random,round_robin,0.8744,-0.0037
e4,c10,B2048k,2026,random,gatedmoe_base,0.8744,-0.0037
e4,c10,B2048k,2026,random,gatedmoe_g,0.8752,-0.0005
e4,c10,B2048k,2026,round_robin,gatedmoe_base,0.0,0.0
e4,c10,B2048k,2026,round_robin,gatedmoe_g,0.874,0.0032
e4,c10,B2048k,2026,gatedmoe_base,gatedmoe_g,0.874,0.0032
e4,c10,B2048k,2222,learned_top1,random,0.8748,0.0094
e4,c10,B2048k,2222,learned_top1,round_robin,0.8752,0.0104
e4,c10,B2048k,2222,learned_top1,gatedmoe_base,0.8752,0.0104
e4,c10,B2048k,2222,learned_top1,gatedmoe_g,0.8744,0.009
e4,c10,B2048k,2222,random,round_robin,0.8742,0.001
e4,c10,B2048k,2222,random,gatedmoe_base,0.8742,0.001
e4,c10,B2048k,2222,random,gatedmoe_g,0.875,-0.0004
e4,c10,B2048k,2222,round_robin,gatedmoe_base,0.0,0.0
e4,c10,B2048k,2222,round_robin,gatedmoe_g,0.8733,-0.0014
e4,c10,B2048k,2222,gatedmoe_base,gatedmoe_g,0.8733,-0.0014
e4,c10,B2048k,31415,learned_top1,random,0.8746,0.0
e4,c10,B2048k,31415,learned_top1,round_robin,0.8747,-0.0006
e4,c10,B2048k,31415,learned_top1,gatedmoe_base,0.8747,-0.0006
e4,c10,B2048k,31415,learned_top1,gatedmoe_g,0.8741,0.0014
e4,c10,B2048k,31415,random,round_robin,0.8743,-0.0006
e4,c10,B2048k,31415,random,gatedmoe_base,0.8743,-0.0006
e4,c10,B2048k,31415,random,gatedmoe_g,0.8749,0.0014
e4,c10,B2048k,31415,round_robin,gatedmoe_base,0.0,0.0
e4,c10,B2048k,31415,round_robin,gatedmoe_g,0.8749,0.002
e4,c10,B2048k,31415,gatedmoe_base,gatedmoe_g,0.8749,0.002
e4,c10,B2048k,3333,learned_top1,random,0.875,-0.0105
e4,c10,B2048k,3333,learned_top1,round_robin,0.8752,0.003
e4,c10,B2048k,3333,learned_top1,gatedmoe_base,0.8752,0.003
e4,c10,B2048k,3333,learned_top1,gatedmoe_g,0.8743,-0.0081
e4,c10,B2048k,3333,random,round_robin,0.8749,0.0135
e4,c10,B2048k,3333,random,gatedmoe_base,0.8749,0.0135
e4,c10,B2048k,3333,random,gatedmoe_g,0.8746,0.0024
e4,c10,B2048k,3333,round_robin,gatedmoe_base,0.0,0.0
e4,c10,B2048k,3333,round_robin,gatedmoe_g,0.8745,-0.0111
e4,c10,B2048k,3333,gatedmoe_base,gatedmoe_g,0.8745,-0.0111
e4,c10,B2048k,42,learned_top1,random,0.8747,0.0162
e4,c10,B2048k,42,learned_top1,round_robin,0.875,0.0094
e4,c10,B2048k,42,learned_top1,gatedmoe_base,0.875,0.0094
e4,c10,B2048k,42,learned_top1,gatedmoe_g,0.8753,0.0001
e4,c10,B2048k,42,random,round_robin,0.8749,-0.0068
e4,c10,B2048k,42,random,gatedmoe_base,0.8749,-0.0068
e4,c10,B2048k,42,random,gatedmoe_g,0.8748,-0.0161
e4,c10,B2048k,42,round_robin,gatedmoe_base,0.0,0.0
e4,c10,B2048k,42,round_robin,gatedmoe_g,0.8732,-0.0093
e4,c10,B2048k,42,gatedmoe_base,gatedmoe_g,0.8732,-0.0093
e4,c10,B2048k,4444,learned_top1,random,0.8749,0.0008
e4,c10,B2048k,4444,learned_top1,round_robin,0.8747,0.0014
e4,c10,B2048k,4444,learned_top1,gatedmoe_base,0.8747,0.0014
e4,c10,B2048k,4444,learned_top1,gatedmoe_g,0.8758,-0.0001
e4,c10,B2048k,4444,random,round_robin,0.8743,0.0006
e4,c10,B2048k,4444,random,gatedmoe_base,0.8743,0.0006
e4,c10,B2048k,4444,random,gatedmoe_g,0.8746,-0.0009
e4,c10,B2048k,4444,round_robin,gatedmoe_base,0.0,0.0
e4,c10,B2048k,4444,round_robin,gatedmoe_g,0.8741,-0.0015
e4,c10,B2048k,4444,gatedmoe_base,gatedmoe_g,0.8741,-0.0015
e4,c10,B2048k,5150,learned_top1,random,0.8752,0.0005
e4,c10,B2048k,5150,learned_top1,round_robin,0.8749,0.0002
e4,c10,B2048k,5150,learned_top1,gatedmoe_base,0.8749,0.0002
e4,c10,B2048k,5150,learned_top1,gatedmoe_g,0.875,-0.0026
e4,c10,B2048k,5150,random,round_robin,0.8749,-0.0003
e4,c10,B2048k,5150,random,gatedmoe_base,0.8749,-0.0003
e4,c10,B2048k,5150,random,gatedmoe_g,0.8757,-0.0031
e4,c10,B2048k,5150,round_robin,gatedmoe_base,0.0,0.0
e4,c10,B2048k,5150,round_robin,gatedmoe_g,0.8747,-0.0028
e4,c10,B2048k,5150,gatedmoe_base,gatedmoe_g,0.8747,-0.0028
e4,c10,B2048k,5555,learned_top1,random,0.8756,0.0016
e4,c10,B2048k,5555,learned_top1,round_robin,0.8751,-0.0036
e4,c10,B2048k,5555,learned_top1,gatedmoe_base,0.8751,-0.0036
e4,c10,B2048k,5555,learned_top1,gatedmoe_g,0.8748,-0.0051
e4,c10,B2048k,5555,random,round_robin,0.876,-0.0052
e4,c10,B2048k,5555,random,gatedmoe_base,0.876,-0.0052
e4,c10,B2048k,5555,random,gatedmoe_g,0.8753,-0.0067
e4,c10,B2048k,5555,round_robin,gatedmoe_base,0.0,0.0
e4,c10,B2048k,5555,round_robin,gatedmoe_g,0.8751,-0.0015
e4,c10,B2048k,5555,gatedmoe_base,gatedmoe_g,0.8751,-0.0015
e4,c10,B2048k,60486,learned_top1,random,0.8751,0.0119
e4,c10,B2048k,60486,learned_top1,round_robin,0.8749,0.0025
e4,c10,B2048k,60486,learned_top1,gatedmoe_base,0.8749,0.0025
e4,c10,B2048k,60486,learned_top1,gatedmoe_g,0.8749,0.0042
e4,c10,B2048k,60486,random,round_robin,0.8752,-0.0094
e4,c10,B2048k,60486,random,gatedmoe_base,0.8752,-0.0094
e4,c10,B2048k,60486,random,gatedmoe_g,0.8753,-0.0077
e4,c10,B2048k,60486,round_robin,gatedmoe_base,0.0,0.0
e4,c10,B2048k,60486,round_robin,gatedmoe_g,0.8759,0.0017
e4,c10,B2048k,60486,gatedmoe_base,gatedmoe_g,0.8759,0.0017
e4,c10,B2048k,6666,learned_top1,random,0.8746,0.0014
e4,c10,B2048k,6666,learned_top1,round_robin,0.8751,0.0004
e4,c10,B2048k,6666,learned_top1,gatedmoe_base,0.8751,0.0004
e4,c10,B2048k,6666,learned_top1,gatedmoe_g,0.8749,0.0016
e4,c10,B2048k,6666,random,round_robin,0.875,-0.001
e4,c10,B2048k,6666,random,gatedmoe_base,0.875,-0.001
e4,c10,B2048k,6666,random,gatedmoe_g,0.8751,0.0002
e4,c10,B2048k,6666,round_robin,gatedmoe_base,0.0,0.0
e4,c10,B2048k,6666,round_robin,gatedmoe_g,0.8751,0.0012
e4,c10,B2048k,6666,gatedmoe_base,gatedmoe_g,0.8751,0.0012
e4,c10,B2048k,7,learned_top1,random,0.8747,0.0036
e4,c10,B2048k,7,learned_top1,round_robin,0.8744,0.0033
e4,c10,B2048k,7,learned_top1,gatedmoe_base,0.8744,0.0033
e4,c10,B2048k,7,learned_top1,gatedmoe_g,0.8756,0.0045
e4,c10,B2048k,7,random,round_robin,0.8759,-0.0003
e4,c10,B2048k,7,random,gatedmoe_base,0.8759,-0.0003
e4,c10,B2048k,7,random,gatedmoe_g,0.8747,0.0009
e4,c10,B2048k,7,round_robin,gatedmoe_base,0.0,0.0
e4,c10,B2048k,7,round_robin,gatedmoe_g,0.8748,0.0012
e4,c10,B2048k,7,gatedmoe_base,gatedmoe_g,0.8748,0.0012
e4,c10,B2048k,777,learned_top1,random,0.8749,-0.0004
e4,c10,B2048k,777,learned_top1,round_robin,0.8753,-0.002
e4,c10,B2048k,777,learned_top1,gatedmoe_base,0.8753,-0.002
e4,c10,B2048k,777,learned_top1,gatedmoe_g,0.8756,-0.0026
e4,c10,B2048k,777,random,round_robin,0.8755,-0.0016
e4,c10,B2048k,777,random,gatedmoe_base,0.8755,-0.0016
e4,c10,B2048k,777,random,gatedmoe_g,0.875,-0.0022
e4,c10,B2048k,777,round_robin,gatedmoe_base,0.0,0.0
e4,c10,B2048k,777,round_robin,gatedmoe_g,0.8735,-0.0006
e4,c10,B2048k,777,gatedmoe_base,gatedmoe_g,0.8735,-0.0006
e4,c10,B2048k,7777,learned_top1,random,0.8751,0.0022
e4,c10,B2048k,7777,learned_top1,round_robin,0.8752,0.0029
e4,c10,B2048k,7777,learned_top1,gatedmoe_base,0.8752,0.0029
e4,c10,B2048k,7777,learned_top1,gatedmoe_g,0.8755,-0.0028
e4,c10,B2048k,7777,random,round_robin,0.8752,0.0007
e4,c10,B2048k,7777,random,gatedmoe_base,0.8752,0.0007
e4,c10,B2048k,7777,random,gatedmoe_g,0.8751,-0.005
e4,c10,B2048k,7777,round_robin,gatedmoe_base,0.0,0.0
e4,c10,B2048k,7777,round_robin,gatedmoe_g,0.8735,-0.0057
e4,c10,B2048k,7777,gatedmoe_base,gatedmoe_g,0.8735,-0.0057
e4,c10,B2048k,888,learned_top1,random,0.8751,-0.0034
e4,c10,B2048k,888,learned_top1,round_robin,0.8755,-0.0206
e4,c10,B2048k,888,learned_top1,gatedmoe_base,0.8755,-0.0206
e4,c10,B2048k,888,learned_top1,gatedmoe_g,0.8748,-0.0179
e4,c10,B2048k,888,random,round_robin,0.8749,-0.0172
e4,c10,B2048k,888,random,gatedmoe_base,0.8749,-0.0172
e4,c10,B2048k,888,random,gatedmoe_g,0.8747,-0.0145
e4,c10,B2048k,888,round_robin,gatedmoe_base,0.0,0.0
e4,c10,B2048k,888,round_robin,gatedmoe_g,0.8748,0.0027
e4,c10,B2048k,888,gatedmoe_base,gatedmoe_g,0.8748,0.0027
e4,c10,B2048k,8888,learned_top1,random,0.8754,0.0014
e4,c10,B2048k,8888,learned_top1,round_robin,0.8745,-0.005
e4,c10,B2048k,8888,learned_top1,gatedmoe_base,0.8745,-0.005
e4,c10,B2048k,8888,learned_top1,gatedmoe_g,0.8748,0.0006
e4,c10,B2048k,8888,random,round_robin,0.8754,-0.0064
e4,c10,B2048k,8888,random,gatedmoe_base,0.8754,-0.0064
e4,c10,B2048k,8888,random,gatedmoe_g,0.8749,-0.0008
e4,c10,B2048k,8888,round_robin,gatedmoe_base,0.0,0.0
e4,c10,B2048k,8888,round_robin,gatedmoe_g,0.8755,0.0056
e4,c10,B2048k,8888,gatedmoe_base,gatedmoe_g,0.8755,0.0056
e4,c10,B2048k,999,learned_top1,random,0.8745,0.0028
e4,c10,B2048k,999,learned_top1,round_robin,0.8748,-0.005
e4,c10,B2048k,999,learned_top1,gatedmoe_base,0.8748,-0.005
e4,c10,B2048k,999,learned_top1,gatedmoe_g,0.875,-0.0021
e4,c10,B2048k,999,random,round_robin,0.8748,-0.0078
e4,c10,B2048k,999,random,gatedmoe_base,0.8748,-0.0078
e4,c10,B2048k,999,random,gatedmoe_g,0.8751,-0.0049
e4,c10,B2048k,999,round_robin,gatedmoe_base,0.0,0.0
e4,c10,B2048k,999,round_robin,gatedmoe_g,0.8748,0.0029
e4,c10,B2048k,999,gatedmoe_base,gatedmoe_g,0.8748,0.0029
e4,c10,B2048k,9999,learned_top1,random,0.8744,0.0065
e4,c10,B2048k,9999,learned_top1,round_robin,0.8754,-0.002
e4,c10,B2048k,9999,learned_top1,gatedmoe_base,0.8754,-0.002
e4,c10,B2048k,9999,learned_top1,gatedmoe_g,0.8754,0.0018
e4,c10,B2048k,9999,random,round_robin,0.8745,-0.0085
e4,c10,B2048k,9999,random,gatedmoe_base,0.8745,-0.0085
e4,c10,B2048k,9999,random,gatedmoe_g,0.8752,-0.0047
e4,c10,B2048k,9999,round_robin,gatedmoe_base,0.0,0.0
e4,c10,B2048k,9999,round_robin,gatedmoe_g,0.8732,0.0038
e4,c10,B2048k,9999,gatedmoe_base,gatedmoe_g,0.8732,0.0038
e4,c10,B256k,123,learned_top1,random,0.5002,0.0016
e4,c10,B256k,123,learned_top1,round_robin,0.5003,0.0032
e4,c10,B256k,123,learned_top1,gatedmoe_base,0.5003,0.0032
e4,c10,B256k,123,learned_top1,gatedmoe_g,0.5003,0.0032
e4,c10,B256k,123,random,round_robin,0.5001,0.0016
e4,c10,B256k,123,random,gatedmoe_base,0.5001,0.0016
e4,c10,B256k,123,random,gatedmoe_g,0.5001,0.0016
e4,c10,B256k,123,round_robin,gatedmoe_base,0.0,0.0
e4,c10,B256k,123,round_robin,gatedmoe_g,0.0,0.0
e4,c10,B256k,123,gatedmoe_base,gatedmoe_g,0.0,0.0
e4,c10,B256k,2026,learned_top1,random,0.5003,0.0033
e4,c10,B256k,2026,learned_top1,round_robin,0.5,0.0051
e4,c10,B256k,2026,learned_top1,gatedmoe_base,0.5,0.0051
e4,c10,B256k,2026,learned_top1,gatedmoe_g,0.5,0.0051
e4,c10,B256k,2026,random,round_robin,0.4996,0.0018
e4,c10,B256k,2026,random,gatedmoe_base,0.4996,0.0018
e4,c10,B256k,2026,random,gatedmoe_g,0.4996,0.0018
e4,c10,B256k,2026,round_robin,gatedmoe_base,0.0,0.0
e4,c10,B256k,2026,round_robin,gatedmoe_g,0.0,0.0
e4,c10,B256k,2026,gatedmoe_base,gatedmoe_g,0.0,0.0
e4,c10,B256k,31415,learned_top1,random,0.5,-0.0022
e4,c10,B256k,31415,learned_top1,round_robin,0.4992,0.0019
e4,c10,B256k,31415,learned_top1,gatedmoe_base,0.4992,0.0019
e4,c10,B256k,31415,learned_top1,gatedmoe_g,0.4992,0.0019
e4,c10,B256k,31415,random,round_robin,0.5001,0.0041
e4,c10,B256k,31415,random,gatedmoe_base,0.5001,0.0041
e4,c10,B256k,31415,random,gatedmoe_g,0.5001,0.0041
e4,c10,B256k,31415,round_robin,gatedmoe_base,0.0,0.0
e4,c10,B256k,31415,round_robin,gatedmoe_g,0.0,0.0
e4,c10,B256k,31415,gatedmoe_base,gatedmoe_g,0.0,0.0
e4,c10,B256k,42,learned_top1,random,0.4998,-0.0082
e4,c10,B256k,42,learned_top1,round_robin,0.5003,-0.0023
e4,c10,B256k,42,learned_top1,gatedmoe_base,0.5003,-0.0023
e4,c10,B256k,42,learned_top1,gatedmoe_g,0.5003,-0.0023
e4,c10,B256k,42,random,round_robin,0.5008,0.0059
e4,c10,B256k,42,random,gatedmoe_base,0.5008,0.0059
e4,c10,B256k,42,random,gatedmoe_g,0.5008,0.0059
e4,c10,B256k,42,round_robin,gatedmoe_base,0.0,0.0
e4,c10,B256k,42,round_robin,gatedmoe_g,0.0,0.0
e4,c10,B256k,42,gatedmoe_base,gatedmoe_g,0.0,0.0
e4,c10,B256k,5150,learned_top1,random,0.4991,0.0004
e4,c10,B256k,5150,learned_top1,round_robin,0.4997,-0.0049
e4,c10,B256k,5150,learned_top1,gatedmoe_base,0.4997,-0.0049
e4,c10,B256k,5150,learned_top1,gatedmoe_g,0.4997,-0.0049
e4,c10,B256k,5150,random,round_robin,0.5006,-0.0053
e4,c10,B256k,5150,random,gatedmoe_base,0.5006,-0.0053
e4,c10,B256k,5150,random,gatedmoe_g,0.5006,-0.0053
e4,c10,B256k,5150,round_robin,gatedmoe_base,0.0,0.0
e4,c10,B256k,5150,round_robin,gatedmoe_g,0.0,0.0
e4,c10,B256k,5150,gatedmoe_base,gatedmoe_g,0.0,0.0
e4,c10,B256k,60486,learned_top1,random,0.4999,0.0078
e4,c10,B256k,60486,learned_top1,round_robin,0.4994,0.0002
e4,c10,B256k,60486,learned_top1,gatedmoe_base,0.4994,0.0002
e4,c10,B256k,60486,learned_top1,gatedmoe_g,0.4994,0.0002
e4,c10,B256k,60486,random,round_robin,0.4992,-0.0076
e4,c10,B256k,60486,random,gatedmoe_base,0.4992,-0.0076
e4,c10,B256k,60486,random,gatedmoe_g,0.4992,-0.0076
e4,c10,B256k,60486,round_robin,gatedmoe_base,0.0,0.0
e4,c10,B256k,60486,round_robin,gatedmoe_g,0.0,0.0
e4,c10,B256k,60486,gatedmoe_base,gatedmoe_g,0.0,0.0
e4,c10,B256k,7,learned_top1,random,0.4996,-0.001
e4,c10,B256k,7,learned_top1,round_robin,0.4991,-0.0039
e4,c10,B256k,7,learned_top1,gatedmoe_base,0.4991,-0.0039
e4,c10,B256k,7,learned_top1,gatedmoe_g,0.4991,-0.0039
e4,c10,B256k,7,random,round_robin,0.4997,-0.0029
e4,c10,B256k,7,random,gatedmoe_base,0.4997,-0.0029
e4,c10,B256k,7,random,gatedmoe_g,0.4997,-0.0029
e4,c10,B256k,7,round_robin,gatedmoe_base,0.0,0.0
e4,c10,B256k,7,round_robin,gatedmoe_g,0.0,0.0
e4,c10,B256k,7,gatedmoe_base,gatedmoe_g,0.0,0.0
e4,c10,B256k,777,learned_top1,random,0.5002,0.0022
e4,c10,B256k,777,learned_top1,round_robin,0.5004,0.0013
e4,c10,B256k,777,learned_top1,gatedmoe_base,0.5004,0.0013
e4,c10,B256k,777,learned_top1,gatedmoe_g,0.5004,0.0013
e4,c10,B256k,777,random,round_robin,0.5007,-0.0009
e4,c10,B256k,777,random,gatedmoe_base,0.5007,-0.0009
e4,c10,B256k,777,random,gatedmoe_g,0.5007,-0.0009
e4,c10,B256k,777,round_robin,gatedmoe_base,0.0,0.0
e4,c10,B256k,777,round_robin,gatedmoe_g,0.0,0.0
e4,c10,B256k,777,gatedmoe_base,gatedmoe_g,0.0,0.0
e4,c10,B256k,888,learned_top1,random,0.5008,0.0034
e4,c10,B256k,888,learned_top1,round_robin,0.5005,0.0086
e4,c10,B256k,888,learned_top1,gatedmoe_base,0.5005,0.0086
e4,c10,B256k,888,learned_top1,gatedmoe_g,0.5005,0.0086
e4,c10,B256k,888,random,round_robin,0.4997,0.0052
e4,c10,B256k,888,random,gatedmoe_base,0.4997,0.0052
e4,c10,B256k,888,random,gatedmoe_g,0.4997,0.0052
e4,c10,B256k,888,round_robin,gatedmoe_base,0.0,0.0
e4,c10,B256k,888,round_robin,gatedmoe_g,0.0,0.0
e4,c10,B256k,888,gatedmoe_base,gatedmoe_g,0.0,0.0
e4,c10,B256k,999,learned_top1,random,0.5003,0.0018
e4,c10,B256k,999,learned_top1,round_robin,0.4994,0.0082
e4,c10,B256k,999,learned_top1,gatedmoe_base,0.4994,0.0082
e4,c10,B256k,999,learned_top1,gatedmoe_g,0.4994,0.0082
e4,c10,B256k,999,random,round_robin,0.5,0.0064
e4,c10,B256k,999,random,gatedmoe_base,0.5,0.0064
e4,c10,B256k,999,random,gatedmoe_g,0.5,0.0064
e4,c10,B256k,999,round_robin,gatedmoe_base,0.0,0.0
e4,c10,B256k,999,round_robin,gatedmoe_g,0.0,0.0
e4,c10,B256k,999,gatedmoe_base,gatedmoe_g,0.0,0.0
e4,c10,B320k,10101,learned_top1,random,0.6662,-0.0066
e4,c10,B320k,10101,learned_top1,round_robin,0.6662,0.0022
e4,c10,B320k,10101,learned_top1,gatedmoe_base,0.6662,0.0022
e4,c10,B320k,10101,learned_top1,gatedmoe_g,0.6675,-0.0076
e4,c10,B320k,10101,random,round_robin,0.6669,0.0088
e4,c10,B320k,10101,random,gatedmoe_base,0.6669,0.0088
e4,c10,B320k,10101,random,gatedmoe_g,0.6665,-0.001
e4,c10,B320k,10101,round_robin,gatedmoe_base,0.0,0.0
e4,c10,B320k,10101,round_robin,gatedmoe_g,0.6676,-0.0098
e4,c10,B320k,10101,gatedmoe_base,gatedmoe_g,0.6676,-0.0098
e4,c10,B320k,1111,learned_top1,random,0.6672,0.0054
e4,c10,B320k,1111,learned_top1,round_robin,0.6666,0.0061
e4,c10,B320k,1111,learned_top1,gatedmoe_base,0.6666,0.0061
e4,c10,B320k,1111,learned_top1,gatedmoe_g,0.6671,-0.0025
e4,c10,B320k,1111,random,round_robin,0.6664,0.0007
e4,c10,B320k,1111,random,gatedmoe_base,0.6664,0.0007
e4,c10,B320k,1111,random,gatedmoe_g,0.6671,-0.0079
e4,c10,B320k,1111,round_robin,gatedmoe_base,0.0,0.0
e4,c10,B320k,1111,round_robin,gatedmoe_g,0.6688,-0.0086
e4,c10,B320k,1111,gatedmoe_base,gatedmoe_g,0.6688,-0.0086
e4,c10,B320k,123,learned_top1,random,0.6661,0.0089
e4,c10,B320k,123,learned_top1,round_robin,0.6666,0.0005
e4,c10,B320k,123,learned_top1,gatedmoe_base,0.6666,0.0005
e4,c10,B320k,123,learned_top1,gatedmoe_g,0.6656,0.0219
e4,c10,B320k,123,random,round_robin,0.6669,-0.0084
e4,c10,B320k,123,random,gatedmoe_base,0.6669,-0.0084
e4,c10,B320k,123,random,gatedmoe_g,0.667,0.013
e4,c10,B320k,123,round_robin,gatedmoe_base,0.0,0.0
e4,c10,B320k,123,round_robin,gatedmoe_g,0.6672,0.0214
e4,c10,B320k,123,gatedmoe_base,gatedmoe_g,0.6672,0.0214
e4,c10,B320k,2026,learned_top1,random,0.6682,0.0065
e4,c10,B320k,2026,learned_top1,round_robin,0.6664,0.0011
e4,c10,B320k,2026,learned_top1,gatedmoe_base,0.6664,0.0011
e4,c10,B320k,2026,learned_top1,gatedmoe_g,0.6662,0.0049
e4,c10,B320k,2026,random,round_robin,0.6655,-0.0054
e4,c10,B320k,2026,random,gatedmoe_base,0.6655,-0.0054
e4,c10,B320k,2026,random,gatedmoe_g,0.6662,-0.0016
e4,c10,B320k,2026,round_robin,gatedmoe_base,0.0,0.0
e4,c10,B320k,2026,round_robin,gatedmoe_g,0.6672,0.0038
e4,c10,B320k,2026,gatedmoe_base,gatedmoe_g,0.6672,0.0038
e4,c10,B320k,2222,learned_top1,random,0.6666,-0.0052
e4,c10,B320k,2222,learned_top1,round_robin,0.6659,0.0072
e4,c10,B320k,2222,learned_top1,gatedmoe_base,0.6659,0.0072
e4,c10,B320k,2222,learned_top1,gatedmoe_g,0.6669,0.004
e4,c10,B320k,2222,random,round_robin,0.6664,0.0124
e4,c10,B320k,2222,random,gatedmoe_base,0.6664,0.0124
e4,c10,B320k,2222,random,gatedmoe_g,0.6673,0.0092
e4,c10,B320k,2222,round_robin,gatedmoe_base,0.0,0.0
e4,c10,B320k,2222,round_robin,gatedmoe_g,0.6651,-0.0032
e4,c10,B320k,2222,gatedmoe_base,gatedmoe_g,0.6651,-0.0032
e4,c10,B320k,31415,learned_top1,random,0.6667,0.0067
e4,c10,B320k,31415,learned_top1,round_robin,0.667,-0.0002
e4,c10,B320k,31415,learned_top1,gatedmoe_base,0.667,-0.0002
e4,c10,B320k,31415,learned_top1,gatedmoe_g,0.6668,0.0022
e4,c10,B320k,31415,random,round_robin,0.6658,-0.0069
e4,c10,B320k,31415,random,gatedmoe_base,0.6658,-0.0069
e4,c10,B320k,31415,random,gatedmoe_g,0.6662,-0.0045
e4,c10,B320k,31415,round_robin,gatedmoe_base,0.0,0.0
e4,c10,B320k,31415,round_robin,gatedmoe_g,0.6664,0.0024
e4,c10,B320k,31415,gatedmoe_base,gatedmoe_g,0.6664,0.0024
e4,c10,B320k,3333,learned_top1,random,0.6669,-0.0033
e4,c10,B320k,3333,learned_top1,round_robin,0.6671,-0.0024
e4,c10,B320k,3333,learned_top1,gatedmoe_base,0.6671,-0.0024
e4,c10,B320k,3333,learned_top1,gatedmoe_g,0.667,0.002
e4,c10,B320k,3333,random,round_robin,0.6658,0.0009
e4,c10,B320k,3333,random,gatedmoe_base,0.6658,0.0009
e4,c10,B320k,3333,random,gatedmoe_g,0.666,0.0053
e4,c10,B320k,3333,round_robin,gatedmoe_base,0.0,0.0
e4,c10,B320k,3333,round_robin,gatedmoe_g,0.6655,0.0044
e4,c10,B320k,3333,gatedmoe_base,gatedmoe_g,0.6655,0.0044
e4,c10,B320k,42,learned_top1,random,0.6666,0.0048
e4,c10,B320k,42,learned_top1,round_robin,0.6671,0.0113
e4,c10,B320k,42,learned_top1,gatedmoe_base,0.6671,0.0113
e4,c10,B320k,42,learned_top1,gatedmoe_g,0.6664,0.0094
e4,c10,B320k,42,random,round_robin,0.6665,0.0065
e4,c10,B320k,42,random,gatedmoe_base,0.6665,0.0065
e4,c10,B320k,42,random,gatedmoe_g,0.6674,0.0046
e4,c10,B320k,42,round_robin,gatedmoe_base,0.0,0.0
e4,c10,B320k,42,round_robin,gatedmoe_g,0.6663,-0.0019
e4,c10,B320k,42,gatedmoe_base,gatedmoe_g,0.6663,-0.0019
e4,c10,B320k,4444,learned_top1,random,0.667,-0.0004
e4,c10,B320k,4444,learned_top1,round_robin,0.6665,0.003
e4,c10,B320k,4444,learned_top1,gatedmoe_base,0.6665,0.003
e4,c10,B320k,4444,learned_top1,gatedmoe_g,0.6665,0.0008
e4,c10,B320k,4444,random,round_robin,0.6663,0.0034
e4,c10,B320k,4444,random,gatedmoe_base,0.6663,0.0034
e4,c10,B320k,4444,random,gatedmoe_g,0.667,0.0012
e4,c10,B320k,4444,round_robin,gatedmoe_base,0.0,0.0
e4,c10,B320k,4444,round_robin,gatedmoe_g,0.6652,-0.0022
e4,c10,B320k,4444,gatedmoe_base,gatedmoe_g,0.6652,-0.0022
e4,c10,B320k,5150,learned_top1,random,0.667,-0.0019
e4,c10,B320k,5150,learned_top1,round_robin,0.667,-0.008
e4,c10,B320k,5150,learned_top1,gatedmoe_base,0.667,-0.008
e4,c10,B320k,5150,learned_top1,gatedmoe_g,0.6663,-0.0037
e4,c10,B320k,5150,random,round_robin,0.6657,-0.0061
e4,c10,B320k,5150,random,gatedmoe_base,0.6657,-0.0061
e4,c10,B320k,5150,random,gatedmoe_g,0.6664,-0.0018
e4,c10,B320k,5150,round_robin,gatedmoe_base,0.0,0.0
e4,c10,B320k,5150,round_robin,gatedmoe_g,0.666,0.0043
e4,c10,B320k,5150,gatedmoe_base,gatedmoe_g,0.666,0.0043
e4,c10,B320k,5555,learned_top1,random,0.6665,0.0077
e4,c10,B320k,5555,learned_top1,round_robin,0.6663,-0.0008
e4,c10,B320k,5555,learned_top1,gatedmoe_base,0.6663,-0.0008
e4,c10,B320k,5555,learned_top1,gatedmoe_g,0.6664,0.0055
e4,c10,B320k,5555,random,round_robin,0.667,-0.0085
e4,c10,B320k,5555,random,gatedmoe_base,0.667,-0.0085
e4,c10,B320k,5555,random,gatedmoe_g,0.6678,-0.0022
e4,c10,B320k,5555,round_robin,gatedmoe_base,0.0,0.0
e4,c10,B320k,5555,round_robin,gatedmoe_g,0.6679,0.0063
e4,c10,B320k,5555,gatedmoe_base,gatedmoe_g,0.6679,0.0063
e4,c10,B320k,60486,learned_top1,random,0.6673,-0.0049
e4,c10,B320k,60486,learned_top1,round_robin,0.6674,0.0048
e4,c10,B320k,60486,learned_top1,gatedmoe_base,0.6674,0.0048
e4,c10,B320k,60486,learned_top1,gatedmoe_g,0.6672,0.0084
e4,c10,B320k,60486,random,round_robin,0.666,0.0097
e4,c10,B320k,60486,random,gatedmoe_base,0.666,0.0097
e4,c10,B320k,60486,random,gatedmoe_g,0.6652,0.0133
e4,c10,B320k,60486,round_robin,gatedmoe_base,0.0,0.0
e4,c10,B320k,60486,round_robin,gatedmoe_g,0.6682,0.0036
e4,c10,B320k,60486,gatedmoe_base,gatedmoe_g,0.6682,0.0036
e4,c10,B320k,6666,learned_top1,random,0.6673,-0.0007
e4,c10,B320k,6666,learned_top1,round_robin,0.6667,-0.0004
e4,c10,B320k,6666,learned_top1,gatedmoe_base,0.6667,-0.0004
e4,c10,B320k,6666,learned_top1,gatedmoe_g,0.667,-0.001
e4,c10,B320k,6666,random,round_robin,0.6655,0.0003
e4,c10,B320k,6666,random,gatedmoe_base,0.6655,0.0003
e4,c10,B320k,6666,random,gatedmoe_g,0.6659,-0.0003
e4,c10,B320k,6666,round_robin,gatedmoe_base,0.0,0.0
e4,c10,B320k,6666,round_robin,gatedmoe_g,0.6683,-0.0006
e4,c10,B320k,6666,gatedmoe_base,gatedmoe_g,0.6683,-0.0006
e4,c10,B320k,7,learned_top1,random,0.667,0.0007
e4,c10,B320k,7,learned_top1,round_robin,0.6664,-0.0006
e4,c10,B320k,7,learned_top1,gatedmoe_base,0.6664,-0.0006
e4,c10,B320k,7,learned_top1,gatedmoe_g,0.6665,0.0024
e4,c10,B320k,7,random,round_robin,0.666,-0.0013
e4,c10,B320k,7,random,gatedmoe_base,0.666,-0.0013
e4,c10,B320k,7,random,gatedmoe_g,0.6674,0.0017
e4,c10,B320k,7,round_robin,gatedmoe_base,0.0,0.0
e4,c10,B320k,7,round_robin,gatedmoe_g,0.6637,0.003
e4,c10,B320k,7,gatedmoe_base,gatedmoe_g,0.6637,0.003
e4,c10,B320k,777,learned_top1,random,0.6662,-0.0021
e4,c10,B320k,777,learned_top1,round_robin,0.6671,-0.0071
e4,c10,B320k,777,learned_top1,gatedmoe_base,0.6671,-0.0071
e4,c10,B320k,777,learned_top1,gatedmoe_g,0.6666,-0.0097
e4,c10,B320k,777,random,round_robin,0.6661,-0.005
e4,c10,B320k,777,random,gatedmoe_base,0.6661,-0.005
e4,c10,B320k,777,random,gatedmoe_g,0.6663,-0.0076
e4,c10,B320k,777,round_robin,gatedmoe_base,0.0,0.0
e4,c10,B320k,777,round_robin,gatedmoe_g,0.6663,-0.0026
e4,c10,B320k,777,gatedmoe_base,gatedmoe_g,0.6663,-0.0026
e4,c10,B320k,7777,learned_top1,random,0.6662,-0.0082
e4,c10,B320k,7777,learned_top1,round_robin,0.6666,-0.0044
e4,c10,B320k,7777,learned_top1,gatedmoe_base,0.6666,-0.0044
e4,c10,B320k,7777,learned_top1,gatedmoe_g,0.6659,-0.0007
e4,c10,B320k,7777,random,round_robin,0.6664,0.0038
e4,c10,B320k,7777,random,gatedmoe_base,0.6664,0.0038
e4,c10,B320k,7777,random,gatedmoe_g,0.6671,0.0075
e4,c10,B320k,7777,round_robin,gatedmoe_base,0.0,0.0
e4,c10,B320k,7777,round_robin,gatedmoe_g,0.6657,0.0037
e4,c10,B320k,7777,gatedmoe_base,gatedmoe_g,0.6657,0.0037
e4,c10,B320k,888,learned_top1,random,0.666,-0.0049
e4,c10,B320k,888,learned_top1,round_robin,0.6669,-0.0009
e4,c10,B320k,888,learned_top1,gatedmoe_base,0.6669,-0.0009
e4,c10,B320k,888,learned_top1,gatedmoe_g,0.6669,-0.0057
e4,c10,B320k,888,random,round_robin,0.6668,0.004
e4,c10,B320k,888,random,gatedmoe_base,0.6668,0.004
e4,c10,B320k,888,random,gatedmoe_g,0.6657,-0.0008
e4,c10,B320k,888,round_robin,gatedmoe_base,0.0,0.0
e4,c10,B320k,888,round_robin,gatedmoe_g,0.6655,-0.0048
e4,c10,B320k,888,gatedmoe_base,gatedmoe_g,0.6655,-0.0048
e4,c10,B320k,8888,learned_top1,random,0.6668,-0.0055
e4,c10,B320k,8888,learned_top1,round_robin,0.668,0.0018
e4,c10,B320k,8888,learned_top1,gatedmoe_base,0.668,0.0018
e4,c10,B320k,8888,learned_top1,gatedmoe_g,0.6669,-0.0107
e4,c10,B320k,8888,random,round_robin,0.6665,0.0073
e4,c10,B320k,8888,random,gatedmoe_base,0.6665,0.0073
e4,c10,B320k,8888,random,gatedmoe_g,0.6668,-0.0052
e4,c10,B320k,8888,round_robin,gatedmoe_base,0.0,0.0
e4,c10,B320k,8888,round_robin,gatedmoe_g,0.6669,-0.0125
e4,c10,B320k,8888,gatedmoe_base,gatedmoe_g,0.6669,-0.0125
e4,c10,B320k,999,learned_top1,random,0.6668,0.0033
e4,c10,B320k,999,learned_top1,round_robin,0.6665,-0.0014
e4,c10,B320k,999,learned_top1,gatedmoe_base,0.6665,-0.0014
e4,c10,B320k,999,learned_top1,gatedmoe_g,0.6666,-0.0022
e4,c10,B320k,999,random,round_robin,0.6661,-0.0047
e4,c10,B320k,999,random,gatedmoe_base,0.6661,-0.0047
e4,c10,B320k,999,random,gatedmoe_g,0.6672,-0.0055
e4,c10,B320k,999,round_robin,gatedmoe_base,0.0,0.0
e4,c10,B320k,999,round_robin,gatedmoe_g,0.6695,-0.0008
e4,c10,B320k,999,gatedmoe_base,gatedmoe_g,0.6695,-0.0008
e4,c10,B320k,9999,learned_top1,random,0.6663,-0.0029
e4,c10,B320k,9999,learned_top1,round_robin,0.6657,0.0041
e4,c10,B320k,9999,learned_top1,gatedmoe_base,0.6657,0.0041
e4,c10,B320k,9999,learned_top1,gatedmoe_g,0.6668,0.0086
e4,c10,B320k,9999,random,round_robin,0.6671,0.007
e4,c10,B320k,9999,random,gatedmoe_base,0.6671,0.007
e4,c10,B320k,9999,random,gatedmoe_g,0.6665,0.0115
e4,c10,B320k,9999,round_robin,gatedmoe_base,0.0,0.0
e4,c10,B320k,9999,round_robin,gatedmoe_g,0.667,0.0045
e4,c10,B320k,9999,gatedmoe_base,gatedmoe_g,0.667,0.0045
e4,c10,B512k,10101,learned_top1,random,0.8327,-0.0068
e4,c10,B512k,10101,learned_top1,round_robin,0.8333,0.0013
e4,c10,B512k,10101,learned_top1,gatedmoe_base,0.8333,0.0013
e4,c10,B512k,10101,learned_top1,gatedmoe_g,0.8323,0.0014
e4,c10,B512k,10101,random,round_robin,0.8338,0.0081
e4,c10,B512k,10101,random,gatedmoe_base,0.8338,0.0081
e4,c10,B512k,10101,random,gatedmoe_g,0.8333,0.0082
e4,c10,B512k,10101,round_robin,gatedmoe_base,0.0,0.0
e4,c10,B512k,10101,round_robin,gatedmoe_g,0.8332,0.0001
e4,c10,B512k,10101,gatedmoe_base,gatedmoe_g,0.8332,0.0001
e4,c10,B512k,1111,learned_top1,random,0.8333,-0.0128
e4,c10,B512k,1111,learned_top1,round_robin,0.8341,-0.0015
e4,c10,B512k,1111,learned_top1,gatedmoe_base,0.8341,-0.0015
e4,c10,B512k,1111,learned_top1,gatedmoe_g,0.8334,-0.0054
e4,c10,B512k,1111,random,round_robin,0.8335,0.0113
e4,c10,B512k,1111,random,gatedmoe_base,0.8335,0.0113
e4,c10,B512k,1111,random,gatedmoe_g,0.833,0.0074
e4,c10,B512k,1111,round_robin,gatedmoe_base,0.0,0.0
e4,c10,B512k,1111,round_robin,gatedmoe_g,0.831,-0.0039
e4,c10,B512k,1111,gatedmoe_base,gatedmoe_g,0.831,-0.0039
e4,c10,B512k,123,learned_top1,random,0.8337,0.0054
e4,c10,B512k,123,learned_top1,round_robin,0.833,-0.0113
e4,c10,B512k,123,learned_top1,gatedmoe_base,0.833,-0.0113
e4,c10,B512k,123,learned_top1,gatedmoe_g,0.8338,-0.0049
e4,c10,B512k,123,random,round_robin,0.8335,-0.0167
e4,c10,B512k,123,random,gatedmoe_base,0.8335,-0.0167
e4,c10,B512k,123,random,gatedmoe_g,0.8337,-0.0103
e4,c10,B512k,123,round_robin,gatedmoe_base,0.0,0.0
e4,c10,B512k,123,round_robin,gatedmoe_g,0.8336,0.0064
e4,c10,B512k,123,gatedmoe_base,gatedmoe_g,0.8336,0.0064
e4,c10,B512k,2026,learned_top1,random,0.833,0.0077
e4,c10,B512k,2026,learned_top1,round_robin,0.8326,0.0063
e4,c10,B512k,2026,learned_top1,gatedmoe_base,0.8326,0.0063
e4,c10,B512k,2026,learned_top1,gatedmoe_g,0.8331,0.0034
e4,c10,B512k,2026,random,round_robin,0.8325,-0.0014
e4,c10,B512k,2026,random,gatedmoe_base,0.8325,-0.0014
e4,c10,B512k,2026,random,gatedmoe_g,0.8334,-0.0043
e4,c10,B512k,2026,round_robin,gatedmoe_base,0.0,0.0
e4,c10,B512k,2026,round_robin,gatedmoe_g,0.8312,-0.0029
e4,c10,B512k,2026,gatedmoe_base,gatedmoe_g,0.8312,-0.0029
e4,c10,B512k,2222,learned_top1,random,0.8334,0.0019
e4,c10,B512k,2222,learned_top1,round_robin,0.8332,0.0063
e4,c10,B512k,2222,learned_top1,gatedmoe_base,0.8332,0.0063
e4,c10,B512k,2222,learned_top1,gatedmoe_g,0.8331,0.0081
e4,c10,B512k,2222,random,round_robin,0.8336,0.0044
e4,c10,B512k,2222,random,gatedmoe_base,0.8336,0.0044
e4,c10,B512k,2222,random,gatedmoe_g,0.8326,0.0062
e4,c10,B512k,2222,round_robin,gatedmoe_base,0.0,0.0
e4,c10,B512k,2222,round_robin,gatedmoe_g,0.8332,0.0018
e4,c10,B512k,2222,gatedmoe_base,gatedmoe_g,0.8332,0.0018
e4,c10,B512k,31415,learned_top1,random,0.8337,0.006
e4,c10,B512k,31415,learned_top1,round_robin,0.8342,0.0016
e4,c10,B512k,31415,learned_top1,gatedmoe_base,0.8342,0.0016
e4,c10,B512k,31415,learned_top1,gatedmoe_g,0.8335,-0.0042
e4,c10,B512k,31415,random,round_robin,0.8333,-0.0044
e4,c10,B512k,31415,random,gatedmoe_base,0.8333,-0.0044
e4,c10,B512k,31415,random,gatedmoe_g,0.8335,-0.0102
e4,c10,B512k,31415,round_robin,gatedmoe_base,0.0,0.0
e4,c10,B512k,31415,round_robin,gatedmoe_g,0.8313,-0.0058
e4,c10,B512k,31415,gatedmoe_base,gatedmoe_g,0.8313,-0.0058
e4,c10,B512k,3333,learned_top1,random,0.8336,0.0085
e4,c10,B512k,3333,learned_top1,round_robin,0.8331,0.0089
e4,c10,B512k,3333,learned_top1,gatedmoe_base,0.8331,0.0089
e4,c10,B512k,3333,learned_top1,gatedmoe_g,0.8328,0.0039
e4,c10,B512k,3333,random,round_robin,0.8335,0.0004
e4,c10,B512k,3333,random,gatedmoe_base,0.8335,0.0004
e4,c10,B512k,3333,random,gatedmoe_g,0.8326,-0.0046
e4,c10,B512k,3333,round_robin,gatedmoe_base,0.0,0.0
e4,c10,B512k,3333,round_robin,gatedmoe_g,0.8328,-0.005
e4,c10,B512k,3333,gatedmoe_base,gatedmoe_g,0.8328,-0.005
e4,c10,B512k,42,learned_top1,random,0.8329,0.0057
e4,c10,B512k,42,learned_top1,round_robin,0.8326,0.0008
e4,c10,B512k,42,learned_top1,gatedmoe_base,0.8326,0.0008
e4,c10,B512k,42,learned_top1,gatedmoe_g,0.8338,0.016
e4,c10,B512k,42,random,round_robin,0.8333,-0.0049
e4,c10,B512k,42,random,gatedmoe_base,0.8333,-0.0049
e4,c10,B512k,42,random,gatedmoe_g,0.8337,0.0103
e4,c10,B512k,42,round_robin,gatedmoe_base,0.0,0.0
e4,c10,B512k,42,round_robin,gatedmoe_g,0.8336,0.0152
e4,c10,B512k,42,gatedmoe_base,gatedmoe_g,0.8336,0.0152
e4,c10,B512k,4444,learned_top1,random,0.8338,-0.0035
e4,c10,B512k,4444,learned_top1,round_robin,0.8338,-0.0046
e4,c10,B512k,4444,learned_top1,gatedmoe_base,0.8338,-0.0046
e4,c10,B512k,4444,learned_top1,gatedmoe_g,0.8332,-0.0075
e4,c10,B512k,4444,random,round_robin,0.8329,-0.0011
e4,c10,B512k,4444,random,gatedmoe_base,0.8329,-0.0011
e4,c10,B512k,4444,random,gatedmoe_g,0.8329,-0.004
e4,c10,B512k,4444,round_robin,gatedmoe_base,0.0,0.0
e4,c10,B512k,4444,round_robin,gatedmoe_g,0.8325,-0.0029
e4,c10,B512k,4444,gatedmoe_base,gatedmoe_g,0.8325,-0.0029
e4,c10,B512k,5150,learned_top1,random,0.8328,-0.0039
e4,c10,B512k,5150,learned_top1,round_robin,0.8329,-0.0018
e4,c10,B512k,5150,learned_top1,gatedmoe_base,0.8329,-0.0018
e4,c10,B512k,5150,learned_top1,gatedmoe_g,0.8338,-0.0076
e4,c10,B512k,5150,random,round_robin,0.8331,0.0021
e4,c10,B512k,5150,random,gatedmoe_base,0.8331,0.0021
e4,c10,B512k,5150,random,gatedmoe_g,0.8331,-0.0037
e4,c10,B512k,5150,round_robin,gatedmoe_base,0.0,0.0
e4,c10,B512k,5150,round_robin,gatedmoe_g,0.835,-0.0058
e4,c10,B512k,5150,gatedmoe_base,gatedmoe_g,0.835,-0.0058
e4,c10,B512k,5555,learned_top1,random,0.8333,0.005
e4,c10,B512k,5555,learned_top1,round_robin,0.833,-0.0019
e4,c10,B512k,5555,learned_top1,gatedmoe_base,0.833,-0.0019
e4,c10,B512k,5555,learned_top1,gatedmoe_g,0.8335,0.0019
e4,c10,B512k,5555,random,round_robin,0.8338,-0.0069
e4,c10,B512k,5555,random,gatedmoe_base,0.8338,-0.0069
e4,c10,B512k,5555,random,gatedmoe_g,0.8331,-0.0031
e4,c10,B512k,5555,round_robin,gatedmoe_base,0.0,0.0
e4,c10,B512k,5555,round_robin,gatedmoe_g,0.8342,0.0038
e4,c10,B512k,5555,gatedmoe_base,gatedmoe_g,0.8342,0.0038
e4,c10,B512k,60486,learned_top1,random,0.8333,0.0094
e4,c10,B512k,60486,learned_top1,round_robin,0.8334,0.003
e4,c10,B512k,60486,learned_top1,gatedmoe_base,0.8334,0.003
e4,c10,B512k,60486,learned_top1,gatedmoe_g,0.8333,0.0102
e4,c10,B512k,60486,random,round_robin,0.8325,-0.0064
e4,c10,B512k,60486,random,gatedmoe_base,0.8325,-0.0064
e4,c10,B512k,60486,random,gatedmoe_g,0.8335,0.0008
e4,c10,B512k,60486,round_robin,gatedmoe_base,0.0,0.0
e4,c10,B512k,60486,round_robin,gatedmoe_g,0.834,0.0072
e4,c10,B512k,60486,gatedmoe_base,gatedmoe_g,0.834,0.0072
e4,c10,B512k,6666,learned_top1,random,0.8337,0.0004
e4,c10,B512k,6666,learned_top1,round_robin,0.8337,-0.0011
e4,c10,B512k,6666,learned_top1,gatedmoe_base,0.8337,-0.0011
e4,c10,B512k,6666,learned_top1,gatedmoe_g,0.8334,-0.0013
e4,c10,B512k,6666,random,round_robin,0.8328,-0.0015
e4,c10,B512k,6666,random,gatedmoe_base,0.8328,-0.0015
e4,c10,B512k,6666,random,gatedmoe_g,0.8334,-0.0017
e4,c10,B512k,6666,round_robin,gatedmoe_base,0.0,0.0
e4,c10,B512k,6666,round_robin,gatedmoe_g,0.8334,-0.0002
e4,c10,B512k,6666,gatedmoe_base,gatedmoe_g,0.8334,-0.0002
e4,c10,B512k,7,learned_top1,random,0.8325,-0.006
e4,c10,B512k,7,learned_top1,round_robin,0.8334,0.0023
e4,c10,B512k,7,learned_top1,gatedmoe_base,0.8334,0.0023
e4,c10,B512k,7,learned_top1,gatedmoe_g,0.8331,-0.006
e4,c10,B512k,7,random,round_robin,0.8325,0.0083
e4,c10,B512k,7,random,gatedmoe_base,0.8325,0.0083
e4,c10,B512k,7,random,gatedmoe_g,0.8343,0.0
e4,c10,B512k,7,round_robin,gatedmoe_base,0.0,0.0
e4,c10,B512k,7,round_robin,gatedmoe_g,0.8317,-0.0083
e4,c10,B512k,7,gatedmoe_base,gatedmoe_g,0.8317,-0.0083
e4,c10,B512k,777,learned_top1,random,0.8328,0.0077
e4,c10,B512k,777,learned_top1,round_robin,0.8333,0.0076
e4,c10,B512k,777,learned_top1,gatedmoe_base,0.8333,0.0076
e4,c10,B512k,777,learned_top1,gatedmoe_g,0.8338,0.0092
e4,c10,B512k,777,random,round_robin,0.8333,-0.0001
e4,c10,B512k,777,random,gatedmoe_base,0.8333,-0.0001
e4,c10,B512k,777,random,gatedmoe_g,0.8333,0.0015
e4,c10,B512k,777,round_robin,gatedmoe_base,0.0,0.0
e4,c10,B512k,777,round_robin,gatedmoe_g,0.8325,0.0016
e4,c10,B512k,777,gatedmoe_base,gatedmoe_g,0.8325,0.0016
e4,c10,B512k,7777,learned_top1,random,0.8332,-0.0033
e4,c10,B512k,7777,learned_top1,round_robin,0.833,0.0039
e4,c10,B512k,7777,learned_top1,gatedmoe_base,0.833,0.0039
e4,c10,B512k,7777,learned_top1,gatedmoe_g,0.8333,0.0057
e4,c10,B512k,7777,random,round_robin,0.8329,0.0072
e4,c10,B512k,7777,random,gatedmoe_base,0.8329,0.0072
e4,c10,B512k,7777,random,gatedmoe_g,0.8334,0.009
e4,c10,B512k,7777,round_robin,gatedmoe_base,0.0,0.0
e4,c10,B512k,7777,round_robin,gatedmoe_g,0.8326,0.0018
e4,c10,B512k,7777,gatedmoe_base,gatedmoe_g,0.8326,0.0018
e4,c10,B512k,888,learned_top1,random,0.8331,0.0023
e4,c10,B512k,888,learned_top1,round_robin,0.8334,0.0114
e4,c10,B512k,888,learned_top1,gatedmoe_base,0.8334,0.0114
e4,c10,B512k,888,learned_top1,gatedmoe_g,0.8334,0.0074
e4,c10,B512k,888,random,round_robin,0.8339,0.0091
e4,c10,B512k,888,random,gatedmoe_base,0.8339,0.0091
e4,c10,B512k,888,random,gatedmoe_g,0.8326,0.0051
e4,c10,B512k,888,round_robin,gatedmoe_base,0.0,0.0
e4,c10,B512k,888,round_robin,gatedmoe_g,0.8329,-0.004
e4,c10,B512k,888,gatedmoe_base,gatedmoe_g,0.8329,-0.004
e4,c10,B512k,8888,learned_top1,random,0.8337,0.0005
e4,c10,B512k,8888,learned_top1,round_robin,0.8328,-0.0006
e4,c10,B512k,8888,learned_top1,gatedmoe_base,0.8328,-0.0006
e4,c10,B512k,8888,learned_top1,gatedmoe_g,0.8327,0.0001
e4,c10,B512k,8888,random,round_robin,0.8334,-0.0011
e4,c10,B512k,8888,random,gatedmoe_base,0.8334,-0.0011
e4,c10,B512k,8888,random,gatedmoe_g,0.8326,-0.0004
e4,c10,B512k,8888,round_robin,gatedmoe_base,0.0,0.0
e4,c10,B512k,8888,round_robin,gatedmoe_g,0.834,0.0007
e4,c10,B512k,8888,gatedmoe_base,gatedmoe_g,0.834,0.0007
e4,c10,B512k,999,learned_top1,random,0.8334,-0.0037
e4,c10,B512k,999,learned_top1,round_robin,0.8341,-0.0035
e4,c10,B512k,999,learned_top1,gatedmoe_base,0.8341,-0.0035
e4,c10,B512k,999,learned_top1,gatedmoe_g,0.8332,-0.0031
e4,c10,B512k,999,random,round_robin,0.8328,0.0002
e4,c10,B512k,999,random,gatedmoe_base,0.8328,0.0002
e4,c10,B512k,999,random,gatedmoe_g,0.8337,0.0006
e4,c10,B512k,999,round_robin,gatedmoe_base,0.0,0.0
e4,c10,B512k,999,round_robin,gatedmoe_g,0.8333,0.0004
e4,c10,B512k,999,gatedmoe_base,gatedmoe_g,0.8333,0.0004
e4,c10,B512k,9999,learned_top1,random,0.8333,0.0055
e4,c10,B512k,9999,learned_top1,round_robin,0.8326,-0.0081
e4,c10,B512k,9999,learned_top1,gatedmoe_base,0.8326,-0.0081
e4,c10,B512k,9999,learned_top1,gatedmoe_g,0.8333,0.0007
e4,c10,B512k,9999,random,round_robin,0.8331,-0.0136
e4,c10,B512k,9999,random,gatedmoe_base,0.8331,-0.0136
e4,c10,B512k,9999,random,gatedmoe_g,0.8338,-0.0048
e4,c10,B512k,9999,round_robin,gatedmoe_base,0.0,0.0
e4,c10,B512k,9999,round_robin,gatedmoe_g,0.8322,0.0088
e4,c10,B512k,9999,gatedmoe_base,gatedmoe_g,0.8322,0.0088
s1,c100,m1v0,123,learned_top1,random,0.0,0.0
s1,c100,m1v0,123,learned_top1,round_robin,0.0,0.0
s1,c100,m1v0,123,learned_top1,gatedmoe_base,0.0,0.0
s1,c100,m1v0,123,random,round_robin,0.0,0.0
s1,c100,m1v0,123,random,gatedmoe_base,0.0,0.0
s1,c100,m1v0,123,round_robin,gatedmoe_base,0.0,0.0
s1,c100,m1v0,2026,learned_top1,random,0.0,0.0
s1,c100,m1v0,2026,learned_top1,round_robin,0.0,0.0
s1,c100,m1v0,2026,learned_top1,gatedmoe_base,0.0,0.0
s1,c100,m1v0,2026,random,round_robin,0.0,0.0
s1,c100,m1v0,2026,random,gatedmoe_base,0.0,0.0
s1,c100,m1v0,2026,round_robin,gatedmoe_base,0.0,0.0
s1,c100,m1v0,31415,learned_top1,random,0.0,0.0
s1,c100,m1v0,31415,learned_top1,round_robin,0.0,0.0
s1,c100,m1v0,31415,learned_top1,gatedmoe_base,0.0,0.0
s1,c100,m1v0,31415,random,round_robin,0.0,0.0
s1,c100,m1v0,31415,random,gatedmoe_base,0.0,0.0
s1,c100,m1v0,31415,round_robin,gatedmoe_base,0.0,0.0
s1,c100,m1v0,42,learned_top1,random,0.0,0.0
s1,c100,m1v0,42,learned_top1,round_robin,0.0,0.0
s1,c100,m1v0,42,learned_top1,gatedmoe_base,0.0,0.0
s1,c100,m1v0,42,random,round_robin,0.0,0.0
s1,c100,m1v0,42,random,gatedmoe_base,0.0,0.0
s1,c100,m1v0,42,round_robin,gatedmoe_base,0.0,0.0
s1,c100,m1v0,5150,learned_top1,random,0.0,0.0
s1,c100,m1v0,5150,learned_top1,round_robin,0.0,0.0
s1,c100,m1v0,5150,learned_top1,gatedmoe_base,0.0,0.0
s1,c100,m1v0,5150,random,round_robin,0.0,0.0
s1,c100,m1v0,5150,random,gatedmoe_base,0.0,0.0
s1,c100,m1v0,5150,round_robin,gatedmoe_base,0.0,0.0
s1,c100,m1v0,60486,learned_top1,random,0.0,0.0
s1,c100,m1v0,60486,learned_top1,round_robin,0.0,0.0
s1,c100,m1v0,60486,learned_top1,gatedmoe_base,0.0,0.0
s1,c100,m1v0,60486,random,round_robin,0.0,0.0
s1,c100,m1v0,60486,random,gatedmoe_base,0.0,0.0
s1,c100,m1v0,60486,round_robin,gatedmoe_base,0.0,0.0
s1,c100,m1v0,7,learned_top1,random,0.0,0.0
s1,c100,m1v0,7,learned_top1,round_robin,0.0,0.0
s1,c100,m1v0,7,learned_top1,gatedmoe_base,0.0,0.0
s1,c100,m1v0,7,random,round_robin,0.0,0.0
s1,c100,m1v0,7,random,gatedmoe_base,0.0,0.0
s1,c100,m1v0,7,round_robin,gatedmoe_base,0.0,0.0
s1,c100,m1v0,777,learned_top1,random,0.0,0.0
s1,c100,m1v0,777,learned_top1,round_robin,0.0,0.0
s1,c100,m1v0,777,learned_top1,gatedmoe_base,0.0,0.0
s1,c100,m1v0,777,random,round_robin,0.0,0.0
s1,c100,m1v0,777,random,gatedmoe_base,0.0,0.0
s1,c100,m1v0,777,round_robin,gatedmoe_base,0.0,0.0
s1,c100,m1v0,888,learned_top1,random,0.0,0.0
s1,c100,m1v0,888,learned_top1,round_robin,0.0,0.0
s1,c100,m1v0,888,learned_top1,gatedmoe_base,0.0,0.0
s1,c100,m1v0,888,random,round_robin,0.0,0.0
s1,c100,m1v0,888,random,gatedmoe_base,0.0,0.0
s1,c100,m1v0,888,round_robin,gatedmoe_base,0.0,0.0
s1,c100,m1v0,999,learned_top1,random,0.0,0.0
s1,c100,m1v0,999,learned_top1,round_robin,0.0,0.0
s1,c100,m1v0,999,learned_top1,gatedmoe_base,0.0,0.0
s1,c100,m1v0,999,random,round_robin,0.0,0.0
s1,c100,m1v0,999,random,gatedmoe_base,0.0,0.0
s1,c100,m1v0,999,round_robin,gatedmoe_base,0.0,0.0
s1,c100,m1v1,123,learned_top1,random,0.0,0.0
s1,c100,m1v1,123,learned_top1,round_robin,0.0,0.0
s1,c100,m1v1,123,learned_top1,gatedmoe_base,0.0,0.0
s1,c100,m1v1,123,random,round_robin,0.0,0.0
s1,c100,m1v1,123,random,gatedmoe_base,0.0,0.0
s1,c100,m1v1,123,round_robin,gatedmoe_base,0.0,0.0
s1,c100,m1v1,2026,learned_top1,random,0.0,0.0
s1,c100,m1v1,2026,learned_top1,round_robin,0.0,0.0
s1,c100,m1v1,2026,learned_top1,gatedmoe_base,0.0,0.0
s1,c100,m1v1,2026,random,round_robin,0.0,0.0
s1,c100,m1v1,2026,random,gatedmoe_base,0.0,0.0
s1,c100,m1v1,2026,round_robin,gatedmoe_base,0.0,0.0
s1,c100,m1v1,31415,learned_top1,random,0.0,0.0
s1,c100,m1v1,31415,learned_top1,round_robin,0.0,0.0
s1,c100,m1v1,31415,learned_top1,gatedmoe_base,0.0,0.0
s1,c100,m1v1,31415,random,round_robin,0.0,0.0
s1,c100,m1v1,31415,random,gatedmoe_base,0.0,0.0
s1,c100,m1v1,31415,round_robin,gatedmoe_base,0.0,0.0
s1,c100,m1v1,42,learned_top1,random,0.0,0.0
s1,c100,m1v1,42,learned_top1,round_robin,0.0,0.0
s1,c100,m1v1,42,learned_top1,gatedmoe_base,0.0,0.0
s1,c100,m1v1,42,random,round_robin,0.0,0.0
s1,c100,m1v1,42,random,gatedmoe_base,0.0,0.0
s1,c100,m1v1,42,round_robin,gatedmoe_base,0.0,0.0
s1,c100,m1v1,5150,learned_top1,random,0.0,0.0
s1,c100,m1v1,5150,learned_top1,round_robin,0.0,0.0
s1,c100,m1v1,5150,learned_top1,gatedmoe_base,0.0,0.0
s1,c100,m1v1,5150,random,round_robin,0.0,0.0
s1,c100,m1v1,5150,random,gatedmoe_base,0.0,0.0
s1,c100,m1v1,5150,round_robin,gatedmoe_base,0.0,0.0
s1,c100,m1v1,60486,learned_top1,random,0.0,0.0
s1,c100,m1v1,60486,learned_top1,round_robin,0.0,0.0
s1,c100,m1v1,60486,learned_top1,gatedmoe_base,0.0,0.0
s1,c100,m1v1,60486,random,round_robin,0.0,0.0
s1,c100,m1v1,60486,random,gatedmoe_base,0.0,0.0
s1,c100,m1v1,60486,round_robin,gatedmoe_base,0.0,0.0
s1,c100,m1v1,7,learned_top1,random,0.0,0.0
s1,c100,m1v1,7,learned_top1,round_robin,0.0,0.0
s1,c100,m1v1,7,learned_top1,gatedmoe_base,0.0,0.0
s1,c100,m1v1,7,random,round_robin,0.0,0.0
s1,c100,m1v1,7,random,gatedmoe_base,0.0,0.0
s1,c100,m1v1,7,round_robin,gatedmoe_base,0.0,0.0
s1,c100,m1v1,777,learned_top1,random,0.0,0.0
s1,c100,m1v1,777,learned_top1,round_robin,0.0,0.0
s1,c100,m1v1,777,learned_top1,gatedmoe_base,0.0,0.0
s1,c100,m1v1,777,random,round_robin,0.0,0.0
s1,c100,m1v1,777,random,gatedmoe_base,0.0,0.0
s1,c100,m1v1,777,round_robin,gatedmoe_base,0.0,0.0
s1,c100,m1v1,888,learned_top1,random,0.0,0.0
s1,c100,m1v1,888,learned_top1,round_robin,0.0,0.0
s1,c100,m1v1,888,learned_top1,gatedmoe_base,0.0,0.0
s1,c100,m1v1,888,random,round_robin,0.0,0.0
s1,c100,m1v1,888,random,gatedmoe_base,0.0,0.0
s1,c100,m1v1,888,round_robin,gatedmoe_base,0.0,0.0
s1,c100,m1v1,999,learned_top1,random,0.0,0.0
s1,c100,m1v1,999,learned_top1,round_robin,0.0,0.0
s1,c100,m1v1,999,learned_top1,gatedmoe_base,0.0,0.0
s1,c100,m1v1,999,random,round_robin,0.0,0.0
s1,c100,m1v1,999,random,gatedmoe_base,0.0,0.0
s1,c100,m1v1,999,round_robin,gatedmoe_base,0.0,0.0
s1,c100,m2v0,123,learned_top1,random,0.5,-0.0061
s1,c100,m2v0,123,learned_top1,round_robin,0.4996,0.0019
s1,c100,m2v0,123,learned_top1,gatedmoe_base,0.4996,0.0019
s1,c100,m2v0,123,random,round_robin,0.5008,0.008
s1,c100,m2v0,123,random,gatedmoe_base,0.5008,0.008
s1,c100,m2v0,123,round_robin,gatedmoe_base,0.0,0.0
s1,c100,m2v0,2026,learned_top1,random,0.5012,0.0149
s1,c100,m2v0,2026,learned_top1,round_robin,0.4998,0.0091
s1,c100,m2v0,2026,learned_top1,gatedmoe_base,0.4998,0.0091
s1,c100,m2v0,2026,random,round_robin,0.4997,-0.0058
s1,c100,m2v0,2026,random,gatedmoe_base,0.4997,-0.0058
s1,c100,m2v0,2026,round_robin,gatedmoe_base,0.0,0.0
s1,c100,m2v0,31415,learned_top1,random,0.5003,0.0026
s1,c100,m2v0,31415,learned_top1,round_robin,0.5002,-0.0019
s1,c100,m2v0,31415,learned_top1,gatedmoe_base,0.5002,-0.0019
s1,c100,m2v0,31415,random,round_robin,0.4996,-0.0045
s1,c100,m2v0,31415,random,gatedmoe_base,0.4996,-0.0045
s1,c100,m2v0,31415,round_robin,gatedmoe_base,0.0,0.0
s1,c100,m2v0,42,learned_top1,random,0.4983,0.0013
s1,c100,m2v0,42,learned_top1,round_robin,0.5011,-0.0007
s1,c100,m2v0,42,learned_top1,gatedmoe_base,0.5011,-0.0007
s1,c100,m2v0,42,random,round_robin,0.4997,-0.002
s1,c100,m2v0,42,random,gatedmoe_base,0.4997,-0.002
s1,c100,m2v0,42,round_robin,gatedmoe_base,0.0,0.0
s1,c100,m2v0,5150,learned_top1,random,0.4996,0.0039
s1,c100,m2v0,5150,learned_top1,round_robin,0.4999,0.0003
s1,c100,m2v0,5150,learned_top1,gatedmoe_base,0.4999,0.0003
s1,c100,m2v0,5150,random,round_robin,0.5002,-0.0036
s1,c100,m2v0,5150,random,gatedmoe_base,0.5002,-0.0036
s1,c100,m2v0,5150,round_robin,gatedmoe_base,0.0,0.0
s1,c100,m2v0,60486,learned_top1,random,0.4999,0.0045
s1,c100,m2v0,60486,learned_top1,round_robin,0.4998,0.0025
s1,c100,m2v0,60486,learned_top1,gatedmoe_base,0.4998,0.0025
s1,c100,m2v0,60486,random,round_robin,0.499,-0.002
s1,c100,m2v0,60486,random,gatedmoe_base,0.499,-0.002
s1,c100,m2v0,60486,round_robin,gatedmoe_base,0.0,0.0
s1,c100,m2v0,7,learned_top1,random,0.4997,0.0022
s1,c100,m2v0,7,learned_top1,round_robin,0.5003,-0.0009
s1,c100,m2v0,7,learned_top1,gatedmoe_base,0.5003,-0.0009
s1,c100,m2v0,7,random,round_robin,0.5011,-0.0031
s1,c100,m2v0,7,random,gatedmoe_base,0.5011,-0.0031
s1,c100,m2v0,7,round_robin,gatedmoe_base,0.0,0.0
s1,c100,m2v0,777,learned_top1,random,0.5004,0.0044
s1,c100,m2v0,777,learned_top1,round_robin,0.4999,0.0007
s1,c100,m2v0,777,learned_top1,gatedmoe_base,0.4999,0.0007
s1,c100,m2v0,777,random,round_robin,0.5007,-0.0037
s1,c100,m2v0,777,random,gatedmoe_base,0.5007,-0.0037
s1,c100,m2v0,777,round_robin,gatedmoe_base,0.0,0.0
s1,c100,m2v0,888,learned_top1,random,0.5008,-0.0063
s1,c100,m2v0,888,learned_top1,round_robin,0.5008,-0.0018
s1,c100,m2v0,888,learned_top1,gatedmoe_base,0.5008,-0.0094
s1,c100,m2v0,888,random,round_robin,0.5006,0.0045
s1,c100,m2v0,888,random,gatedmoe_base,0.5006,-0.0031
s1,c100,m2v0,888,round_robin,gatedmoe_base,0.0,-0.0076
s1,c100,m2v0,999,learned_top1,random,0.4993,0.0
s1,c100,m2v0,999,learned_top1,round_robin,0.4996,-0.0046
s1,c100,m2v0,999,learned_top1,gatedmoe_base,0.4996,-0.0046
s1,c100,m2v0,999,random,round_robin,0.4999,-0.0046
s1,c100,m2v0,999,random,gatedmoe_base,0.4999,-0.0046
s1,c100,m2v0,999,round_robin,gatedmoe_base,0.0,0.0
s1,c100,m2v1,123,learned_top1,random,0.4996,0.0008
s1,c100,m2v1,123,learned_top1,round_robin,0.5001,0.0049
s1,c100,m2v1,123,learned_top1,gatedmoe_base,0.5001,0.0049
s1,c100,m2v1,123,random,round_robin,0.5008,0.0041
s1,c100,m2v1,123,random,gatedmoe_base,0.5008,0.0041
s1,c100,m2v1,123,round_robin,gatedmoe_base,0.0,0.0
s1,c100,m2v1,2026,learned_top1,random,0.4996,0.0009
s1,c100,m2v1,2026,learned_top1,round_robin,0.5008,-0.0001
s1,c100,m2v1,2026,learned_top1,gatedmoe_base,0.5008,-0.0001
s1,c100,m2v1,2026,random,round_robin,0.4997,-0.001
s1,c100,m2v1,2026,random,gatedmoe_base,0.4997,-0.001
s1,c100,m2v1,2026,round_robin,gatedmoe_base,0.0,0.0
s1,c100,m2v1,31415,learned_top1,random,0.5018,-0.0007
s1,c100,m2v1,31415,learned_top1,round_robin,0.4993,-0.0081
s1,c100,m2v1,31415,learned_top1,gatedmoe_base,0.4993,-0.0081
s1,c100,m2v1,31415,random,round_robin,0.4996,-0.0074
s1,c100,m2v1,31415,random,gatedmoe_base,0.4996,-0.0074
s1,c100,m2v1,31415,round_robin,gatedmoe_base,0.0,0.0
s1,c100,m2v1,42,learned_top1,random,0.5001,-0.0048
s1,c100,m2v1,42,learned_top1,round_robin,0.5008,-0.0049
s1,c100,m2v1,42,learned_top1,gatedmoe_base,0.5008,-0.0049
s1,c100,m2v1,42,random,round_robin,0.4997,-0.0001
s1,c100,m2v1,42,random,gatedmoe_base,0.4997,-0.0001
s1,c100,m2v1,42,round_robin,gatedmoe_base,0.0,0.0
s1,c100,m2v1,5150,learned_top1,random,0.5011,0.0018
s1,c100,m2v1,5150,learned_top1,round_robin,0.5002,0.0047
s1,c100,m2v1,5150,learned_top1,gatedmoe_base,0.5002,0.0047
s1,c100,m2v1,5150,random,round_robin,0.5002,0.0029
s1,c100,m2v1,5150,random,gatedmoe_base,0.5002,0.0029
s1,c100,m2v1,5150,round_robin,gatedmoe_base,0.0,0.0
s1,c100,m2v1,60486,learned_top1,random,0.4998,0.0029
s1,c100,m2v1,60486,learned_top1,round_robin,0.5005,0.0024
s1,c100,m2v1,60486,learned_top1,gatedmoe_base,0.5005,0.0024
s1,c100,m2v1,60486,random,round_robin,0.499,-0.0005
s1,c100,m2v1,60486,random,gatedmoe_base,0.499,-0.0005
s1,c100,m2v1,60486,round_robin,gatedmoe_base,0.0,0.0
s1,c100,m2v1,7,learned_top1,random,0.4995,-0.0054
s1,c100,m2v1,7,learned_top1,round_robin,0.4995,0.0023
s1,c100,m2v1,7,learned_top1,gatedmoe_base,0.4995,0.0023
s1,c100,m2v1,7,random,round_robin,0.5011,0.0077
s1,c100,m2v1,7,random,gatedmoe_base,0.5011,0.0077
s1,c100,m2v1,7,round_robin,gatedmoe_base,0.0,0.0
s1,c100,m2v1,777,learned_top1,random,0.5016,-0.0032
s1,c100,m2v1,777,learned_top1,round_robin,0.4994,-0.0017
s1,c100,m2v1,777,learned_top1,gatedmoe_base,0.4994,-0.0017
s1,c100,m2v1,777,random,round_robin,0.5007,0.0015
s1,c100,m2v1,777,random,gatedmoe_base,0.5007,0.0015
s1,c100,m2v1,777,round_robin,gatedmoe_base,0.0,0.0
s1,c100,m2v1,888,learned_top1,random,0.5005,-0.0016
s1,c100,m2v1,888,learned_top1,round_robin,0.5012,-0.0041
s1,c100,m2v1,888,learned_top1,gatedmoe_base,0.5012,-0.0041
s1,c100,m2v1,888,random,round_robin,0.5006,-0.0025
s1,c100,m2v1,888,random,gatedmoe_base,0.5006,-0.0025
s1,c100,m2v1,888,round_robin,gatedmoe_base,0.0,0.0
s1,c100,m2v1,999,learned_top1,random,0.5006,0.0057
s1,c100,m2v1,999,learned_top1,round_robin,0.5002,-0.001
s1,c100,m2v1,999,learned_top1,gatedmoe_base,0.5002,-0.001
s1,c100,m2v1,999,random,round_robin,0.4999,-0.0067
s1,c100,m2v1,999,random,gatedmoe_base,0.4999,-0.0067
s1,c100,m2v1,999,round_robin,gatedmoe_base,0.0,0.0
s1,c100,m3v0,123,learned_top1,random,0.6678,0.0033
s1,c100,m3v0,123,learned_top1,round_robin,0.6677,0.0078
s1,c100,m3v0,123,learned_top1,gatedmoe_base,0.6677,0.0078
s1,c100,m3v0,123,random,round_robin,0.6664,0.0045
s1,c100,m3v0,123,random,gatedmoe_base,0.6664,0.0045
s1,c100,m3v0,123,round_robin,gatedmoe_base,0.0,0.0
s1,c100,m3v0,2026,learned_top1,random,0.6678,-0.0016
s1,c100,m3v0,2026,learned_top1,round_robin,0.667,-0.0034
s1,c100,m3v0,2026,learned_top1,gatedmoe_base,0.667,-0.0034
s1,c100,m3v0,2026,random,round_robin,0.6651,-0.0018
s1,c100,m3v0,2026,random,gatedmoe_base,0.6651,-0.0018
s1,c100,m3v0,2026,round_robin,gatedmoe_base,0.0,0.0
s1,c100,m3v0,31415,learned_top1,random,0.6682,0.0
s1,c100,m3v0,31415,learned_top1,round_robin,0.6667,-0.0028
s1,c100,m3v0,31415,learned_top1,gatedmoe_base,0.6667,-0.0028
s1,c100,m3v0,31415,random,round_robin,0.6659,-0.0028
s1,c100,m3v0,31415,random,gatedmoe_base,0.6659,-0.0028
s1,c100,m3v0,31415,round_robin,gatedmoe_base,0.0,0.0
s1,c100,m3v0,42,learned_top1,random,0.6674,-0.0012
s1,c100,m3v0,42,learned_top1,round_robin,0.6674,-0.0004
s1,c100,m3v0,42,learned_top1,gatedmoe_base,0.6674,-0.0004
s1,c100,m3v0,42,random,round_robin,0.6665,0.0008
s1,c100,m3v0,42,random,gatedmoe_base,0.6665,0.0008
s1,c100,m3v0,42,round_robin,gatedmoe_base,0.0,0.0
s1,c100,m3v0,5150,learned_top1,random,0.666,-0.003
s1,c100,m3v0,5150,learned_top1,round_robin,0.6671,0.0014
s1,c100,m3v0,5150,learned_top1,gatedmoe_base,0.6671,0.0014
s1,c100,m3v0,5150,random,round_robin,0.6661,0.0044
s1,c100,m3v0,5150,random,gatedmoe_base,0.6661,0.0044
s1,c100,m3v0,5150,round_robin,gatedmoe_base,0.0,0.0
s1,c100,m3v0,60486,learned_top1,random,0.667,-0.0027
s1,c100,m3v0,60486,learned_top1,round_robin,0.6663,-0.0061
s1,c100,m3v0,60486,learned_top1,gatedmoe_base,0.6663,-0.0061
s1,c100,m3v0,60486,random,round_robin,0.6649,-0.0034
s1,c100,m3v0,60486,random,gatedmoe_base,0.6649,-0.0034
s1,c100,m3v0,60486,round_robin,gatedmoe_base,0.0,0.0
s1,c100,m3v0,7,learned_top1,random,0.6683,-0.006
s1,c100,m3v0,7,learned_top1,round_robin,0.6674,0.0065
s1,c100,m3v0,7,learned_top1,gatedmoe_base,0.6674,0.0065
s1,c100,m3v0,7,random,round_robin,0.6658,0.0125
s1,c100,m3v0,7,random,gatedmoe_base,0.6658,0.0125
s1,c100,m3v0,7,round_robin,gatedmoe_base,0.0,0.0
s1,c100,m3v0,777,learned_top1,random,0.6658,-0.0059
s1,c100,m3v0,777,learned_top1,round_robin,0.6677,-0.006
s1,c100,m3v0,777,learned_top1,gatedmoe_base,0.6677,-0.006
s1,c100,m3v0,777,random,round_robin,0.6655,-0.0001
s1,c100,m3v0,777,random,gatedmoe_base,0.6655,-0.0001
s1,c100,m3v0,777,round_robin,gatedmoe_base,0.0,0.0
s1,c100,m3v0,888,learned_top1,random,0.6665,-0.0015
s1,c100,m3v0,888,learned_top1,round_robin,0.6669,-0.0035
s1,c100,m3v0,888,learned_top1,gatedmoe_base,0.6669,-0.0035
s1,c100,m3v0,888,random,round_robin,0.6676,-0.002
s1,c100,m3v0,888,random,gatedmoe_base,0.6676,-0.002
s1,c100,m3v0,888,round_robin,gatedmoe_base,0.0,0.0
s1,c100,m3v0,999,learned_top1,random,0.6676,0.0053
s1,c100,m3v0,999,learned_top1,round_robin,0.6676,0.0088
s1,c100,m3v0,999,learned_top1,gatedmoe_base,0.6676,0.0088
s1,c100,m3v0,999,random,round_robin,0.6657,0.0035
s1,c100,m3v0,999,random,gatedmoe_base,0.6657,0.0035
s1,c100,m3v0,999,round_robin,gatedmoe_base,0.0,0.0
s1,c100,m3v1,123,learned_top1,random,0.6669,0.0053
s1,c100,m3v1,123,learned_top1,round_robin,0.667,0.003
s1,c100,m3v1,123,learned_top1,gatedmoe_base,0.667,0.003
s1,c100,m3v1,123,random,round_robin,0.6664,-0.0023
s1,c100,m3v1,123,random,gatedmoe_base,0.6664,-0.0023
s1,c100,m3v1,123,round_robin,gatedmoe_base,0.0,0.0
s1,c100,m3v1,2026,learned_top1,random,0.6662,0.0075
s1,c100,m3v1,2026,learned_top1,round_robin,0.6678,0.0005
s1,c100,m3v1,2026,learned_top1,gatedmoe_base,0.6678,0.0005
s1,c100,m3v1,2026,random,round_robin,0.6651,-0.007
s1,c100,m3v1,2026,random,gatedmoe_base,0.6651,-0.007
s1,c100,m3v1,2026,round_robin,gatedmoe_base,0.0,0.0
s1,c100,m3v1,31415,learned_top1,random,0.6659,-0.001
s1,c100,m3v1,31415,learned_top1,round_robin,0.6661,-0.0011
s1,c100,m3v1,31415,learned_top1,gatedmoe_base,0.6661,-0.0011
s1,c100,m3v1,31415,random,round_robin,0.6659,-0.0001
s1,c100,m3v1,31415,random,gatedmoe_base,0.6659,-0.0001
s1,c100,m3v1,31415,round_robin,gatedmoe_base,0.0,0.0
s1,c100,m3v1,42,learned_top1,random,0.6658,0.0051
s1,c100,m3v1,42,learned_top1,round_robin,0.6673,0.0049
s1,c100,m3v1,42,learned_top1,gatedmoe_base,0.6673,0.0049
s1,c100,m3v1,42,random,round_robin,0.6665,-0.0002
s1,c100,m3v1,42,random,gatedmoe_base,0.6665,-0.0002
s1,c100,m3v1,42,round_robin,gatedmoe_base,0.0,0.0
s1,c100,m3v1,5150,learned_top1,random,0.6653,-0.0079
s1,c100,m3v1,5150,learned_top1,round_robin,0.6666,-0.0065
s1,c100,m3v1,5150,learned_top1,gatedmoe_base,0.6666,-0.0065
s1,c100,m3v1,5150,random,round_robin,0.6661,0.0014
s1,c100,m3v1,5150,random,gatedmoe_base,0.6661,0.0014
s1,c100,m3v1,5150,round_robin,gatedmoe_base,0.0,0.0
s1,c100,m3v1,60486,learned_top1,random,0.6658,0.0027
s1,c100,m3v1,60486,learned_top1,round_robin,0.668,0.0076
s1,c100,m3v1,60486,learned_top1,gatedmoe_base,0.668,0.0076
s1,c100,m3v1,60486,random,round_robin,0.6649,0.0049
s1,c100,m3v1,60486,random,gatedmoe_base,0.6649,0.0049
s1,c100,m3v1,60486,round_robin,gatedmoe_base,0.0,0.0
s1,c100,m3v1,7,learned_top1,random,0.6689,0.0053
s1,c100,m3v1,7,learned_top1,round_robin,0.6666,0.0049
s1,c100,m3v1,7,learned_top1,gatedmoe_base,0.6666,0.0049
s1,c100,m3v1,7,random,round_robin,0.6658,-0.0004
s1,c100,m3v1,7,random,gatedmoe_base,0.6658,-0.0004
s1,c100,m3v1,7,round_robin,gatedmoe_base,0.0,0.0
s1,c100,m3v1,777,learned_top1,random,0.6666,0.0064
s1,c100,m3v1,777,learned_top1,round_robin,0.6665,0.0025
s1,c100,m3v1,777,learned_top1,gatedmoe_base,0.6665,0.0025
s1,c100,m3v1,777,random,round_robin,0.6655,-0.0039
s1,c100,m3v1,777,random,gatedmoe_base,0.6655,-0.0039
s1,c100,m3v1,777,round_robin,gatedmoe_base,0.0,0.0
s1,c100,m3v1,888,learned_top1,random,0.666,-0.0014
s1,c100,m3v1,888,learned_top1,round_robin,0.6659,-0.0082
s1,c100,m3v1,888,learned_top1,gatedmoe_base,0.6659,-0.0082
s1,c100,m3v1,888,random,round_robin,0.6676,-0.0068
s1,c100,m3v1,888,random,gatedmoe_base,0.6676,-0.0068
s1,c100,m3v1,888,round_robin,gatedmoe_base,0.0,0.0
s1,c100,m3v1,999,learned_top1,random,0.6657,0.0046
s1,c100,m3v1,999,learned_top1,round_robin,0.667,0.0057
s1,c100,m3v1,999,learned_top1,gatedmoe_base,0.667,0.0057
s1,c100,m3v1,999,random,round_robin,0.6657,0.0011
s1,c100,m3v1,999,random,gatedmoe_base,0.6657,0.0011
s1,c100,m3v1,999,round_robin,gatedmoe_base,0.0,0.0
s1,c100,m4v0,123,learned_top1,random,0.7493,0.0023
s1,c100,m4v0,123,learned_top1,round_robin,0.7502,0.0032
s1,c100,m4v0,123,learned_top1,gatedmoe_base,0.7502,0.0032
s1,c100,m4v0,123,random,round_robin,0.7509,0.0009
s1,c100,m4v0,123,random,gatedmoe_base,0.7509,0.0009
s1,c100,m4v0,123,round_robin,gatedmoe_base,0.0,0.0
s1,c100,m4v0,2026,learned_top1,random,0.7491,-0.0034
s1,c100,m4v0,2026,learned_top1,round_robin,0.7503,0.0047
s1,c100,m4v0,2026,learned_top1,gatedmoe_base,0.7503,0.0047
s1,c100,m4v0,2026,random,round_robin,0.7502,0.0081
s1,c100,m4v0,2026,random,gatedmoe_base,0.7502,0.0081
s1,c100,m4v0,2026,round_robin,gatedmoe_base,0.0,0.0
s1,c100,m4v0,31415,learned_top1,random,0.7509,-0.0053
s1,c100,m4v0,31415,learned_top1,round_robin,0.7498,-0.0026
s1,c100,m4v0,31415,learned_top1,gatedmoe_base,0.7498,-0.0026
s1,c100,m4v0,31415,random,round_robin,0.7493,0.0027
s1,c100,m4v0,31415,random,gatedmoe_base,0.7493,0.0027
s1,c100,m4v0,31415,round_robin,gatedmoe_base,0.0,0.0
s1,c100,m4v0,42,learned_top1,random,0.7518,-0.0053
s1,c100,m4v0,42,learned_top1,round_robin,0.7502,-0.0081
s1,c100,m4v0,42,learned_top1,gatedmoe_base,0.7502,-0.0081
s1,c100,m4v0,42,random,round_robin,0.7497,-0.0028
s1,c100,m4v0,42,random,gatedmoe_base,0.7497,-0.0028
s1,c100,m4v0,42,round_robin,gatedmoe_base,0.0,0.0
s1,c100,m4v0,5150,learned_top1,random,0.7487,-0.0008
s1,c100,m4v0,5150,learned_top1,round_robin,0.7489,-0.0019
s1,c100,m4v0,5150,learned_top1,gatedmoe_base,0.7489,-0.0019
s1,c100,m4v0,5150,random,round_robin,0.7498,-0.0011
s1,c100,m4v0,5150,random,gatedmoe_base,0.7498,-0.0011
s1,c100,m4v0,5150,round_robin,gatedmoe_base,0.0,0.0
s1,c100,m4v0,60486,learned_top1,random,0.7499,-0.0062
s1,c100,m4v0,60486,learned_top1,round_robin,0.7489,-0.0068
s1,c100,m4v0,60486,learned_top1,gatedmoe_base,0.7489,-0.0068
s1,c100,m4v0,60486,random,round_robin,0.7504,-0.0006
s1,c100,m4v0,60486,random,gatedmoe_base,0.7504,-0.0006
s1,c100,m4v0,60486,round_robin,gatedmoe_base,0.0,0.0
s1,c100,m4v0,7,learned_top1,random,0.7496,0.0008
s1,c100,m4v0,7,learned_top1,round_robin,0.7499,0.002
s1,c100,m4v0,7,learned_top1,gatedmoe_base,0.7499,0.002
s1,c100,m4v0,7,random,round_robin,0.7525,0.0012
s1,c100,m4v0,7,random,gatedmoe_base,0.7525,0.0012
s1,c100,m4v0,7,round_robin,gatedmoe_base,0.0,0.0
s1,c100,m4v0,777,learned_top1,random,0.7497,0.0041
s1,c100,m4v0,777,learned_top1,round_robin,0.7504,0.0043
s1,c100,m4v0,777,learned_top1,gatedmoe_base,0.7504,0.0043
s1,c100,m4v0,777,random,round_robin,0.7509,0.0002
s1,c100,m4v0,777,random,gatedmoe_base,0.7509,0.0002
s1,c100,m4v0,777,round_robin,gatedmoe_base,0.0,0.0
s1,c100,m4v0,888,learned_top1,random,0.7506,-0.0078
s1,c100,m4v0,888,learned_top1,round_robin,0.7501,-0.0022
s1,c100,m4v0,888,learned_top1,gatedmoe_base,0.7501,-0.0022
s1,c100,m4v0,888,random,round_robin,0.7501,0.0056
s1,c100,m4v0,888,random,gatedmoe_base,0.7501,0.0056
s1,c100,m4v0,888,round_robin,gatedmoe_base,0.0,0.0
s1,c100,m4v0,999,learned_top1,random,0.751,-0.005
s1,c100,m4v0,999,learned_top1,round_robin,0.7509,-0.0066
s1,c100,m4v0,999,learned_top1,gatedmoe_base,0.7509,-0.0066
s1,c100,m4v0,999,random,round_robin,0.7491,-0.0016
s1,c100,m4v0,999,random,gatedmoe_base,0.7491,-0.0016
s1,c100,m4v0,999,round_robin,gatedmoe_base,0.0,0.0
s1,c100,m4v1,123,learned_top1,random,0.7488,-0.0014
s1,c100,m4v1,123,learned_top1,round_robin,0.7498,-0.0015
s1,c100,m4v1,123,learned_top1,gatedmoe_base,0.7498,-0.0015
s1,c100,m4v1,123,random,round_robin,0.7509,-0.0001
s1,c100,m4v1,123,random,gatedmoe_base,0.7509,-0.0001
s1,c100,m4v1,123,round_robin,gatedmoe_base,0.0,0.0
s1,c100,m4v1,2026,learned_top1,random,0.7503,-0.0017
s1,c100,m4v1,2026,learned_top1,round_robin,0.7497,0.0009
s1,c100,m4v1,2026,learned_top1,gatedmoe_base,0.7497,0.0009
s1,c100,m4v1,2026,random,round_robin,0.7502,0.0026
s1,c100,m4v1,2026,random,gatedmoe_base,0.7502,0.0026
s1,c100,m4v1,2026,round_robin,gatedmoe_base,0.0,0.0
s1,c100,m4v1,31415,learned_top1,random,0.7498,-0.0002
s1,c100,m4v1,31415,learned_top1,round_robin,0.7495,-0.0053
s1,c100,m4v1,31415,learned_top1,gatedmoe_base,0.7495,-0.0053
s1,c100,m4v1,31415,random,round_robin,0.7493,-0.0051
s1,c100,m4v1,31415,random,gatedmoe_base,0.7493,-0.0051
s1,c100,m4v1,31415,round_robin,gatedmoe_base,0.0,0.0
s1,c100,m4v1,42,learned_top1,random,0.7494,0.0008
s1,c100,m4v1,42,learned_top1,round_robin,0.7499,-0.001
s1,c100,m4v1,42,learned_top1,gatedmoe_base,0.7499,-0.001
s1,c100,m4v1,42,random,round_robin,0.7497,-0.0018
s1,c100,m4v1,42,random,gatedmoe_base,0.7497,-0.0018
s1,c100,m4v1,42,round_robin,gatedmoe_base,0.0,0.0
s1,c100,m4v1,5150,learned_top1,random,0.7507,0.0049
s1,c100,m4v1,5150,learned_top1,round_robin,0.7504,0.0019
s1,c100,m4v1,5150,learned_top1,gatedmoe_base,0.7504,0.0019
s1,c100,m4v1,5150,random,round_robin,0.7498,-0.003
s1,c100,m4v1,5150,random,gatedmoe_base,0.7498,-0.003
s1,c100,m4v1,5150,round_robin,gatedmoe_base,0.0,0.0
s1,c100,m4v1,60486,learned_top1,random,0.7496,-0.0072
s1,c100,m4v1,60486,learned_top1,round_robin,0.7502,-0.0058
s1,c100,m4v1,60486,learned_top1,gatedmoe_base,0.7502,-0.0058
s1,c100,m4v1,60486,random,round_robin,0.7504,0.0014
s1,c100,m4v1,60486,random,gatedmoe_base,0.7504,0.0014
s1,c100,m4v1,60486,round_robin,gatedmoe_base,0.0,0.0
s1,c100,m4v1,7,learned_top1,random,0.7497,-0.0057
s1,c100,m4v1,7,learned_top1,round_robin,0.7502,-0.0034
s1,c100,m4v1,7,learned_top1,gatedmoe_base,0.7502,-0.0034
s1,c100,m4v1,7,random,round_robin,0.7525,0.0023
s1,c100,m4v1,7,random,gatedmoe_base,0.7525,0.0023
s1,c100,m4v1,7,round_robin,gatedmoe_base,0.0,0.0
s1,c100,m4v1,777,learned_top1,random,0.7504,0.0026
s1,c100,m4v1,777,learned_top1,round_robin,0.7492,-0.0018
s1,c100,m4v1,777,learned_top1,gatedmoe_base,0.7492,-0.0018
s1,c100,m4v1,777,random,round_robin,0.7509,-0.0044
s1,c100,m4v1,777,random,gatedmoe_base,0.7509,-0.0044
s1,c100,m4v1,777,round_robin,gatedmoe_base,0.0,0.0
s1,c100,m4v1,888,learned_top1,random,0.7504,-0.0022
s1,c100,m4v1,888,learned_top1,round_robin,0.7495,0.0025
s1,c100,m4v1,888,learned_top1,gatedmoe_base,0.7495,0.0025
s1,c100,m4v1,888,random,round_robin,0.7501,0.0047
s1,c100,m4v1,888,random,gatedmoe_base,0.7501,0.0047
s1,c100,m4v1,888,round_robin,gatedmoe_base,0.0,0.0
s1,c100,m4v1,999,learned_top1,random,0.7502,-0.0052
s1,c100,m4v1,999,learned_top1,round_robin,0.7504,0.0014
s1,c100,m4v1,999,learned_top1,gatedmoe_base,0.7504,0.0014
s1,c100,m4v1,999,random,round_robin,0.7491,0.0066
s1,c100,m4v1,999,random,gatedmoe_base,0.7491,0.0066
s1,c100,m4v1,999,round_robin,gatedmoe_base,0.0,0.0
s1,c100,m6v0,123,learned_top1,random,0.8334,0.0025
s1,c100,m6v0,123,learned_top1,round_robin,0.8334,-0.0038
s1,c100,m6v0,123,learned_top1,gatedmoe_base,0.8334,-0.0038
s1,c100,m6v0,123,random,round_robin,0.8335,-0.0063
s1,c100,m6v0,123,random,gatedmoe_base,0.8335,-0.0063
s1,c100,m6v0,123,round_robin,gatedmoe_base,0.0,0.0
s1,c100,m6v0,2026,learned_top1,random,0.8334,-0.01
s1,c100,m6v0,2026,learned_top1,round_robin,0.8329,-0.007
s1,c100,m6v0,2026,learned_top1,gatedmoe_base,0.8329,-0.007
s1,c100,m6v0,2026,random,round_robin,0.833,0.003
s1,c100,m6v0,2026,random,gatedmoe_base,0.833,0.003
s1,c100,m6v0,2026,round_robin,gatedmoe_base,0.0,0.0
s1,c100,m6v0,31415,learned_top1,random,0.8344,0.0029
s1,c100,m6v0,31415,learned_top1,round_robin,0.8333,0.0014
s1,c100,m6v0,31415,learned_top1,gatedmoe_base,0.8333,0.0014
s1,c100,m6v0,31415,random,round_robin,0.8333,-0.0015
s1,c100,m6v0,31415,random,gatedmoe_base,0.8333,-0.0015
s1,c100,m6v0,31415,round_robin,gatedmoe_base,0.0,0.0
s1,c100,m6v0,42,learned_top1,random,0.8333,-0.0016
s1,c100,m6v0,42,learned_top1,round_robin,0.8332,-0.0026
s1,c100,m6v0,42,learned_top1,gatedmoe_base,0.8332,-0.0026
s1,c100,m6v0,42,random,round_robin,0.8334,-0.001
s1,c100,m6v0,42,random,gatedmoe_base,0.8334,-0.001
s1,c100,m6v0,42,round_robin,gatedmoe_base,0.0,0.0
s1,c100,m6v0,5150,learned_top1,random,0.8327,-0.0012
s1,c100,m6v0,5150,learned_top1,round_robin,0.8338,-0.0025
s1,c100,m6v0,5150,learned_top1,gatedmoe_base,0.8338,-0.0025
s1,c100,m6v0,5150,random,round_robin,0.833,-0.0013
s1,c100,m6v0,5150,random,gatedmoe_base,0.833,-0.0013
s1,c100,m6v0,5150,round_robin,gatedmoe_base,0.0,0.0
s1,c100,m6v0,60486,learned_top1,random,0.833,-0.0016
s1,c100,m6v0,60486,learned_top1,round_robin,0.8337,0.0039
s1,c100,m6v0,60486,learned_top1,gatedmoe_base,0.8337,0.0039
s1,c100,m6v0,60486,random,round_robin,0.832,0.0055
s1,c100,m6v0,60486,random,gatedmoe_base,0.832,0.0055
s1,c100,m6v0,60486,round_robin,gatedmoe_base,0.0,0.0
s1,c100,m6v0,7,learned_top1,random,0.8338,-0.0008
s1,c100,m6v0,7,learned_top1,round_robin,0.8327,0.0041
s1,c100,m6v0,7,learned_top1,gatedmoe_base,0.8327,0.0041
s1,c100,m6v0,7,random,round_robin,0.8331,0.0049
s1,c100,m6v0,7,random,gatedmoe_base,0.8331,0.0049
s1,c100,m6v0,7,round_robin,gatedmoe_base,0.0,0.0
s1,c100,m6v0,777,learned_top1,random,0.8336,0.001
s1,c100,m6v0,777,learned_top1,round_robin,0.8328,0.0001
s1,c100,m6v0,777,learned_top1,gatedmoe_base,0.8328,0.0001
s1,c100,m6v0,777,random,round_robin,0.8332,-0.0009
s1,c100,m6v0,777,random,gatedmoe_base,0.8332,-0.0009
s1,c100,m6v0,777,round_robin,gatedmoe_base,0.0,0.0
s1,c100,m6v0,888,learned_top1,random,0.8337,-0.0016
s1,c100,m6v0,888,learned_top1,round_robin,0.8338,0.0012
s1,c100,m6v0,888,learned_top1,gatedmoe_base,0.8338,0.0012
s1,c100,m6v0,888,random,round_robin,0.8342,0.0028
s1,c100,m6v0,888,random,gatedmoe_base,0.8342,0.0028
s1,c100,m6v0,888,round_robin,gatedmoe_base,0.0,0.0
s1,c100,m6v0,999,learned_top1,random,0.8338,0.0067
s1,c100,m6v0,999,learned_top1,round_robin,0.8336,0.0001
s1,c100,m6v0,999,learned_top1,gatedmoe_base,0.8336,0.0001
s1,c100,m6v0,999,random,round_robin,0.8325,-0.0066
s1,c100,m6v0,999,random,gatedmoe_base,0.8325,-0.0066
s1,c100,m6v0,999,round_robin,gatedmoe_base,0.0,0.0
s1,c100,m6v1,123,learned_top1,random,0.8333,-0.0031
s1,c100,m6v1,123,learned_top1,round_robin,0.8332,-0.0057
s1,c100,m6v1,123,learned_top1,gatedmoe_base,0.8332,-0.0057
s1,c100,m6v1,123,random,round_robin,0.8335,-0.0026
s1,c100,m6v1,123,random,gatedmoe_base,0.8335,-0.0026
s1,c100,m6v1,123,round_robin,gatedmoe_base,0.0,0.0
s1,c100,m6v1,2026,learned_top1,random,0.8342,-0.0024
s1,c100,m6v1,2026,learned_top1,round_robin,0.8338,0.0
s1,c100,m6v1,2026,learned_top1,gatedmoe_base,0.8338,0.0
s1,c100,m6v1,2026,random,round_robin,0.833,0.0024
s1,c100,m6v1,2026,random,gatedmoe_base,0.833,0.0024
s1,c100,m6v1,2026,round_robin,gatedmoe_base,0.0,0.0
s1,c100,m6v1,31415,learned_top1,random,0.8342,0.0026
s1,c100,m6v1,31415,learned_top1,round_robin,0.833,-0.0016
s1,c100,m6v1,31415,learned_top1,gatedmoe_base,0.833,-0.0016
s1,c100,m6v1,31415,random,round_robin,0.8333,-0.0042
s1,c100,m6v1,31415,random,gatedmoe_base,0.8333,-0.0042
s1,c100,m6v1,31415,round_robin,gatedmoe_base,0.0,0.0
s1,c100,m6v1,42,learned_top1,random,0.8341,-0.0081
s1,c100,m6v1,42,learned_top1,round_robin,0.8334,-0.0061
s1,c100,m6v1,42,learned_top1,gatedmoe_base,0.8334,-0.0061
s1,c100,m6v1,42,random,round_robin,0.8334,0.002
s1,c100,m6v1,42,random,gatedmoe_base,0.8334,0.002
s1,c100,m6v1,42,round_robin,gatedmoe_base,0.0,0.0
s1,c100,m6v1,5150,learned_top1,random,0.8325,-0.0004
s1,c100,m6v1,5150,learned_top1,round_robin,0.8329,-0.0023
s1,c100,m6v1,5150,learned_top1,gatedmoe_base,0.8329,-0.0023
s1,c100,m6v1,5150,random,round_robin,0.833,-0.0019
s1,c100,m6v1,5150,random,gatedmoe_base,0.833,-0.0019
s1,c100,m6v1,5150,round_robin,gatedmoe_base,0.0,0.0
s1,c100,m6v1,60486,learned_top1,random,0.8335,0.0035
s1,c100,m6v1,60486,learned_top1,round_robin,0.8342,-0.0007
s1,c100,m6v1,60486,learned_top1,gatedmoe_base,0.8342,-0.0007
s1,c100,m6v1,60486,random,round_robin,0.832,-0.0042
s1,c100,m6v1,60486,random,gatedmoe_base,0.832,-0.0042
s1,c100,m6v1,60486,round_robin,gatedmoe_base,0.0,0.0
s1,c100,m6v1,7,learned_top1,random,0.8327,-0.0056
s1,c100,m6v1,7,learned_top1,round_robin,0.8342,0.002
s1,c100,m6v1,7,learned_top1,gatedmoe_base,0.8342,0.002
s1,c100,m6v1,7,random,round_robin,0.8331,0.0076
s1,c100,m6v1,7,random,gatedmoe_base,0.8331,0.0076
s1,c100,m6v1,7,round_robin,gatedmoe_base,0.0,0.0
s1,c100,m6v1,777,learned_top1,random,0.8341,0.0038
s1,c100,m6v1,777,learned_top1,round_robin,0.8341,-0.0025
s1,c100,m6v1,777,learned_top1,gatedmoe_base,0.8341,-0.0025
s1,c100,m6v1,777,random,round_robin,0.8332,-0.0063
s1,c100,m6v1,777,random,gatedmoe_base,0.8332,-0.0063
s1,c100,m6v1,777,round_robin,gatedmoe_base,0.0,0.0
s1,c100,m6v1,888,learned_top1,random,0.8339,-0.0029
s1,c100,m6v1,888,learned_top1,round_robin,0.8341,0.0033
s1,c100,m6v1,888,learned_top1,gatedmoe_base,0.8341,0.0033
s1,c100,m6v1,888,random,round_robin,0.8342,0.0062
s1,c100,m6v1,888,random,gatedmoe_base,0.8342,0.0062
s1,c100,m6v1,888,round_robin,gatedmoe_base,0.0,0.0
s1,c100,m6v1,999,learned_top1,random,0.8339,0.0063
s1,c100,m6v1,999,learned_top1,round_robin,0.8332,0.0009
s1,c100,m6v1,999,learned_top1,gatedmoe_base,0.8332,0.0009
s1,c100,m6v1,999,random,round_robin,0.8325,-0.0054
s1,c100,m6v1,999,random,gatedmoe_base,0.8325,-0.0054
s1,c100,m6v1,999,round_robin,gatedmoe_base,0.0,0.0
s1,c100,m8v0,123,learned_top1,random,0.8753,-0.0047
s1,c100,m8v0,123,learned_top1,round_robin,0.8744,-0.0086
s1,c100,m8v0,123,learned_top1,gatedmoe_base,0.8744,-0.0086
s1,c100,m8v0,123,random,round_robin,0.8754,-0.0039
s1,c100,m8v0,123,random,gatedmoe_base,0.8754,-0.0039
s1,c100,m8v0,123,round_robin,gatedmoe_base,0.0,0.0
s1,c100,m8v0,2026,learned_top1,random,0.8752,0.004
s1,c100,m8v0,2026,learned_top1,round_robin,0.8744,0.009
s1,c100,m8v0,2026,learned_top1,gatedmoe_base,0.8744,0.009
s1,c100,m8v0,2026,random,round_robin,0.8738,0.005
s1,c100,m8v0,2026,random,gatedmoe_base,0.8738,0.005
s1,c100,m8v0,2026,round_robin,gatedmoe_base,0.0,0.0
s1,c100,m8v0,31415,learned_top1,random,0.8756,-0.0003
s1,c100,m8v0,31415,learned_top1,round_robin,0.8749,0.0023
s1,c100,m8v0,31415,learned_top1,gatedmoe_base,0.8749,0.0023
s1,c100,m8v0,31415,random,round_robin,0.8739,0.0026
s1,c100,m8v0,31415,random,gatedmoe_base,0.8739,0.0026
s1,c100,m8v0,31415,round_robin,gatedmoe_base,0.0,0.0
s1,c100,m8v0,42,learned_top1,random,0.8741,-0.0051
s1,c100,m8v0,42,learned_top1,round_robin,0.8743,-0.0036
s1,c100,m8v0,42,learned_top1,gatedmoe_base,0.8743,-0.0036
s1,c100,m8v0,42,random,round_robin,0.8742,0.0015
s1,c100,m8v0,42,random,gatedmoe_base,0.8742,0.0015
s1,c100,m8v0,42,round_robin,gatedmoe_base,0.0,0.0
s1,c100,m8v0,5150,learned_top1,random,0.8748,0.0029
s1,c100,m8v0,5150,learned_top1,round_robin,0.875,0.0012
s1,c100,m8v0,5150,learned_top1,gatedmoe_base,0.875,0.0012
s1,c100,m8v0,5150,random,round_robin,0.8742,-0.0017
s1,c100,m8v0,5150,random,gatedmoe_base,0.8742,-0.0017
s1,c100,m8v0,5150,round_robin,gatedmoe_base,0.0,0.0
s1,c100,m8v0,60486,learned_top1,random,0.8748,0.005
s1,c100,m8v0,60486,learned_top1,round_robin,0.8753,-0.0011
s1,c100,m8v0,60486,learned_top1,gatedmoe_base,0.8753,-0.0011
s1,c100,m8v0,60486,random,round_robin,0.8754,-0.0061
s1,c100,m8v0,60486,random,gatedmoe_base,0.8754,-0.0061
s1,c100,m8v0,60486,round_robin,gatedmoe_base,0.0,0.0
s1,c100,m8v0,7,learned_top1,random,0.8746,-0.0055
s1,c100,m8v0,7,learned_top1,round_robin,0.8746,0.0027
s1,c100,m8v0,7,learned_top1,gatedmoe_base,0.8746,0.0027
s1,c100,m8v0,7,random,round_robin,0.8768,0.0082
s1,c100,m8v0,7,random,gatedmoe_base,0.8768,0.0082
s1,c100,m8v0,7,round_robin,gatedmoe_base,0.0,0.0
s1,c100,m8v0,777,learned_top1,random,0.8742,0.0
s1,c100,m8v0,777,learned_top1,round_robin,0.8749,0.005
s1,c100,m8v0,777,learned_top1,gatedmoe_base,0.8749,0.005
s1,c100,m8v0,777,random,round_robin,0.8752,0.005
s1,c100,m8v0,777,random,gatedmoe_base,0.8752,0.005
s1,c100,m8v0,777,round_robin,gatedmoe_base,0.0,0.0
s1,c100,m8v0,888,learned_top1,random,0.8754,-0.0085
s1,c100,m8v0,888,learned_top1,round_robin,0.8749,0.0016
s1,c100,m8v0,888,learned_top1,gatedmoe_base,0.8749,0.0016
s1,c100,m8v0,888,random,round_robin,0.8754,0.0101
s1,c100,m8v0,888,random,gatedmoe_base,0.8754,0.0101
s1,c100,m8v0,888,round_robin,gatedmoe_base,0.0,0.0
s1,c100,m8v0,999,learned_top1,random,0.8758,0.0003
s1,c100,m8v0,999,learned_top1,round_robin,0.8751,0.0008
s1,c100,m8v0,999,learned_top1,gatedmoe_base,0.8751,0.0008
s1,c100,m8v0,999,random,round_robin,0.8749,0.0005
s1,c100,m8v0,999,random,gatedmoe_base,0.8749,0.0005
s1,c100,m8v0,999,round_robin,gatedmoe_base,0.0,0.0
