method,backbone,F,seed,epoch,test_ppl,val_ppl,train_ppl
cycle_shuffle,128,8,123,1,250.53264173522797,273.4852814650426,493.1878875613111
cycle_shuffle,128,8,123,2,198.09124468921624,216.0245646797637,198.90642356700883
cycle_shuffle,128,8,123,3,181.5349469037017,197.14950217776186,126.24231296409955
cycle_shuffle,128,8,123,4,182.18526085322142,195.6441007026182,92.22631665975888
cycle_shuffle,128,8,123,5,187.4687176755,199.76087754864378,71.79199835373488
cycle_shuffle,128,8,123,6,193.37040019968111,206.10520609316399,58.01130146671501
cycle_shuffle,128,8,123,7,199.23249472609882,212.30009926581275,48.52700940685418
cycle_shuffle,128,8,123,8,206.6329488254704,218.94789009177785,42.58975026506181
cycle_shuffle,128,8,123,9,203.17398715422283,214.32160883090157,40.00708663322221
cycle_shuffle,128,8,123,10,200.22660463802146,209.7566620784111,41.52456920926162
cycle_shuffle,128,8,2026,1,218.27950258039138,240.0404591244733,421.91272878529645
cycle_shuffle,128,8,2026,2,182.64538656526491,198.97492559731816,169.55980857212342
cycle_shuffle,128,8,2026,3,177.39259634203307,192.1665054831101,105.22377911343317
cycle_shuffle,128,8,2026,4,185.29637191489687,198.9435626237194,75.76534253490281
cycle_shuffle,128,8,2026,5,195.4284696925698,208.44456534990456,58.861122011385945
cycle_shuffle,128,8,2026,6,213.97581586130505,227.19690145107504,47.665508566444025
cycle_shuffle,128,8,2026,7,225.50825079990616,242.98792020680617,39.71678159454242
cycle_shuffle,128,8,2026,8,241.80156594578102,260.3023091665046,34.48896248217721
cycle_shuffle,128,8,2026,9,244.83869861521342,263.6825697648917,31.849285980645643
cycle_shuffle,128,8,2026,10,237.22832248829857,252.99507736952083,32.632786718352676
cycle_shuffle,128,8,31415,1,260.2995285929601,284.2928933076181,529.8082120501924
cycle_shuffle,128,8,31415,2,204.45233656454818,222.77620457147157,211.5637947329357
cycle_shuffle,128,8,31415,3,188.8743469607905,205.52718857747814,136.40536705771095
cycle_shuffle,128,8,31415,4,184.1185394318177,199.04897066625765,102.01285444326378
cycle_shuffle,128,8,31415,5,185.09470662643093,198.32070448065025,81.49785268255374
cycle_shuffle,128,8,31415,6,188.65362131111655,201.38891630356596,67.67233187576599
cycle_shuffle,128,8,31415,7,188.36508683606084,201.69853101143133,57.900847974247164
cycle_shuffle,128,8,31415,8,190.87885990235648,205.14157889680365,51.62297746223108
cycle_shuffle,128,8,31415,9,187.50287681368798,200.86606753512618,49.21568058095142
cycle_shuffle,128,8,31415,10,182.8981694259888,193.7527449070666,51.4629468341024
cycle_shuffle,128,8,42,1,253.1824608401011,274.56007568338595,502.0777101241643
cycle_shuffle,128,8,42,2,196.32025222522262,213.88709673452,201.17173681196897
cycle_shuffle,128,8,42,3,182.3658169881003,198.44336772835197,128.93534964320946
cycle_shuffle,128,8,42,4,178.28037850652777,193.7709855232999,95.68217378910093
cycle_shuffle,128,8,42,5,180.84726962900788,195.62233445223575,75.65270601578798
cycle_shuffle,128,8,42,6,188.81582990777594,202.2840449857447,62.02176628136679
cycle_shuffle,128,8,42,7,190.25296840138452,204.56951874567062,52.42578166217699
cycle_shuffle,128,8,42,8,197.89037091244754,212.05322587993712,46.269018490300404
cycle_shuffle,128,8,42,9,194.07150072201972,207.6668599378667,43.7439823694828
cycle_shuffle,128,8,42,10,189.01695502331057,201.08383471837337,46.0255603671604
cycle_shuffle,128,8,5150,1,257.47389354309513,279.8944209724895,518.5696455448832
cycle_shuffle,128,8,5150,2,199.41112800206142,217.47049798688226,209.3178392591989
cycle_shuffle,128,8,5150,3,185.42011931639476,203.7747314422245,134.80539480431005
cycle_shuffle,128,8,5150,4,182.16816379369814,200.16622757256278,100.59995646102534
cycle_shuffle,128,8,5150,5,179.800520620799,196.45929611618433,80.44878114155541
cycle_shuffle,128,8,5150,6,183.42897780052883,199.39641234664717,66.79343392241726
cycle_shuffle,128,8,5150,7,185.19841302428748,202.53946653671406,57.044495421161976
cycle_shuffle,128,8,5150,8,189.75109934444,206.0020273232184,50.76831398203313
cycle_shuffle,128,8,5150,9,187.42056858752252,201.16489313855988,48.156658227065925
cycle_shuffle,128,8,5150,10,181.57550565209957,192.98859384947647,49.97606333748784
cycle_shuffle,128,8,60486,1,270.4727022579615,293.8706849643955,566.8152340346362
cycle_shuffle,128,8,60486,2,205.96671280856975,223.80042885603427,216.19111433554215
cycle_shuffle,128,8,60486,3,186.23500360996812,202.37415728798524,137.67148644055843
cycle_shuffle,128,8,60486,4,178.4812912116565,193.49112578281762,102.35521841744323
cycle_shuffle,128,8,60486,5,179.2043772610011,193.78454223664988,81.38554738139672
cycle_shuffle,128,8,60486,6,185.44488985833203,198.63165307135995,67.14015037484495
cycle_shuffle,128,8,60486,7,185.75249916981247,197.88507866854758,57.176264813817696
cycle_shuffle,128,8,60486,8,189.0132332084238,201.35542736505715,50.665099294613036
cycle_shuffle,128,8,60486,9,188.42960939971573,200.158609090309,47.92225701938356
cycle_shuffle,128,8,60486,10,182.44277933690606,191.76840164205987,50.491337528587714
cycle_shuffle,128,8,7,1,259.75719655405953,282.7120942223387,514.9765264315126
cycle_shuffle,128,8,7,2,201.73012361373148,220.25594633027666,208.3810336871023
cycle_shuffle,128,8,7,3,182.90604658292972,199.50092325715215,134.75241409241008
cycle_shuffle,128,8,7,4,177.77667216820328,192.88904334558654,100.76843587774495
cycle_shuffle,128,8,7,5,181.0026573575292,195.3521544068834,80.35703524746793
cycle_shuffle,128,8,7,6,186.72065880335185,200.8586645691267,66.51928230103579
cycle_shuffle,128,8,7,7,189.38068798405223,203.30453096644962,56.72660044629682
cycle_shuffle,128,8,7,8,192.47127451398413,205.35342231926995,50.290446864820375
cycle_shuffle,128,8,7,9,187.10737560990773,198.29830593211275,47.78345093151891
cycle_shuffle,128,8,7,10,183.3003989851494,193.5284962133876,50.208421995416806
cycle_shuffle,128,8,777,1,250.1336101892701,273.41669425792196,496.3613387189579
cycle_shuffle,128,8,777,2,199.93613280147437,217.39810241214795,202.4338387988576
cycle_shuffle,128,8,777,3,186.4059120793935,203.8319041213016,129.28243895121116
cycle_shuffle,128,8,777,4,182.10009952404303,199.3006390510711,95.514624655226
cycle_shuffle,128,8,777,5,186.8280004345224,203.92777248038632,75.12222857991244
cycle_shuffle,128,8,777,6,194.29493258449548,209.40506111713447,61.38991078343121
cycle_shuffle,128,8,777,7,203.8952817477385,219.4931746989871,51.65051092810706
cycle_shuffle,128,8,777,8,209.22771038182793,224.6688991269806,45.497293837843415
cycle_shuffle,128,8,777,9,205.77756882334077,220.36070615610498,42.768579485849365
cycle_shuffle,128,8,777,10,202.37324796529265,214.36566873069768,44.09281387574011
cycle_shuffle,128,8,888,1,259.2246250582419,282.953577992562,524.1960331750399
cycle_shuffle,128,8,888,2,207.97650648769624,225.86227498562727,212.63441759973017
cycle_shuffle,128,8,888,3,189.34331881985264,205.83064753635762,138.65342272100358
cycle_shuffle,128,8,888,4,185.96525733241765,200.94319912012475,103.70404436317149
cycle_shuffle,128,8,888,5,186.06553943686393,199.8693547950574,82.54587341171019
cycle_shuffle,128,8,888,6,189.07260921264424,201.7665117271887,68.12182240324965
cycle_shuffle,128,8,888,7,191.76888761927995,205.2661376774369,58.00507490453603
cycle_shuffle,128,8,888,8,198.53942280212823,211.85185687565698,51.62166807291908
cycle_shuffle,128,8,888,9,195.85573351565515,209.09130295774182,49.14556626095887
cycle_shuffle,128,8,888,10,188.82391047926856,200.25191021519169,51.285625949153726
cycle_shuffle,128,8,999,1,257.3010168980705,280.0106885336866,522.0559124710745
cycle_shuffle,128,8,999,2,199.14070215977654,216.27623566834276,203.16311496278868
cycle_shuffle,128,8,999,3,183.49848140296558,198.70755032886595,128.76626546529388
cycle_shuffle,128,8,999,4,182.8881109334231,196.28631433278656,94.56303959242034
cycle_shuffle,128,8,999,5,183.78513969251313,196.54130894859344,74.41491222852676
cycle_shuffle,128,8,999,6,188.44160894148686,199.3303205430623,60.871046194274676
cycle_shuffle,128,8,999,7,193.0943376213833,205.0280312523047,51.39785852334348
cycle_shuffle,128,8,999,8,200.64933994358222,213.9279617911027,45.3006394044797
cycle_shuffle,128,8,999,9,199.05315047530567,211.80314566577616,42.64872713355098
cycle_shuffle,128,8,999,10,191.76522534244626,201.1898418779373,44.071807541033664
fixed_cadence_random,128,4,123,1,210.87424411675659,230.07768789156623,399.4503635400033
fixed_cadence_random,128,4,123,2,177.5307443383435,192.70718367135026,159.24983542911798
fixed_cadence_random,128,4,123,3,178.42658683748598,192.13873776726763,98.16425838652158
fixed_cadence_random,128,4,123,4,188.26120719181355,201.44699275966374,70.59588384364571
fixed_cadence_random,128,4,123,5,200.47128358250686,212.33698741878246,54.80618045381289
fixed_cadence_random,128,4,123,6,216.59916945456746,227.24562615811539,44.00440029694577
fixed_cadence_random,128,4,123,7,229.14680781767768,241.25401417598738,36.37148883640017
fixed_cadence_random,128,4,123,8,248.82893356660975,261.4580961914547,31.33219098899245
fixed_cadence_random,128,4,123,9,257.6906958331518,271.50694788259165,28.790569936354462
fixed_cadence_random,128,4,123,10,249.58145730688864,261.682569672009,29.426913201058486
fixed_cadence_random,128,4,2026,1,211.73694615293186,231.57964233520846,396.687937218013
fixed_cadence_random,128,4,2026,2,179.07027537378272,194.81103698759043,159.95942362624373
fixed_cadence_random,128,4,2026,3,178.3669432749825,192.74342899428905,99.03881366011004
fixed_cadence_random,128,4,2026,4,186.30438421467773,199.68158673851727,71.28601102707255
fixed_cadence_random,128,4,2026,5,199.97110530285943,212.95093061339819,55.450264142544526
fixed_cadence_random,128,4,2026,6,217.55598735197424,230.31448222893368,44.517525083293584
fixed_cadence_random,128,4,2026,7,232.49983794166178,247.7312069321639,36.814618711008855
fixed_cadence_random,128,4,2026,8,248.58388071191217,265.9306883391725,31.78088480847073
fixed_cadence_random,128,4,2026,9,251.60510475304142,269.1480950218452,29.248018270341085
fixed_cadence_random,128,4,2026,10,245.0565337789256,259.48257896719275,29.84683686775216
fixed_cadence_random,128,4,31415,1,210.8295814898132,231.28629365098485,408.63123831181224
fixed_cadence_random,128,4,31415,2,177.03009376584916,192.40207084440158,160.56267076465195
fixed_cadence_random,128,4,31415,3,177.7362704268808,191.7231887555898,98.87112491587287
fixed_cadence_random,128,4,31415,4,189.983481075429,204.3012251979613,70.9715255811863
fixed_cadence_random,128,4,31415,5,203.3059671427829,218.2335944238975,54.82983316416743
fixed_cadence_random,128,4,31415,6,216.3361176891235,231.08671759145906,43.97541530468913
fixed_cadence_random,128,4,31415,7,233.3741336487124,248.5200705622678,36.304791739613556
fixed_cadence_random,128,4,31415,8,246.78975889526583,263.5937373036095,31.213390891361716
fixed_cadence_random,128,4,31415,9,252.23614891160503,269.87320805759725,28.680995741385242
fixed_cadence_random,128,4,31415,10,248.15479768512446,262.97332593854316,29.25073413988028
fixed_cadence_random,128,4,42,1,210.8857936260182,230.66140731115848,404.07926686587524
fixed_cadence_random,128,4,42,2,178.77357505789976,194.60872620248935,160.52099205091514
fixed_cadence_random,128,4,42,3,182.88459040850614,198.09106637069172,99.0343910712926
fixed_cadence_random,128,4,42,4,188.70127659933507,203.019118669253,71.21870214516548
fixed_cadence_random,128,4,42,5,201.12251111328445,214.69880541170957,55.15574597444431
fixed_cadence_random,128,4,42,6,222.85698882941622,235.34016784347128,44.23059008222071
fixed_cadence_random,128,4,42,7,238.72083011198225,251.73260978695103,36.59677329417055
fixed_cadence_random,128,4,42,8,251.25816069098988,266.0599969143628,31.532287506220626
fixed_cadence_random,128,4,42,9,249.37409456675363,264.0592221930393,29.049331721895303
fixed_cadence_random,128,4,42,10,246.09833355133736,258.1869425929734,29.5176213483452
fixed_cadence_random,128,4,5150,1,211.2199272738643,231.7599784310645,408.08366127786354
fixed_cadence_random,128,4,5150,2,176.96600991397347,193.01221337519556,160.5666452885987
fixed_cadence_random,128,4,5150,3,178.45897610601216,193.25462347177975,98.83309933456098
fixed_cadence_random,128,4,5150,4,191.00233876926902,206.3946867522245,71.16959625899003
fixed_cadence_random,128,4,5150,5,199.32704599927828,214.6192978442686,55.08979692503408
fixed_cadence_random,128,4,5150,6,218.41536017732255,232.22395884909636,44.32323439904659
fixed_cadence_random,128,4,5150,7,232.77653407781523,247.50150991509983,36.712885425421995
fixed_cadence_random,128,4,5150,8,246.2482435085405,264.22705134522073,31.696541031368607
fixed_cadence_random,128,4,5150,9,249.07522903858674,267.0859709878177,29.24541268924489
fixed_cadence_random,128,4,5150,10,243.65263873624434,259.8444358699234,29.958306597885073
fixed_cadence_random,128,4,60486,1,216.02578214221722,235.494961231532,420.481062958048
fixed_cadence_random,128,4,60486,2,180.50088828158738,194.92505460637076,162.2213209565742
fixed_cadence_random,128,4,60486,3,181.02780542499337,194.88567514673633,99.32518261894876
fixed_cadence_random,128,4,60486,4,187.07140101738895,200.16333627893465,71.19604176799574
fixed_cadence_random,128,4,60486,5,198.77315414135597,211.52401781910052,55.04554296314533
fixed_cadence_random,128,4,60486,6,214.18544083588327,227.384892955741,44.09690344578719
fixed_cadence_random,128,4,60486,7,226.03419769740105,242.078738687771,36.39358351891165
fixed_cadence_random,128,4,60486,8,244.25638019521656,260.95819516872746,31.326333525368444
fixed_cadence_random,128,4,60486,9,248.90531258344186,265.76873390783624,28.817071146923933
fixed_cadence_random,128,4,60486,10,239.40436502857548,254.21923332423077,29.569317314772725
fixed_cadence_random,128,4,7,1,211.654140440903,230.39250982698886,398.07159624172726
fixed_cadence_random,128,4,7,2,180.6392202804418,195.57937581068492,158.20404512123338
fixed_cadence_random,128,4,7,3,178.67054535030647,192.5988394841509,97.19425252566708
fixed_cadence_random,128,4,7,4,189.2425304123149,202.27106289680518,69.718160690874
fixed_cadence_random,128,4,7,5,202.69608947825884,216.0278911037779,54.010840372511595
fixed_cadence_random,128,4,7,6,218.43593179936784,231.36923206941924,43.37552078408208
fixed_cadence_random,128,4,7,7,231.77231704724616,247.3222444164356,35.82419128490436
fixed_cadence_random,128,4,7,8,249.17663490839234,266.28038242223175,30.818895637326133
fixed_cadence_random,128,4,7,9,252.53820007120348,268.5287615185518,28.338426966391452
fixed_cadence_random,128,4,7,10,247.29992646215823,261.94543054747146,29.043451024754297
fixed_cadence_random,128,4,777,1,209.80453924463353,229.9214358560192,400.1244591265527
fixed_cadence_random,128,4,777,2,177.5970914508673,192.54301249971542,159.60675081882246
fixed_cadence_random,128,4,777,3,177.1715807858716,191.4166605499833,98.02662522704753
fixed_cadence_random,128,4,777,4,184.08586652349763,198.07602953641535,70.32926770624506
fixed_cadence_random,128,4,777,5,194.3078514374396,208.68303655352625,54.41190555964689
fixed_cadence_random,128,4,777,6,212.81411241850955,228.0464084888812,43.65232089991209
fixed_cadence_random,128,4,777,7,227.5139340277904,244.90274276094016,36.173269230379
fixed_cadence_random,128,4,777,8,240.57890196725887,260.2757601620449,31.278480807646712
fixed_cadence_random,128,4,777,9,245.72938560848903,265.2012088998283,28.922062373149
fixed_cadence_random,128,4,777,10,240.07208874933752,256.4750696567233,29.59076488573806
fixed_cadence_random,128,4,888,1,211.87470250758773,230.82243394039773,402.4328134960484
fixed_cadence_random,128,4,888,2,178.92463652554852,194.06359457581627,159.76553914396126
fixed_cadence_random,128,4,888,3,182.04784285904944,194.68326232837148,98.38018580796152
fixed_cadence_random,128,4,888,4,189.02906468313256,201.74413239755089,70.7224643069192
fixed_cadence_random,128,4,888,5,199.59373395229036,213.7392825701016,54.92175050582858
fixed_cadence_random,128,4,888,6,220.6102899282645,232.96300282391064,44.1973986240362
fixed_cadence_random,128,4,888,7,235.9155346447102,251.2106248982276,36.605327337994254
fixed_cadence_random,128,4,888,8,248.93276676956927,265.70085082310726,31.62717309163247
fixed_cadence_random,128,4,888,9,248.71276159824106,265.27853718055644,29.166580501493673
fixed_cadence_random,128,4,888,10,243.10275366805766,256.96801485311886,29.822875965383624
fixed_cadence_random,128,4,999,1,209.45038755406884,229.3847581847429,399.9010327937285
fixed_cadence_random,128,4,999,2,176.5722605987503,191.32041246576784,158.01815136572708
fixed_cadence_random,128,4,999,3,176.8530310397299,190.56415619290294,97.5993369142654
fixed_cadence_random,128,4,999,4,186.01468427184903,199.64557244016328,70.17320559524067
fixed_cadence_random,128,4,999,5,195.11582598502287,207.64240823359165,54.468309790749686
fixed_cadence_random,128,4,999,6,213.4715995682366,226.2671985984531,43.720009149819234
fixed_cadence_random,128,4,999,7,223.0821606529496,236.71387093528062,36.17155096303131
fixed_cadence_random,128,4,999,8,239.64039084431107,254.4358185496504,31.13000874236949
fixed_cadence_random,128,4,999,9,242.27670761266418,257.28425835722504,28.651914548812112
fixed_cadence_random,128,4,999,10,237.80052047221608,251.20717936314995,29.330922066854704
fixed_cadence_random,128,8,123,1,272.285841728842,297.38885509711685,545.053738392531
fixed_cadence_random,128,8,123,2,207.74121124376444,226.3013573298651,217.6553646242472
fixed_cadence_random,128,8,123,3,189.17863610623613,206.13391379395222,139.0629307319826
fixed_cadence_random,128,8,123,4,186.3307362832869,200.91280115813126,103.20852407592888
fixed_cadence_random,128,8,123,5,185.90675807873367,201.7724768211085,81.7347788042093
fixed_cadence_random,128,8,123,6,192.69825589648082,206.78484536390283,67.18729797099928
fixed_cadence_random,128,8,123,7,196.11878530433103,210.78787784464348,56.77470944457287
fixed_cadence_random,128,8,123,8,200.68053308989337,214.42367633939767,50.088012134428666
fixed_cadence_random,128,8,123,9,196.79975202043585,210.31435564266957,47.168674207354776
fixed_cadence_random,128,8,123,10,192.85269729261478,204.9488670480114,49.08075225720597
fixed_cadence_random,128,8,2026,1,235.40937364226843,256.33521867072466,470.441653717903
fixed_cadence_random,128,8,2026,2,190.276801726571,205.87705440752316,189.12874786380567
fixed_cadence_random,128,8,2026,3,187.56893265835387,200.66575692230842,117.19861065565696
fixed_cadence_random,128,8,2026,4,188.4038513232815,200.80996612562782,84.01027457183216
fixed_cadence_random,128,8,2026,5,197.55868787438547,210.23163526631143,64.74836015126635
fixed_cadence_random,128,8,2026,6,215.04190843702727,227.4629983467579,51.97324735639544
fixed_cadence_random,128,8,2026,7,224.29014102325073,236.75229273186665,43.23508191926027
fixed_cadence_random,128,8,2026,8,236.35907159720307,249.0797853811851,37.45425084845123
fixed_cadence_random,128,8,2026,9,237.9291352393709,252.49214758369538,34.63833691635594
fixed_cadence_random,128,8,2026,10,233.47923225259925,246.2997014432187,35.5285438619708
fixed_cadence_random,128,8,31415,1,275.58900104245885,301.0508242601157,568.9613160791132
fixed_cadence_random,128,8,31415,2,211.3150141507287,230.46359276759603,226.0303829153194
fixed_cadence_random,128,8,31415,3,188.18764341045804,205.7955636495253,144.35153172849652
fixed_cadence_random,128,8,31415,4,184.4580075484233,199.87110356202734,106.91809931009949
fixed_cadence_random,128,8,31415,5,184.4629886106012,198.43363139413475,84.8463207517686
fixed_cadence_random,128,8,31415,6,190.09977864040752,203.4410709291018,70.1299163944327
fixed_cadence_random,128,8,31415,7,190.85383767483543,204.64092685029377,59.71157378618046
fixed_cadence_random,128,8,31415,8,195.23152117126648,209.49551557731294,52.92464808280824
fixed_cadence_random,128,8,31415,9,191.6126621709554,206.07350255068926,50.05550607743062
fixed_cadence_random,128,8,31415,10,185.19583870937814,197.48493800668476,52.72590115774023
fixed_cadence_random,128,8,42,1,278.9466692976161,304.30102086093643,557.9133616536856
fixed_cadence_random,128,8,42,2,210.37933347191768,230.06298624112253,228.25869909206202
fixed_cadence_random,128,8,42,3,188.53378367381802,206.08735817043922,146.39871115634037
fixed_cadence_random,128,8,42,4,183.6957473690142,200.10140545299046,108.99489255941371
fixed_cadence_random,128,8,42,5,183.7978413995845,198.2932374384377,86.48176684740643
fixed_cadence_random,128,8,42,6,188.77009570056444,202.14718306389847,71.28205954594787
fixed_cadence_random,128,8,42,7,190.40224175377605,204.62705709526915,60.67908692196726
fixed_cadence_random,128,8,42,8,193.65841945440587,207.77189693932084,53.68616992738808
fixed_cadence_random,128,8,42,9,189.36233899943736,202.50258061309532,50.60561909227879
fixed_cadence_random,128,8,42,10,183.43341508737421,193.87465414512812,53.466882435864996
fixed_cadence_random,128,8,5150,1,276.06912995961017,300.73272903463476,560.5781448472258
fixed_cadence_random,128,8,5150,2,205.39204802633947,224.438479649448,223.1787255779438
fixed_cadence_random,128,8,5150,3,187.30213715277705,203.97702607256065,141.69613481168687
fixed_cadence_random,128,8,5150,4,180.30380342884075,194.8280748605181,104.42717309472908
fixed_cadence_random,128,8,5150,5,179.7408031078581,193.32875054941945,82.54572168489071
fixed_cadence_random,128,8,5150,6,182.48651845796135,196.9584548321653,67.88662707318416
fixed_cadence_random,128,8,5150,7,183.4183940148213,198.58748328645794,57.65863376653796
fixed_cadence_random,128,8,5150,8,186.695897395551,202.45388250000477,50.95294497255673
fixed_cadence_random,128,8,5150,9,185.5774313347532,201.02700510314673,48.16186564114231
fixed_cadence_random,128,8,5150,10,179.7033443689715,192.9059886208109,51.00604297817373
fixed_cadence_random,128,8,60486,1,291.03674897790415,316.0757626726855,582.9970171781666
fixed_cadence_random,128,8,60486,2,219.05146924056916,240.34926931775723,236.80023336834532
fixed_cadence_random,128,8,60486,3,197.78501939275858,216.23579749282177,153.75858427704458
fixed_cadence_random,128,8,60486,4,191.08039623426296,208.626575379143,116.0388648751152
fixed_cadence_random,128,8,60486,5,190.52274179672872,206.43856110345547,93.44946772943226
fixed_cadence_random,128,8,60486,6,191.96132617478906,207.83582497901244,77.94030126924889
fixed_cadence_random,128,8,60486,7,189.0731547002285,204.8964707437463,67.053676728539
fixed_cadence_random,128,8,60486,8,192.432835938733,208.0346756096028,60.017613003182454
fixed_cadence_random,128,8,60486,9,190.24964305847058,205.1278745256876,57.036708156852015
fixed_cadence_random,128,8,60486,10,184.5954045109536,197.67512749819005,60.24668314878059
fixed_cadence_random,128,8,7,1,262.070480496689,284.3962290651964,523.7368655287459
fixed_cadence_random,128,8,7,2,198.21721213497523,216.95431879899726,211.53102979788034
fixed_cadence_random,128,8,7,3,181.5266676336258,198.5036468671248,135.33417117253842
fixed_cadence_random,128,8,7,4,179.78273749361517,194.47626553411214,99.87387642057612
fixed_cadence_random,128,8,7,5,181.3717057981354,195.33310504346014,78.71638686675314
fixed_cadence_random,128,8,7,6,186.58256668641425,200.808596672384,64.38292224271312
fixed_cadence_random,128,8,7,7,192.78431485905253,206.46263606663408,54.35485114789767
fixed_cadence_random,128,8,7,8,198.09914591929007,211.8031647215524,47.77608863634292
fixed_cadence_random,128,8,7,9,193.83051169422095,207.32082679309417,44.935544622462835
fixed_cadence_random,128,8,7,10,186.4624651299938,197.9378848914326,47.13906758304607
fixed_cadence_random,128,8,777,1,267.9008838402961,292.47167289448277,538.0599376278238
fixed_cadence_random,128,8,777,2,207.49817931805867,226.4160915255723,219.157146131849
fixed_cadence_random,128,8,777,3,189.25675364844804,207.25791398196807,141.65712033173116
fixed_cadence_random,128,8,777,4,186.01825461567046,202.7079610152082,105.75779893901361
fixed_cadence_random,128,8,777,5,186.11288027748296,201.9437298493709,84.06638552774463
fixed_cadence_random,128,8,777,6,194.75330218403536,210.27607647996032,69.40503733092002
fixed_cadence_random,128,8,777,7,192.4917412034375,207.58440953938137,59.18025513980484
fixed_cadence_random,128,8,777,8,193.9823611470185,208.63620178637186,52.34470151323526
fixed_cadence_random,128,8,777,9,191.07736115903865,204.93588356630517,49.570177337629545
fixed_cadence_random,128,8,777,10,184.52493827241392,197.15124488479825,52.92103304308017
fixed_cadence_random,128,8,888,1,281.2438979983904,304.39361278037586,566.0759090200515
fixed_cadence_random,128,8,888,2,209.3756441495084,227.56742083234576,225.5012705745665
fixed_cadence_random,128,8,888,3,194.43816006654512,211.91620992913326,146.5813820020592
fixed_cadence_random,128,8,888,4,189.50883895370572,205.01025631971447,109.37473645615277
fixed_cadence_random,128,8,888,5,191.22214136834762,206.30821984043237,86.79624394205429
fixed_cadence_random,128,8,888,6,193.1089880899801,207.1845973052722,71.62716610428525
fixed_cadence_random,128,8,888,7,192.13834276198972,207.21950597431064,60.925208360404405
fixed_cadence_random,128,8,888,8,197.706452334917,213.20964656446765,53.99918169759009
fixed_cadence_random,128,8,888,9,196.49693260406525,211.40012073495797,51.29940726821616
fixed_cadence_random,128,8,888,10,188.27543965976966,199.69819716204574,54.89558436780522
fixed_cadence_random,128,8,999,1,266.34895549036474,290.8868987890898,542.6946103228534
fixed_cadence_random,128,8,999,2,204.27561933652535,223.44418842591458,219.1852665330399
fixed_cadence_random,128,8,999,3,185.99541901455626,203.20008874972083,140.84214379778274
fixed_cadence_random,128,8,999,4,180.19516668305099,195.9420653699953,104.98968946057454
fixed_cadence_random,128,8,999,5,180.0334932079696,194.3300762631253,83.4274359827005
fixed_cadence_random,128,8,999,6,183.8906058594235,196.7780155601103,68.97995174542798
fixed_cadence_random,128,8,999,7,187.34916877725922,199.4325871437354,58.98767690470814
fixed_cadence_random,128,8,999,8,190.8852045070771,203.60830224857744,52.25685927610451
fixed_cadence_random,128,8,999,9,190.20411716868347,201.83346577326606,49.41030587865096
fixed_cadence_random,128,8,999,10,184.49182730961368,194.36503114331427,52.274599876716046
gatedmoe_base,128,0,123,1,204.81894885513546,224.11975750218946,388.0327008716196
gatedmoe_base,128,0,123,2,176.86170307917962,192.4508374713078,156.50465470213604
gatedmoe_base,128,0,123,3,176.14173071455502,190.69644942458828,97.16780161585275
gatedmoe_base,128,0,123,4,183.71102009375667,197.38293760140584,70.06610251282
gatedmoe_base,128,0,123,5,191.96388453687388,206.04916708437324,54.61803730070297
gatedmoe_base,128,0,123,6,208.4377302767186,223.46078215040578,44.092688457839856
gatedmoe_base,128,0,123,7,215.2349192226543,231.37106909948716,36.72137703065976
gatedmoe_base,128,0,123,8,228.9085947391171,245.010845325374,31.87284588200703
gatedmoe_base,128,0,123,9,233.68999847304454,249.32068208865422,29.482263248632645
gatedmoe_base,128,0,123,10,230.89810635633793,244.55761308924357,30.243327619436158
gatedmoe_base,128,0,2026,1,207.89074632331946,226.92198460542923,388.35726233269077
gatedmoe_base,128,0,2026,2,176.7237315510646,191.48491940726313,155.75879921924468
gatedmoe_base,128,0,2026,3,177.69964242878305,192.17382149708254,96.09155551834988
gatedmoe_base,128,0,2026,4,183.47280778828258,197.58058181583075,69.35565388335576
gatedmoe_base,128,0,2026,5,192.87018813249267,207.72729628292558,54.13527319690957
gatedmoe_base,128,0,2026,6,208.57627286167153,223.35342523328768,43.757750229875974
gatedmoe_base,128,0,2026,7,219.99731858235705,235.68799738294203,36.38774018096431
gatedmoe_base,128,0,2026,8,233.66586484286415,250.48897415741376,31.579442542244482
gatedmoe_base,128,0,2026,9,241.4432313710722,259.12419257268664,29.222052254434722
gatedmoe_base,128,0,2026,10,233.67500057163446,247.50601913129267,29.82703600654634
gatedmoe_base,128,0,31415,1,206.87277560528358,225.44186234472681,391.905607267565
gatedmoe_base,128,0,31415,2,174.5897201842598,188.44320410169496,155.67472367286595
gatedmoe_base,128,0,31415,3,175.11038898719346,189.46206874154677,95.70052478396242
gatedmoe_base,128,0,31415,4,178.26984963391143,191.0191692054391,68.70350953084076
gatedmoe_base,128,0,31415,5,189.92726348199008,201.48569220783511,53.244701429573865
gatedmoe_base,128,0,31415,6,207.80905590594767,219.82938572815627,42.83305299856528
gatedmoe_base,128,0,31415,7,220.295250424921,233.8909820582069,35.614838938993806
gatedmoe_base,128,0,31415,8,232.57126804919716,245.38581547435479,30.907563107898774
gatedmoe_base,128,0,31415,9,235.93768551943603,248.20091851536472,28.541012741724565
gatedmoe_base,128,0,31415,10,230.16593267337566,241.21945289515887,28.992341313400843
gatedmoe_base,128,0,42,1,206.39422875716284,226.0922003714223,389.6693988884934
gatedmoe_base,128,0,42,2,175.6664684774094,189.98521595406325,156.33390413214997
gatedmoe_base,128,0,42,3,179.05574576104925,192.87212211720467,96.55229965475777
gatedmoe_base,128,0,42,4,185.69808939783206,200.00580277813924,69.63956640119498
gatedmoe_base,128,0,42,5,195.4613206753279,207.5993314407295,54.31690435370021
gatedmoe_base,128,0,42,6,209.5090728478335,222.4334373682179,43.93169772497893
gatedmoe_base,128,0,42,7,223.89289583519277,238.440391517451,36.57929186795595
gatedmoe_base,128,0,42,8,237.13183426043483,252.86200488214823,31.738441297351415
gatedmoe_base,128,0,42,9,240.22200678500414,256.1561990409771,29.298985611668485
gatedmoe_base,128,0,42,10,235.738988157081,248.43180329177966,29.88902246692474
gatedmoe_base,128,0,5150,1,205.75259365546464,225.9148272904643,389.98004844004737
gatedmoe_base,128,0,5150,2,173.496369857445,188.8859413714138,155.48646749456842
gatedmoe_base,128,0,5150,3,176.36622823269704,190.6481487964206,96.1310410195035
gatedmoe_base,128,0,5150,4,184.80096876756735,198.18868161333086,69.64453324972067
gatedmoe_base,128,0,5150,5,194.58246697221924,208.66610870590617,54.38996225841898
gatedmoe_base,128,0,5150,6,212.82696636146576,227.52909556615955,44.079890311000945
gatedmoe_base,128,0,5150,7,223.64911241898645,239.82304005646873,36.82392379596584
gatedmoe_base,128,0,5150,8,237.1585666682227,254.69028755155617,31.953563859399097
gatedmoe_base,128,0,5150,9,237.26068441394443,253.3739928703938,29.505476940461936
gatedmoe_base,128,0,5150,10,230.87208054995472,244.54929842115303,29.995380024348897
gatedmoe_base,128,0,60486,1,207.7674901065132,227.50623307067755,390.0715686244561
gatedmoe_base,128,0,60486,2,173.61326987810324,187.81289674281157,155.77279366372673
gatedmoe_base,128,0,60486,3,176.0142497103215,189.0843502370367,96.41216187733829
gatedmoe_base,128,0,60486,4,183.97327905846865,196.86066267570678,69.49706112110569
gatedmoe_base,128,0,60486,5,191.83599051147434,203.7613374529932,54.08591831251159
gatedmoe_base,128,0,60486,6,207.63351654664586,220.60443715403576,43.62886559003378
gatedmoe_base,128,0,60486,7,217.37274158320017,233.5532376574944,36.19206716902119
gatedmoe_base,128,0,60486,8,231.395486406025,247.1347940144257,31.233349379522018
gatedmoe_base,128,0,60486,9,232.20372575247276,245.7230286845777,28.778288570166627
gatedmoe_base,128,0,60486,10,228.8520655063383,239.91605584651467,29.343789097570397
gatedmoe_base,128,0,7,1,208.1588859042689,227.96758796512324,389.705630745523
gatedmoe_base,128,0,7,2,175.82759291747442,190.67104186495206,156.575664302889
gatedmoe_base,128,0,7,3,176.97166798501806,190.9624780428372,96.3951901220175
gatedmoe_base,128,0,7,4,183.4531008241449,196.76512571779523,69.38780193216544
gatedmoe_base,128,0,7,5,195.02295035104464,208.74374985133545,53.98047481014267
gatedmoe_base,128,0,7,6,211.2529203362554,223.88971288304253,43.58493234442776
gatedmoe_base,128,0,7,7,222.14246850602092,234.9093021941086,36.314273132931845
gatedmoe_base,128,0,7,8,237.9719672959261,252.59574714699352,31.56844170168429
gatedmoe_base,128,0,7,9,239.2272235982331,254.78384434272377,29.136009121074213
gatedmoe_base,128,0,7,10,232.43939386974014,246.62193141799645,29.69204763754409
gatedmoe_base,128,0,777,1,205.4416265579916,224.96634655054697,387.63311592171453
gatedmoe_base,128,0,777,2,172.71823379304928,187.35085180919538,155.2903006533522
gatedmoe_base,128,0,777,3,171.9543017250654,184.96411260795887,96.11946185114834
gatedmoe_base,128,0,777,4,177.6374430482312,190.0958456130014,69.31564516354031
gatedmoe_base,128,0,777,5,190.47332137590647,202.93408508739657,53.99266152569978
gatedmoe_base,128,0,777,6,205.17850984087383,218.44462197910087,43.63723832563443
gatedmoe_base,128,0,777,7,218.49684492779193,232.25493899798835,36.31311944549071
gatedmoe_base,128,0,777,8,231.41755597885344,246.76594174835586,31.46737591513084
gatedmoe_base,128,0,777,9,235.96772217899118,250.47754512781367,29.055927674563716
gatedmoe_base,128,0,777,10,230.0834898138807,243.15450576367158,29.750463176745846
gatedmoe_base,128,0,888,1,208.28105983056716,227.90392536789926,390.36255542336943
gatedmoe_base,128,0,888,2,177.210780506958,192.96860828455266,156.34547225628495
gatedmoe_base,128,0,888,3,176.35579332593616,190.46582717040818,96.15773814267507
gatedmoe_base,128,0,888,4,183.3334386378251,197.9086244097736,69.19114655589502
gatedmoe_base,128,0,888,5,191.31132648852062,204.8142081407231,53.809459005654574
gatedmoe_base,128,0,888,6,209.2782927727481,222.27779612323698,43.48054463449367
gatedmoe_base,128,0,888,7,223.7502608785201,238.9986764816092,36.17652509283434
gatedmoe_base,128,0,888,8,235.4732998937896,253.63311148638067,31.401608047498403
gatedmoe_base,128,0,888,9,238.52378972851457,255.81143329225281,29.056019812140057
gatedmoe_base,128,0,888,10,233.81765020617274,248.0895167774375,29.46124966642877
gatedmoe_base,128,0,999,1,205.65169239904054,225.3890844583091,387.4796969349797
gatedmoe_base,128,0,999,2,172.34160517620847,186.88472026244077,153.7578503812248
gatedmoe_base,128,0,999,3,174.27494173974566,187.06268068752692,95.41315770549737
gatedmoe_base,128,0,999,4,179.3773257825775,192.18905003842642,69.0659651487967
gatedmoe_base,128,0,999,5,188.32063068916847,200.52030003061236,53.917385482534705
gatedmoe_base,128,0,999,6,205.08717614916938,217.26215701310863,43.55129319357425
gatedmoe_base,128,0,999,7,214.40983580938834,228.31381154112597,36.1893715335666
gatedmoe_base,128,0,999,8,226.5330593229239,241.1004633683781,31.324347889655222
gatedmoe_base,128,0,999,9,231.59111853148818,247.5645584391124,28.955826316775227
gatedmoe_base,128,0,999,10,227.1943687887307,241.42516045620812,29.793954411412226
gatedmoe_base,128,4,123,1,209.62048195297584,230.3829035211428,400.0841964591023
gatedmoe_base,128,4,123,2,176.59691978343128,192.97176892523632,160.4224455006701
gatedmoe_base,128,4,123,3,174.80936347986415,190.89286228646927,99.62588698804892
gatedmoe_base,128,4,123,4,186.36714346240802,202.26776086383202,72.02270098489024
gatedmoe_base,128,4,123,5,194.8478834056265,209.68490639488707,56.267752540100105
gatedmoe_base,128,4,123,6,212.2042169184009,225.611954491494,45.53610881066385
gatedmoe_base,128,4,123,7,225.1856880664197,239.60597636317019,37.978642758898914
gatedmoe_base,128,4,123,8,236.40707924074,252.65090086658657,32.97475576821547
gatedmoe_base,128,4,123,9,239.8662014024915,256.3223167951497,30.48250343886431
gatedmoe_base,128,4,123,10,233.0534082234944,246.62438768570982,31.273886328820954
gatedmoe_base,128,4,2026,1,209.21329069550296,228.64084517882702,395.3998087388366
gatedmoe_base,128,4,2026,2,178.04862148886824,192.62004576458676,159.37882752542646
gatedmoe_base,128,4,2026,3,177.5253913455307,191.5079069249403,98.49472210071154
gatedmoe_base,128,4,2026,4,187.0420594128757,200.88670385081392,71.0519763335008
gatedmoe_base,128,4,2026,5,197.14398947905158,210.55093958397828,55.319478415261166
gatedmoe_base,128,4,2026,6,212.5973045914384,226.72775537221497,44.647651148368894
gatedmoe_base,128,4,2026,7,225.01577095773683,241.00309735873634,37.124155590136475
gatedmoe_base,128,4,2026,8,240.57689780283619,256.9667248035446,32.16542508400983
gatedmoe_base,128,4,2026,9,244.55986857682626,261.4557332971549,29.68652770304586
gatedmoe_base,128,4,2026,10,237.47698147728553,251.7027000856503,30.284630500698277
gatedmoe_base,128,4,31415,1,214.19071741293695,235.81151730338604,425.1982234945284
gatedmoe_base,128,4,31415,2,176.5465302707868,192.85014461059822,164.7498361007113
gatedmoe_base,128,4,31415,3,177.65547170749943,191.56026777427513,100.83833396397314
gatedmoe_base,128,4,31415,4,185.58173394247825,199.60374968592558,72.01983632514556
gatedmoe_base,128,4,31415,5,195.0785336298139,209.71908160111533,55.66901011521183
gatedmoe_base,128,4,31415,6,210.8945313835648,226.28319068020988,44.6009105342274
gatedmoe_base,128,4,31415,7,224.19706362227103,241.75591293895639,36.8608797754246
gatedmoe_base,128,4,31415,8,237.23436826798564,254.59008813617,31.87399049979491
gatedmoe_base,128,4,31415,9,238.40698271587746,255.0969442724343,29.53784172181695
gatedmoe_base,128,4,31415,10,233.80728815041553,247.9189792253241,30.326071514398677
gatedmoe_base,128,4,42,1,210.45430615123092,231.37164362973192,404.7318414917265
gatedmoe_base,128,4,42,2,177.17819322257242,192.78682536262573,160.54391343349215
gatedmoe_base,128,4,42,3,176.8201659071247,191.52175848423244,98.77925634255223
gatedmoe_base,128,4,42,4,183.67562638117386,197.05333484490976,70.93774148082608
gatedmoe_base,128,4,42,5,194.175643719344,206.6830092098382,55.30341199057082
gatedmoe_base,128,4,42,6,211.0112159763982,222.80104726763247,44.78544392987513
gatedmoe_base,128,4,42,7,223.45000674762258,237.94023172968556,37.30133014029653
gatedmoe_base,128,4,42,8,236.71615210288826,252.37397316207003,32.34339891830983
gatedmoe_base,128,4,42,9,239.57379445785594,254.05715283402697,29.93662521468111
gatedmoe_base,128,4,42,10,233.75995644756634,246.5743485551077,30.664223336853112
gatedmoe_base,128,4,5150,1,208.7771521543391,229.32428772733948,404.6586836135534
gatedmoe_base,128,4,5150,2,174.11703247837448,190.01972524278509,159.695109064844
gatedmoe_base,128,4,5150,3,177.24108120832128,191.98874793681722,98.36422491341085
gatedmoe_base,128,4,5150,4,186.77821218971872,200.57561853772324,71.03679080596588
gatedmoe_base,128,4,5150,5,197.59948766715203,212.49974731997256,55.4136624497782
gatedmoe_base,128,4,5150,6,210.09963012436543,224.41164735079764,44.82963537974273
gatedmoe_base,128,4,5150,7,221.64858970774227,236.888661146608,37.417361419208184
gatedmoe_base,128,4,5150,8,237.5937441214254,253.15526403714344,32.50713486661118
gatedmoe_base,128,4,5150,9,239.7873153112332,256.05436781355485,30.02449086783293
gatedmoe_base,128,4,5150,10,235.61930662489374,249.10424209941195,30.659831538732945
gatedmoe_base,128,4,60486,1,212.07408887165852,231.3928939244534,414.06744834257114
gatedmoe_base,128,4,60486,2,175.49079916224213,190.9951723832847,160.7481143117548
gatedmoe_base,128,4,60486,3,177.23682638405901,191.07843694880242,98.61863096271824
gatedmoe_base,128,4,60486,4,188.1135377639819,201.89230526281327,70.8896147408713
gatedmoe_base,128,4,60486,5,197.21881236675245,209.683580175589,55.19274279324385
gatedmoe_base,128,4,60486,6,211.59187575601936,223.34268876182077,44.615787151328306
gatedmoe_base,128,4,60486,7,222.5445675365702,238.21427347499932,37.248305996592016
gatedmoe_base,128,4,60486,8,233.20841119827944,250.38466177569674,32.363461129888364
gatedmoe_base,128,4,60486,9,236.15105427044006,251.5658282245875,29.966952886120772
gatedmoe_base,128,4,60486,10,230.2947913665495,242.48748555229804,30.672455383069742
gatedmoe_base,128,4,7,1,208.75439681760986,227.99675721395576,398.20991591590035
gatedmoe_base,128,4,7,2,175.46466254465585,190.38514535795542,158.0480963427484
gatedmoe_base,128,4,7,3,177.39581566747125,192.1059159429004,97.75772137700271
gatedmoe_base,128,4,7,4,189.57654951182698,203.05679106955893,70.83128463240017
gatedmoe_base,128,4,7,5,201.64530458674335,214.50576019864783,55.18220201436639
gatedmoe_base,128,4,7,6,215.11725663213335,227.39956565856642,44.68534053011296
gatedmoe_base,128,4,7,7,227.1040738183328,240.1662406464869,37.254282403498884
gatedmoe_base,128,4,7,8,240.97187365607886,255.41361388770233,32.36710424209818
gatedmoe_base,128,4,7,9,242.18870014645546,256.14962980945313,29.99438325147948
gatedmoe_base,128,4,7,10,237.6401599663441,250.1118472365268,30.67625723429371
gatedmoe_base,128,4,777,1,208.7792318959749,228.916066009802,402.36900078388084
gatedmoe_base,128,4,777,2,179.06080982506143,194.29852767412405,160.35430454205041
gatedmoe_base,128,4,777,3,176.08773847469297,189.51437151425318,99.17721772410997
gatedmoe_base,128,4,777,4,188.63540021757638,202.08066765229717,71.57164994180535
gatedmoe_base,128,4,777,5,195.32597460592734,210.23135438783981,55.8097636078725
gatedmoe_base,128,4,777,6,209.9955502991222,224.49392519057892,45.1100749929753
gatedmoe_base,128,4,777,7,224.63945400143075,239.89585306825273,37.62236346882694
gatedmoe_base,128,4,777,8,238.71696180373357,255.77064445853182,32.66624700312264
gatedmoe_base,128,4,777,9,243.36520367677198,259.425176497834,30.20897575166757
gatedmoe_base,128,4,777,10,237.28683708615247,250.81186601162983,30.76871054023059
gatedmoe_base,128,4,888,1,210.22789211049377,230.74089039472867,405.21709607988464
gatedmoe_base,128,4,888,2,175.26245639124735,191.0656978432636,160.00290433338782
gatedmoe_base,128,4,888,3,173.47461266387822,187.67002707078439,98.54446901235683
gatedmoe_base,128,4,888,4,183.52965203865193,195.45696527247668,71.06329352825405
gatedmoe_base,128,4,888,5,193.68499681480793,205.6807195169315,55.47340002810132
gatedmoe_base,128,4,888,6,210.72442993402703,221.0629753024138,44.87391440594277
gatedmoe_base,128,4,888,7,224.36883937651956,236.45456479351907,37.4536185475914
gatedmoe_base,128,4,888,8,237.38286807643652,249.59492750555108,32.568807634080976
gatedmoe_base,128,4,888,9,239.61925577041123,252.34104947924098,30.126166804482388
gatedmoe_base,128,4,888,10,232.4624479154827,244.705316501029,30.85282823198989
gatedmoe_base,128,4,999,1,212.14403118017054,232.96846179289886,408.61631712352016
gatedmoe_base,128,4,999,2,176.30869835129013,191.1943381168734,159.68779680317593
gatedmoe_base,128,4,999,3,176.165247625132,189.1333981623279,98.5762325955185
gatedmoe_base,128,4,999,4,184.2667608675952,198.36491397809232,71.11757799649537
gatedmoe_base,128,4,999,5,193.8412652051004,208.12873439212171,55.36147152966495
gatedmoe_base,128,4,999,6,209.64769243290817,223.30976519341334,44.66395576713497
gatedmoe_base,128,4,999,7,218.12856508948377,232.99443478112394,37.07843521815374
gatedmoe_base,128,4,999,8,233.5059355815666,248.88943319192654,32.06608311762396
gatedmoe_base,128,4,999,9,238.26544470824192,254.3540246814644,29.52018838363769
gatedmoe_base,128,4,999,10,234.45513486882032,248.4000743954857,30.038987147489575
gatedmoe_base,128,8,123,1,265.85678369304077,289.28595927934,534.5221128639881
gatedmoe_base,128,8,123,2,204.29041497459173,222.21328838228897,216.48514502748603
gatedmoe_base,128,8,123,3,187.14762854250912,204.21939541637755,139.38551623370836
gatedmoe_base,128,8,123,4,181.47617386210314,196.02761440352225,103.5209660241184
gatedmoe_base,128,8,123,5,185.06213931431313,198.41289540683195,81.94097787758824
gatedmoe_base,128,8,123,6,190.46664243879792,204.7677460812733,67.41933654985675
gatedmoe_base,128,8,123,7,191.40591961953692,204.23188332772406,57.14692268549959
gatedmoe_base,128,8,123,8,197.78881248481167,210.6471499630391,50.33773019080157
gatedmoe_base,128,8,123,9,196.70185875331686,208.42299137989218,47.54764823346995
gatedmoe_base,128,8,123,10,190.67873340740525,200.65633579262993,50.322030267392606
gatedmoe_base,128,8,2026,1,233.53267471670247,254.89683139521216,457.79424725145213
gatedmoe_base,128,8,2026,2,186.47495286018156,202.37562208314066,183.94083678877539
gatedmoe_base,128,8,2026,3,181.6476791339756,196.80208824262888,114.31222229331979
gatedmoe_base,128,8,2026,4,184.64690601299284,197.98192533324675,81.87384365334752
gatedmoe_base,128,8,2026,5,199.06301160820567,211.92455525880035,63.192061628258344
gatedmoe_base,128,8,2026,6,210.5536160801339,225.61108674750656,50.93669933942834
gatedmoe_base,128,8,2026,7,220.20761004931788,236.78771267472789,42.453764581890596
gatedmoe_base,128,8,2026,8,234.5991669490711,252.65632336150796,36.88881854796741
gatedmoe_base,128,8,2026,9,237.25282405855188,256.3372412418714,34.15516982511529
gatedmoe_base,128,8,2026,10,230.2955739016652,247.4591495619739,35.01169550273224
gatedmoe_base,128,8,31415,1,276.7487663721124,300.82710410071036,565.5574962665124
gatedmoe_base,128,8,31415,2,210.99469498035265,230.9607945482678,225.24483378186514
gatedmoe_base,128,8,31415,3,191.18592339436736,208.5566529626736,144.3064216862499
gatedmoe_base,128,8,31415,4,185.2847946450296,201.67170838655,106.51794126478563
gatedmoe_base,128,8,31415,5,184.8566586101736,199.93617126428742,84.03647876393646
gatedmoe_base,128,8,31415,6,185.23442453199354,199.13543455454422,69.10163143172224
gatedmoe_base,128,8,31415,7,189.12261196126005,202.76732817204896,58.72110273429201
gatedmoe_base,128,8,31415,8,191.52382773741365,205.32226021295543,52.007291271611436
gatedmoe_base,128,8,31415,9,188.76470409870382,202.20238188626436,49.23932875305386
gatedmoe_base,128,8,31415,10,184.29830275735944,196.33118314017955,51.498434902548304
gatedmoe_base,128,8,42,1,262.4647187373038,284.05290899441184,517.2513668934193
gatedmoe_base,128,8,42,2,200.55491684833052,218.90050929292389,214.66364806266267
gatedmoe_base,128,8,42,3,184.28672434045907,202.6492539244178,138.0647417131049
gatedmoe_base,128,8,42,4,186.3048037639859,203.18783668041223,102.67889095506968
gatedmoe_base,128,8,42,5,185.0727927348344,200.90285057806358,81.31685934076236
gatedmoe_base,128,8,42,6,187.9054332259731,202.68693884069734,66.87471809949862
gatedmoe_base,128,8,42,7,190.45258393087497,204.41414411687313,56.72734053888636
gatedmoe_base,128,8,42,8,195.3768443417746,209.46054290925335,50.13840360174977
gatedmoe_base,128,8,42,9,192.60154693421393,205.30941839705739,47.240506165300744
gatedmoe_base,128,8,42,10,184.98310691594435,195.83878362610258,50.23314009086094
gatedmoe_base,128,8,5150,1,266.1820153608869,290.24109907078014,536.56785464039
gatedmoe_base,128,8,5150,2,201.73882638616655,220.8758475227563,218.6055834805716
gatedmoe_base,128,8,5150,3,184.33745721100865,201.0141968261646,141.23797189452986
gatedmoe_base,128,8,5150,4,181.23338729804462,197.54379032317405,105.5992347498922
gatedmoe_base,128,8,5150,5,181.1599498205218,196.73104189845753,84.359802501211
gatedmoe_base,128,8,5150,6,185.93633062045697,200.7463840243429,69.97272509130786
gatedmoe_base,128,8,5150,7,184.90882278544106,198.89048273612087,59.96674718101003
gatedmoe_base,128,8,5150,8,188.87026544169032,203.36017480510836,53.32677801556054
gatedmoe_base,128,8,5150,9,187.66888913452544,202.60482052795203,50.5605780324456
gatedmoe_base,128,8,5150,10,179.89685195739818,192.11043307270904,53.409664360042
gatedmoe_base,128,8,60486,1,278.9833472906169,302.1914244706351,562.1075614476576
gatedmoe_base,128,8,60486,2,211.23268408184154,229.4736748870351,221.03853203998716
gatedmoe_base,128,8,60486,3,191.51614118587844,207.26052269190126,141.02850450799343
gatedmoe_base,128,8,60486,4,188.11944747255794,202.6954842215695,104.45794751385837
gatedmoe_base,128,8,60486,5,184.93356503843484,199.9659033275344,82.7452942118853
gatedmoe_base,128,8,60486,6,188.17449884350307,202.760596679689,68.05868015561809
gatedmoe_base,128,8,60486,7,192.27217806314118,206.26838813531856,57.83871822101656
gatedmoe_base,128,8,60486,8,196.03162351623743,210.48770180869255,51.30076884639586
gatedmoe_base,128,8,60486,9,194.71706611643378,208.36140032346447,48.422692440222725
gatedmoe_base,128,8,60486,10,189.1101227271649,199.61005131941673,50.85191457550659
gatedmoe_base,128,8,7,1,270.7064224710595,293.1772326757976,538.7824281585105
gatedmoe_base,128,8,7,2,206.06659693267022,224.91750550640464,221.20682683803102
gatedmoe_base,128,8,7,3,188.3396288873708,205.9837750666621,141.77427489154795
gatedmoe_base,128,8,7,4,182.95268325190622,199.3055297733342,104.44543460926603
gatedmoe_base,128,8,7,5,185.7393207648502,200.9648947480287,82.22022480889997
gatedmoe_base,128,8,7,6,189.44476819461494,203.11573591887418,67.53251027249712
gatedmoe_base,128,8,7,7,191.3708094100493,204.51962435278782,57.456003813832794
gatedmoe_base,128,8,7,8,193.53648912339642,207.07808449188826,50.811112744998
gatedmoe_base,128,8,7,9,192.40087480267906,205.5245794952888,47.89832572722087
gatedmoe_base,128,8,7,10,187.09237004961497,198.43568716967062,50.27760067240288
gatedmoe_base,128,8,777,1,281.2825236223729,305.2964190569609,539.9992304449266
gatedmoe_base,128,8,777,2,210.6869605188279,229.108055558324,225.19895623691357
gatedmoe_base,128,8,777,3,192.52387558114697,209.6647197171632,144.36006264439874
gatedmoe_base,128,8,777,4,186.47543705396066,202.72005374252316,107.30647077079801
gatedmoe_base,128,8,777,5,185.0755003112211,199.55357538181084,85.3360809050343
gatedmoe_base,128,8,777,6,188.14871457293546,201.46407811038088,70.35523709054395
gatedmoe_base,128,8,777,7,189.79593956836842,203.20072952658356,59.97154741151655
gatedmoe_base,128,8,777,8,192.67642154205697,206.48976427890491,53.34350963096267
gatedmoe_base,128,8,777,9,192.19871588093116,204.46300838622088,50.60328570849048
gatedmoe_base,128,8,777,10,187.5862434477161,198.01985044067897,52.71740617863261
gatedmoe_base,128,8,888,1,262.5868690686346,285.4489199806242,530.3737886461444
gatedmoe_base,128,8,888,2,204.91796023903527,224.4227643245225,215.31402465049612
gatedmoe_base,128,8,888,3,184.38405545202113,202.34364571239607,138.25399913177804
gatedmoe_base,128,8,888,4,179.85885404396043,195.21540804533612,102.10223496664742
gatedmoe_base,128,8,888,5,182.53628836027332,197.39810030553167,80.29770157067442
gatedmoe_base,128,8,888,6,186.66796554381907,200.0652182381803,65.78851680091114
gatedmoe_base,128,8,888,7,188.75242909701672,202.3350341570499,55.696788248147776
gatedmoe_base,128,8,888,8,194.5519737844838,208.47188739425428,49.12888651311538
gatedmoe_base,128,8,888,9,192.98669534128163,207.00637071466295,46.192678494290824
gatedmoe_base,128,8,888,10,186.70301043717882,198.98083859350686,48.29179870655312
gatedmoe_base,128,8,999,1,270.2268438658989,294.4769407071391,541.1448330512852
gatedmoe_base,128,8,999,2,203.5593887014238,223.73351058967802,216.95321452045417
gatedmoe_base,128,8,999,3,185.9335039094431,202.2683923313866,138.3154640045297
gatedmoe_base,128,8,999,4,182.08403337670916,197.0064895442166,101.90290229172953
gatedmoe_base,128,8,999,5,185.57399363328435,199.95623531212345,80.07626650572173
gatedmoe_base,128,8,999,6,190.47238641746452,203.1575725558317,65.43006901027728
gatedmoe_base,128,8,999,7,193.34553324633063,207.1703342784444,55.37683229997804
gatedmoe_base,128,8,999,8,200.54683811303096,215.63645686952734,48.89449951000339
gatedmoe_base,128,8,999,9,198.85502717206714,213.32033327898148,46.12284519002034
gatedmoe_base,128,8,999,10,190.3723281327289,200.91682762281886,48.62208916139746
gatedmoe_g,128,0,123,1,204.81894885513546,224.11975750218946,388.0327008716196
gatedmoe_g,128,0,123,2,176.86170307917962,192.4508374713078,156.50465470213604
gatedmoe_g,128,0,123,3,176.14173071455502,190.69644942458828,97.16780161585275
gatedmoe_g,128,0,123,4,183.71102009375667,197.38293760140584,70.06610251282
gatedmoe_g,128,0,123,5,191.96388453687388,206.04916708437324,54.61803730070297
gatedmoe_g,128,0,123,6,208.4377302767186,223.46078215040578,44.092688457839856
gatedmoe_g,128,0,123,7,215.2349192226543,231.37106909948716,36.72137703065976
gatedmoe_g,128,0,123,8,228.9085947391171,245.010845325374,31.87284588200703
gatedmoe_g,128,0,123,9,233.68999847304454,249.32068208865422,29.482263248632645
gatedmoe_g,128,0,123,10,230.89810635633793,244.55761308924357,30.243327619436158
gatedmoe_g,128,0,2026,1,207.89074632331946,226.92198460542923,388.35726233269077
gatedmoe_g,128,0,2026,2,176.7237315510646,191.48491940726313,155.75879921924468
gatedmoe_g,128,0,2026,3,177.69964242878305,192.17382149708254,96.09155551834988
gatedmoe_g,128,0,2026,4,183.47280778828258,197.58058181583075,69.35565388335576
gatedmoe_g,128,0,2026,5,192.87018813249267,207.72729628292558,54.13527319690957
gatedmoe_g,128,0,2026,6,208.57627286167153,223.35342523328768,43.757750229875974
gatedmoe_g,128,0,2026,7,219.99731858235705,235.68799738294203,36.38774018096431
gatedmoe_g,128,0,2026,8,233.66586484286415,250.48897415741376,31.579442542244482
gatedmoe_g,128,0,2026,9,241.4432313710722,259.12419257268664,29.222052254434722
gatedmoe_g,128,0,2026,10,233.67500057163446,247.50601913129267,29.82703600654634
gatedmoe_g,128,0,31415,1,206.87277560528358,225.44186234472681,391.905607267565
gatedmoe_g,128,0,31415,2,174.5897201842598,188.44320410169496,155.67472367286595
gatedmoe_g,128,0,31415,3,175.11038898719346,189.46206874154677,95.70052478396242
gatedmoe_g,128,0,31415,4,178.26984963391143,191.0191692054391,68.70350953084076
gatedmoe_g,128,0,31415,5,189.92726348199008,201.48569220783511,53.244701429573865
gatedmoe_g,128,0,31415,6,207.80905590594767,219.82938572815627,42.83305299856528
gatedmoe_g,128,0,31415,7,220.295250424921,233.8909820582069,35.614838938993806
gatedmoe_g,128,0,31415,8,232.57126804919716,245.38581547435479,30.907563107898774
gatedmoe_g,128,0,31415,9,235.93768551943603,248.20091851536472,28.541012741724565
gatedmoe_g,128,0,31415,10,230.16593267337566,241.21945289515887,28.992341313400843
gatedmoe_g,128,0,42,1,206.39422875716284,226.0922003714223,389.6693988884934
gatedmoe_g,128,0,42,2,175.6664684774094,189.98521595406325,156.33390413214997
gatedmoe_g,128,0,42,3,179.05574576104925,192.87212211720467,96.55229965475777
gatedmoe_g,128,0,42,4,185.69808939783206,200.00580277813924,69.63956640119498
gatedmoe_g,128,0,42,5,195.4613206753279,207.5993314407295,54.31690435370021
gatedmoe_g,128,0,42,6,209.5090728478335,222.4334373682179,43.93169772497893
gatedmoe_g,128,0,42,7,223.89289583519277,238.440391517451,36.57929186795595
gatedmoe_g,128,0,42,8,237.13183426043483,252.86200488214823,31.738441297351415
gatedmoe_g,128,0,42,9,240.22200678500414,256.1561990409771,29.298985611668485
gatedmoe_g,128,0,42,10,235.738988157081,248.43180329177966,29.88902246692474
gatedmoe_g,128,0,5150,1,205.75259365546464,225.9148272904643,389.98004844004737
gatedmoe_g,128,0,5150,2,173.496369857445,188.8859413714138,155.48646749456842
gatedmoe_g,128,0,5150,3,176.36622823269704,190.6481487964206,96.1310410195035
gatedmoe_g,128,0,5150,4,184.80096876756735,198.18868161333086,69.64453324972067
gatedmoe_g,128,0,5150,5,194.58246697221924,208.66610870590617,54.38996225841898
gatedmoe_g,128,0,5150,6,212.82696636146576,227.52909556615955,44.079890311000945
gatedmoe_g,128,0,5150,7,223.64911241898645,239.82304005646873,36.82392379596584
gatedmoe_g,128,0,5150,8,237.1585666682227,254.69028755155617,31.953563859399097
gatedmoe_g,128,0,5150,9,237.26068441394443,253.3739928703938,29.505476940461936
gatedmoe_g,128,0,5150,10,230.87208054995472,244.54929842115303,29.995380024348897
gatedmoe_g,128,0,60486,1,207.7674901065132,227.50623307067755,390.0715686244561
gatedmoe_g,128,0,60486,2,173.61326987810324,187.81289674281157,155.77279366372673
gatedmoe_g,128,0,60486,3,176.0142497103215,189.0843502370367,96.41216187733829
gatedmoe_g,128,0,60486,4,183.97327905846865,196.86066267570678,69.49706112110569
gatedmoe_g,128,0,60486,5,191.83599051147434,203.7613374529932,54.08591831251159
gatedmoe_g,128,0,60486,6,207.63351654664586,220.60443715403576,43.62886559003378
gatedmoe_g,128,0,60486,7,217.37274158320017,233.5532376574944,36.19206716902119
gatedmoe_g,128,0,60486,8,231.395486406025,247.1347940144257,31.233349379522018
gatedmoe_g,128,0,60486,9,232.20372575247276,245.7230286845777,28.778288570166627
gatedmoe_g,128,0,60486,10,228.8520655063383,239.91605584651467,29.343789097570397
gatedmoe_g,128,0,7,1,208.1588859042689,227.96758796512324,389.705630745523
gatedmoe_g,128,0,7,2,175.82759291747442,190.67104186495206,156.575664302889
gatedmoe_g,128,0,7,3,176.97166798501806,190.9624780428372,96.3951901220175
gatedmoe_g,128,0,7,4,183.4531008241449,196.76512571779523,69.38780193216544
gatedmoe_g,128,0,7,5,195.02295035104464,208.74374985133545,53.98047481014267
gatedmoe_g,128,0,7,6,211.2529203362554,223.88971288304253,43.58493234442776
gatedmoe_g,128,0,7,7,222.14246850602092,234.9093021941086,36.314273132931845
gatedmoe_g,128,0,7,8,237.9719672959261,252.59574714699352,31.56844170168429
gatedmoe_g,128,0,7,9,239.2272235982331,254.78384434272377,29.136009121074213
gatedmoe_g,128,0,7,10,232.43939386974014,246.62193141799645,29.69204763754409
gatedmoe_g,128,0,777,1,205.4416265579916,224.96634655054697,387.63311592171453
gatedmoe_g,128,0,777,2,172.71823379304928,187.35085180919538,155.2903006533522
gatedmoe_g,128,0,777,3,171.9543017250654,184.96411260795887,96.11946185114834
gatedmoe_g,128,0,777,4,177.6374430482312,190.0958456130014,69.31564516354031
gatedmoe_g,128,0,777,5,190.47332137590647,202.93408508739657,53.99266152569978
gatedmoe_g,128,0,777,6,205.17850984087383,218.44462197910087,43.63723832563443
gatedmoe_g,128,0,777,7,218.49684492779193,232.25493899798835,36.31311944549071
gatedmoe_g,128,0,777,8,231.41755597885344,246.76594174835586,31.46737591513084
gatedmoe_g,128,0,777,9,235.96772217899118,250.47754512781367,29.055927674563716
gatedmoe_g,128,0,777,10,230.0834898138807,243.15450576367158,29.750463176745846
gatedmoe_g,128,0,888,1,208.28105983056716,227.90392536789926,390.36255542336943
gatedmoe_g,128,0,888,2,177.210780506958,192.96860828455266,156.34547225628495
gatedmoe_g,128,0,888,3,176.35579332593616,190.46582717040818,96.15773814267507
gatedmoe_g,128,0,888,4,183.3334386378251,197.9086244097736,69.19114655589502
gatedmoe_g,128,0,888,5,191.31132648852062,204.8142081407231,53.809459005654574
gatedmoe_g,128,0,888,6,209.2782927727481,222.27779612323698,43.48054463449367
gatedmoe_g,128,0,888,7,223.7502608785201,238.9986764816092,36.17652509283434
gatedmoe_g,128,0,888,8,235.4732998937896,253.63311148638067,31.401608047498403
gatedmoe_g,128,0,888,9,238.52378972851457,255.81143329225281,29.056019812140057
gatedmoe_g,128,0,888,10,233.81765020617274,248.0895167774375,29.46124966642877
gatedmoe_g,128,0,999,1,205.65169239904054,225.3890844583091,387.4796969349797
gatedmoe_g,128,0,999,2,172.34160517620847,186.88472026244077,153.7578503812248
gatedmoe_g,128,0,999,3,174.27494173974566,187.06268068752692,95.41315770549737
gatedmoe_g,128,0,999,4,179.3773257825775,192.18905003842642,69.0659651487967
gatedmoe_g,128,0,999,5,188.32063068916847,200.52030003061236,53.917385482534705
gatedmoe_g,128,0,999,6,205.08717614916938,217.26215701310863,43.55129319357425
gatedmoe_g,128,0,999,7,214.40983580938834,228.31381154112597,36.1893715335666
gatedmoe_g,128,0,999,8,226.5330593229239,241.1004633683781,31.324347889655222
gatedmoe_g,128,0,999,9,231.59111853148818,247.5645584391124,28.955826316775227
gatedmoe_g,128,0,999,10,227.1943687887307,241.42516045620812,29.793954411412226
gatedmoe_g,128,4,123,1,209.9257527375294,229.82665104561897,399.2707174643267
gatedmoe_g,128,4,123,2,175.53784728863315,190.60523555963894,159.50484802477746
gatedmoe_g,128,4,123,3,175.5420036474143,190.44599748293513,98.70766005950827
gatedmoe_g,128,4,123,4,186.3846047354936,201.41538510157494,71.28253674087775
gatedmoe_g,128,4,123,5,195.0364091845933,207.93257658356325,55.6133823948657
gatedmoe_g,128,4,123,6,213.24941785282218,224.97866296366269,45.04723001531557
gatedmoe_g,128,4,123,7,224.49539529739874,238.85619692311002,37.61263743428373
gatedmoe_g,128,4,123,8,237.87240764953114,253.45579197018893,32.75668992857161
gatedmoe_g,128,4,123,9,241.07200896876682,256.7752947752623,30.39106426129337
gatedmoe_g,128,4,123,10,233.87206977927758,246.70090701614652,31.277950555743306
gatedmoe_g,128,4,2026,1,209.57889058906198,229.27537517217448,396.72116445918925
gatedmoe_g,128,4,2026,2,175.78563226925513,190.4100051714937,159.7336514636896
gatedmoe_g,128,4,2026,3,178.78540886761073,191.9928278836682,98.49597659255434
gatedmoe_g,128,4,2026,4,190.1048785343854,204.07005627268023,70.79855278207991
gatedmoe_g,128,4,2026,5,199.96591620833377,213.55966941027702,55.15552562268672
gatedmoe_g,128,4,2026,6,213.64895410818593,227.82575978606485,44.574823101830965
gatedmoe_g,128,4,2026,7,225.27558408285978,242.23661201246546,37.084488308586465
gatedmoe_g,128,4,2026,8,240.0963597001349,257.9948112945776,32.14247087492462
gatedmoe_g,128,4,2026,9,243.83894189800915,261.2405266388296,29.712687209554847
gatedmoe_g,128,4,2026,10,240.7079025036868,255.614194570464,30.298335127844354
gatedmoe_g,128,4,31415,1,212.8478577002666,233.02703874203914,415.5938290140154
gatedmoe_g,128,4,31415,2,174.23129346541768,189.29359261225758,161.54298165956078
gatedmoe_g,128,4,31415,3,174.41874301739938,188.98883195102067,98.80205333717346
gatedmoe_g,128,4,31415,4,182.91563404193917,197.12395399860526,70.82836274184935
gatedmoe_g,128,4,31415,5,195.53825353172067,210.72712835130093,55.000765557335974
gatedmoe_g,128,4,31415,6,209.8212310496457,225.69891022509682,44.248655154088084
gatedmoe_g,128,4,31415,7,220.60139536859484,239.57641467574402,36.75773314853265
gatedmoe_g,128,4,31415,8,231.80479479558082,251.26230116255454,31.93824557395659
gatedmoe_g,128,4,31415,9,232.47366885642828,250.90407148515072,29.535168008965673
gatedmoe_g,128,4,31415,10,227.44157643727698,242.10023288821606,30.11911776095554
gatedmoe_g,128,4,42,1,212.18007374765045,232.44140546716687,403.8957125046604
gatedmoe_g,128,4,42,2,177.7859964579109,192.48657132560663,160.32439870999409
gatedmoe_g,128,4,42,3,179.02854806035512,193.2124385735865,98.9942537672654
gatedmoe_g,128,4,42,4,183.67541441483598,197.29139386316274,71.52868086229584
gatedmoe_g,128,4,42,5,196.80971839084606,209.11067153620877,55.674705427434645
gatedmoe_g,128,4,42,6,209.7883144755045,221.3829332303356,44.96601470673332
gatedmoe_g,128,4,42,7,226.3666462730474,240.35169446714804,37.44780760895482
gatedmoe_g,128,4,42,8,238.35215259796132,254.27417418158126,32.571038996092526
gatedmoe_g,128,4,42,9,240.15798751792215,254.87602523953186,30.153411802809167
gatedmoe_g,128,4,42,10,234.306078060818,246.33483879490038,30.77186062432976
gatedmoe_g,128,4,5150,1,210.86595417636954,230.90889350126793,404.5059847768579
gatedmoe_g,128,4,5150,2,177.06252539244878,191.54149683475055,159.08541497544445
gatedmoe_g,128,4,5150,3,175.96456867272647,189.9636502971549,97.79802978498147
gatedmoe_g,128,4,5150,4,185.16938374199083,198.85670167178344,70.78905263860054
gatedmoe_g,128,4,5150,5,196.11689061749848,210.48648602945738,55.238868962836044
gatedmoe_g,128,4,5150,6,209.5412537441331,222.71437644709533,44.743931786913265
gatedmoe_g,128,4,5150,7,219.1415507330955,234.41782212854386,37.3153159478848
gatedmoe_g,128,4,5150,8,232.50562998844512,249.12100327413623,32.38536734278643
gatedmoe_g,128,4,5150,9,242.10725258083062,257.65172719387107,30.008174917441316
gatedmoe_g,128,4,5150,10,233.47207720362306,247.25237375653361,30.666857088909342
gatedmoe_g,128,4,60486,1,214.8452018482892,233.86539937543645,417.2018772243665
gatedmoe_g,128,4,60486,2,177.66581336842938,192.79114775790086,161.60155003762122
gatedmoe_g,128,4,60486,3,176.93035241595575,190.89489489847188,98.95201924428632
gatedmoe_g,128,4,60486,4,183.4841718476354,196.49045307115065,71.047295530985
gatedmoe_g,128,4,60486,5,195.64547511713272,208.25824157742656,55.287711451173095
gatedmoe_g,128,4,60486,6,211.40835809582222,225.41187717282372,44.81373731969285
gatedmoe_g,128,4,60486,7,221.44293638795637,238.47707886091405,37.45479081978747
gatedmoe_g,128,4,60486,8,236.9555112468126,254.98558334087207,32.56578238541429
gatedmoe_g,128,4,60486,9,239.48972451423566,255.6437997185461,30.18500651779288
gatedmoe_g,128,4,60486,10,232.91364299465832,246.51850636887426,30.94341536143922
gatedmoe_g,128,4,7,1,208.24071717866502,227.91102716050443,397.2308122149306
gatedmoe_g,128,4,7,2,177.38382292832253,192.73841578026247,157.63920968118842
gatedmoe_g,128,4,7,3,177.24293557947993,191.9601225178451,97.18811246550973
gatedmoe_g,128,4,7,4,183.49296684962763,197.7278830318098,70.16085071918559
gatedmoe_g,128,4,7,5,195.89990080378826,209.0810611279064,54.80778069355827
gatedmoe_g,128,4,7,6,212.00589243206375,225.8522662637692,44.413648537730054
gatedmoe_g,128,4,7,7,220.75295418677692,235.81584430371595,37.087468127361795
gatedmoe_g,128,4,7,8,233.9036654969147,250.33554775634897,32.26711760732237
gatedmoe_g,128,4,7,9,239.52671203816422,255.62417679717157,29.866116583733927
gatedmoe_g,128,4,7,10,233.22744534658548,246.30142323505243,30.49539991416386
gatedmoe_g,128,4,777,1,211.42188365722203,231.28599608733566,403.5531845809919
gatedmoe_g,128,4,777,2,177.20517940721516,191.44470887106198,160.43157581099675
gatedmoe_g,128,4,777,3,179.26120133368346,192.77083490362097,98.94137757887245
gatedmoe_g,128,4,777,4,186.955290039815,199.70685460508176,71.39930911840756
gatedmoe_g,128,4,777,5,198.20774553682196,211.2962122350685,55.705143674966784
gatedmoe_g,128,4,777,6,215.03685818726424,227.79621994105872,45.21329613999387
gatedmoe_g,128,4,777,7,222.5265345311758,237.31818451373425,37.786038306467944
gatedmoe_g,128,4,777,8,234.30180810694955,250.55742854087555,32.828455088691626
gatedmoe_g,128,4,777,9,236.0721470189469,252.30781115699054,30.263042387423955
gatedmoe_g,128,4,777,10,230.12897791859908,242.1398797033428,31.06453586882082
gatedmoe_g,128,4,888,1,212.26766715981697,231.4241535986223,402.4675988252718
gatedmoe_g,128,4,888,2,179.54258842763917,194.66204782042047,159.07542624864598
gatedmoe_g,128,4,888,3,179.90071649168877,195.11088381928298,98.13179018914855
gatedmoe_g,128,4,888,4,187.28032963183162,201.0841467946937,70.73628224853522
gatedmoe_g,128,4,888,5,197.94866238089912,212.2783754845166,55.126927244341886
gatedmoe_g,128,4,888,6,217.88849208674245,233.35037021529354,44.47543631930205
gatedmoe_g,128,4,888,7,227.20606468734695,245.59354368003508,37.05175209791965
gatedmoe_g,128,4,888,8,241.12202024741012,258.9295933344802,32.14293609476615
gatedmoe_g,128,4,888,9,243.41297525777705,262.91236597235445,29.770841743674822
gatedmoe_g,128,4,888,10,238.67056803370534,255.7887068222217,30.374366185008284
gatedmoe_g,128,4,999,1,212.13358834511834,232.10119362274088,410.8003636341872
gatedmoe_g,128,4,999,2,176.4080199811467,191.71164766571442,160.3605791991314
gatedmoe_g,128,4,999,3,174.41289610128757,188.14665872672623,99.12069390326559
gatedmoe_g,128,4,999,4,186.92931029715558,201.11392200756728,71.61812909020968
gatedmoe_g,128,4,999,5,197.10264557912325,210.9386420810522,55.897177781926146
gatedmoe_g,128,4,999,6,210.41489663424503,223.35621442917534,45.20832637315433
gatedmoe_g,128,4,999,7,221.76707352798957,236.73733710581618,37.60104482817299
gatedmoe_g,128,4,999,8,233.71649552600948,248.92053146310835,32.55393214750369
gatedmoe_g,128,4,999,9,240.75852416760114,256.36032320678515,30.045776177126914
gatedmoe_g,128,4,999,10,234.7670630016825,248.1619080404361,30.76724309201734
gatedmoe_g,128,8,123,1,246.9539503132675,268.73309192666477,492.22610671855585
gatedmoe_g,128,8,123,2,198.6660143690953,216.22626398705847,197.59045886252218
gatedmoe_g,128,8,123,3,182.5932726687706,199.38269623796947,126.24121181820496
gatedmoe_g,128,8,123,4,179.88725910182274,195.2327386102511,92.58404681781509
gatedmoe_g,128,8,123,5,183.23129493265319,196.57922250067801,72.42571050995036
gatedmoe_g,128,8,123,6,191.98871072710457,204.2746436474403,58.806312338112775
gatedmoe_g,128,8,123,7,196.54288180690375,208.96879413906333,49.26360104849994
gatedmoe_g,128,8,123,8,203.0185470909092,215.51833148224216,43.2020091843959
gatedmoe_g,128,8,123,9,202.95693526102093,214.70933305107224,40.50297090101262
gatedmoe_g,128,8,123,10,200.45069778403217,210.09937263737177,42.20634261017648
gatedmoe_g,128,8,2026,1,220.88022754746848,241.74095007382843,428.4636895157841
gatedmoe_g,128,8,2026,2,183.00459980534922,198.83299930744656,170.11932890495774
gatedmoe_g,128,8,2026,3,179.51528225034565,194.0352009709704,104.98685595350275
gatedmoe_g,128,8,2026,4,191.38957004695496,205.7081336443501,75.72473441803338
gatedmoe_g,128,8,2026,5,197.69949679497122,211.90211208298973,59.16884551654169
gatedmoe_g,128,8,2026,6,211.78717281233048,226.76847449772816,47.95222474385595
gatedmoe_g,128,8,2026,7,225.58665702812317,242.8164809415845,40.06199630058259
gatedmoe_g,128,8,2026,8,241.4183125270803,260.4417575502794,34.902727303920436
gatedmoe_g,128,8,2026,9,244.123428592482,263.19096878288144,32.349971015856774
gatedmoe_g,128,8,2026,10,240.01828946689082,257.41975539437897,32.98031939446792
gatedmoe_g,128,8,31415,1,263.30987127519643,286.0571765673745,528.4164499507181
gatedmoe_g,128,8,31415,2,206.50152807444613,225.42695799176047,212.00502071806653
gatedmoe_g,128,8,31415,3,190.84668120368056,207.84188068608788,138.48030684486744
gatedmoe_g,128,8,31415,4,185.80426914712686,201.9478841724424,103.93581829030879
gatedmoe_g,128,8,31415,5,185.9226526886804,200.93685087999458,83.11433252966584
gatedmoe_g,128,8,31415,6,189.070741687207,203.59905528412068,69.00813215848119
gatedmoe_g,128,8,31415,7,189.50448326581858,204.6939281539358,59.14076092296782
gatedmoe_g,128,8,31415,8,195.8086040529064,211.7090834310628,52.861314746544494
gatedmoe_g,128,8,31415,9,192.82235928166654,207.84545790890633,50.73706055656023
gatedmoe_g,128,8,31415,10,187.14009962680282,199.728570384764,53.55298917868422
gatedmoe_g,128,8,42,1,252.97242554087745,276.40229642832634,496.95515843237916
gatedmoe_g,128,8,42,2,198.3400814309548,216.061535275556,203.90607681696085
gatedmoe_g,128,8,42,3,186.69183976160164,203.64362885975376,130.91294087284953
gatedmoe_g,128,8,42,4,183.5026887509788,199.08821966100015,97.19823275439649
gatedmoe_g,128,8,42,5,186.78443695932847,200.47163492605168,77.10375745865755
gatedmoe_g,128,8,42,6,189.49389668869173,203.05880339581418,63.51979258260298
gatedmoe_g,128,8,42,7,192.21104016786924,206.39727809761084,54.064892461086245
gatedmoe_g,128,8,42,8,198.53825652279653,211.91746828542395,47.82245905157755
gatedmoe_g,128,8,42,9,192.96472778605155,205.90166779589396,45.16673859105276
gatedmoe_g,128,8,42,10,187.161708577697,197.4913628669365,47.74093787929039
gatedmoe_g,128,8,5150,1,256.757523477337,279.42896722468765,510.2707427848767
gatedmoe_g,128,8,5150,2,200.9193210797019,219.01781251035484,205.01201255592844
gatedmoe_g,128,8,5150,3,185.14492820601257,202.56701874976034,132.60429830572906
gatedmoe_g,128,8,5150,4,182.00203048379655,199.17928179776558,99.22729532230609
gatedmoe_g,128,8,5150,5,182.5835726096541,197.24910951759523,78.97739945353237
gatedmoe_g,128,8,5150,6,188.35270423241153,202.14889538054584,65.20089270652058
gatedmoe_g,128,8,5150,7,190.63241811716367,205.28620929596406,55.40784498905347
gatedmoe_g,128,8,5150,8,193.89144293688932,209.13450870359452,49.05635168491121
gatedmoe_g,128,8,5150,9,193.9004765099571,208.31920894488005,46.35236703755355
gatedmoe_g,128,8,5150,10,186.34828001622753,198.4604625911325,48.75720982079077
gatedmoe_g,128,8,60486,1,264.74082050917326,286.08216894837625,542.2118252445634
gatedmoe_g,128,8,60486,2,202.39414312301344,219.42081448394924,207.58991414928622
gatedmoe_g,128,8,60486,3,183.30652033621783,198.10062548983936,132.20787123237645
gatedmoe_g,128,8,60486,4,177.9990388300408,191.85875497287861,97.36664316412188
gatedmoe_g,128,8,60486,5,182.22954211090484,195.42411287197442,76.6867791368518
gatedmoe_g,128,8,60486,6,188.45474724712426,200.12252676173287,62.78530129179057
gatedmoe_g,128,8,60486,7,190.3137938547375,202.38554455147508,53.222412876201744
gatedmoe_g,128,8,60486,8,197.25863693292285,209.55952899351936,47.21446896554579
gatedmoe_g,128,8,60486,9,194.59080992763654,206.25229078480444,44.764313529453844
gatedmoe_g,128,8,60486,10,188.60095087098026,199.48405554381537,46.85465752952808
gatedmoe_g,128,8,7,1,242.7509396407606,264.71864413581864,485.0346430237471
gatedmoe_g,128,8,7,2,187.316655894435,203.8704096667402,186.73525128183934
gatedmoe_g,128,8,7,3,179.66186980682835,193.9028184021957,115.16980810058678
gatedmoe_g,128,8,7,4,187.1180860350805,199.60077313569482,82.72671494685666
gatedmoe_g,128,8,7,5,194.45671570663654,207.9555067481172,64.08620598238389
gatedmoe_g,128,8,7,6,202.8267626145613,216.09473071855413,51.503326647566205
gatedmoe_g,128,8,7,7,216.2578234855629,230.71271097127607,42.99879074227225
gatedmoe_g,128,8,7,8,231.11517165804622,246.73309259307203,37.53771059788488
gatedmoe_g,128,8,7,9,232.02651506591155,246.6142632274158,35.162212238255755
gatedmoe_g,128,8,7,10,224.55814303989533,236.64227494452584,36.56423192005001
gatedmoe_g,128,8,777,1,253.21267173548895,275.9500669252485,499.64787941359805
gatedmoe_g,128,8,777,2,203.8574035250106,220.99665585212358,202.87784435315433
gatedmoe_g,128,8,777,3,186.7913677512619,201.9038098260829,130.56233878742222
gatedmoe_g,128,8,777,4,181.83689024575048,195.10420113172037,97.15053913762826
gatedmoe_g,128,8,777,5,183.53743945748067,195.12689634353578,77.06941515268792
gatedmoe_g,128,8,777,6,185.66371447426283,197.00093209589028,63.57559326263603
gatedmoe_g,128,8,777,7,190.22981342042138,202.49870911039616,53.94920253488988
gatedmoe_g,128,8,777,8,196.420136514619,207.37572371758478,47.66010018217634
gatedmoe_g,128,8,777,9,195.09671103285035,206.12920694425844,44.981281023285455
gatedmoe_g,128,8,777,10,188.1912275605112,198.62842474735805,46.82489784726738
gatedmoe_g,128,8,888,1,258.3111821925832,280.64746564334376,517.8510470033115
gatedmoe_g,128,8,888,2,200.25418370843184,218.05848340146338,206.06195404518544
gatedmoe_g,128,8,888,3,185.42553798442543,201.03036646154214,133.44160775923626
gatedmoe_g,128,8,888,4,181.23534807164384,196.9467562973478,99.60128124323576
gatedmoe_g,128,8,888,5,181.71126084663456,196.69548720047237,78.95527143503516
gatedmoe_g,128,8,888,6,187.93035279493333,201.77654592959684,65.0431893358029
gatedmoe_g,128,8,888,7,190.6828715814875,204.1321584406644,55.255176377207896
gatedmoe_g,128,8,888,8,195.9576232251034,208.22472968286377,48.89138882205331
gatedmoe_g,128,8,888,9,192.4535969826653,204.4634866668854,46.22229149853392
gatedmoe_g,128,8,888,10,186.6595277150605,196.71836751632046,48.82712718315854
gatedmoe_g,128,8,999,1,253.83208781971265,278.51338515276086,522.3135489413079
gatedmoe_g,128,8,999,2,195.94684338666005,214.68024325381265,201.95728688253615
gatedmoe_g,128,8,999,3,178.23175401249054,193.93958784937513,128.03846316674546
gatedmoe_g,128,8,999,4,176.89022027004285,191.29962464417065,94.15264534420312
gatedmoe_g,128,8,999,5,182.3769348996907,196.79635065120414,73.71635604793693
gatedmoe_g,128,8,999,6,189.99976382548044,202.63704874135084,59.94524656636563
gatedmoe_g,128,8,999,7,191.07098719860815,203.98302899057015,50.22042288997082
gatedmoe_g,128,8,999,8,201.54762168903315,214.5392184639729,44.037150177830604
gatedmoe_g,128,8,999,9,200.35024664420615,213.53570345020864,41.40632013434931
gatedmoe_g,128,8,999,10,194.4965093630276,205.76789812981036,42.83322050295349
learned_top1,128,0,123,1,205.527443724183,224.9777409803847,389.57348263751567
learned_top1,128,0,123,2,173.9503246305578,189.4115194517465,156.70026460607528
learned_top1,128,0,123,3,177.13205330256713,190.80711299501826,97.55382317157796
learned_top1,128,0,123,4,181.24325964548623,193.3880859060523,70.45251256108804
learned_top1,128,0,123,5,191.54313603331747,204.363547564217,54.84934310450322
learned_top1,128,0,123,6,208.54874266385187,220.17757801892097,44.24405009185632
learned_top1,128,0,123,7,219.08705950147993,232.16791590455009,36.767304598839935
learned_top1,128,0,123,8,234.146305453338,247.9043363656227,31.879203782928613
learned_top1,128,0,123,9,236.62676814334094,249.64633654196646,29.474331647634106
learned_top1,128,0,123,10,229.88060500225663,241.25916384867028,30.361389610102925
learned_top1,128,0,2026,1,207.4901459799475,226.64825379717558,390.30161752891223
learned_top1,128,0,2026,2,175.677788988936,191.0357224800211,157.1514036032484
learned_top1,128,0,2026,3,175.0633754600117,189.63982349249832,97.3329901605563
learned_top1,128,0,2026,4,184.67136828439152,198.48387500624278,70.24523951753027
learned_top1,128,0,2026,5,193.6918320705743,207.76020848083073,54.61436294556743
learned_top1,128,0,2026,6,209.36281492888443,224.02717798704856,44.024514377673654
learned_top1,128,0,2026,7,224.6041992572729,239.80027339797476,36.53351885560354
learned_top1,128,0,2026,8,239.07954252871482,255.01419106103228,31.64209839978726
learned_top1,128,0,2026,9,241.25410482817284,256.28701378486545,29.217633538471123
learned_top1,128,0,2026,10,233.87899436163212,246.13545199718413,29.908710630459115
learned_top1,128,0,31415,1,207.4017574005255,225.9277739206525,394.02969825482376
learned_top1,128,0,31415,2,172.74639230418782,187.26902540502508,156.27363021024303
learned_top1,128,0,31415,3,172.8937035006516,187.28082390972384,95.77403876544815
learned_top1,128,0,31415,4,182.27515904124516,195.96417132605808,68.6927436526024
learned_top1,128,0,31415,5,191.4799135635599,204.5644648029779,53.29601003964916
learned_top1,128,0,31415,6,204.73549733221665,218.84585453155194,42.85922542836141
learned_top1,128,0,31415,7,222.88412058448458,238.3838842509295,35.557617979586716
learned_top1,128,0,31415,8,234.13609020150534,250.3122898430512,30.792896820644142
learned_top1,128,0,31415,9,232.54671042650514,246.92159788284698,28.42625953769127
learned_top1,128,0,31415,10,228.84629570041315,241.65994113916062,28.996194291778515
learned_top1,128,0,42,1,205.59809882254802,225.1875059815898,392.1428894810439
learned_top1,128,0,42,2,175.6005527123574,190.6708806123874,157.14845172609319
learned_top1,128,0,42,3,178.46693453513012,192.92184188816526,97.18111593948657
learned_top1,128,0,42,4,183.00552157309406,195.97130221443277,70.27729895700126
learned_top1,128,0,42,5,194.64352540233187,206.3252524850457,54.690137023056906
learned_top1,128,0,42,6,211.0140857224098,223.7487800712042,44.19969146977637
learned_top1,128,0,42,7,225.67999301463357,240.88308218787947,36.78124212228049
learned_top1,128,0,42,8,238.5839154370866,255.05087567431823,31.92368421054837
learned_top1,128,0,42,9,240.81880597779204,256.5827007653661,29.509799061158372
learned_top1,128,0,42,10,234.22646204617263,246.27053696039002,30.143233277583366
learned_top1,128,0,5150,1,205.96967818964092,225.96912293941944,391.7382380877022
learned_top1,128,0,5150,2,175.10982414097927,190.58478007465416,155.47755262604537
learned_top1,128,0,5150,3,175.05612295618067,189.32377410580398,96.05411234234758
learned_top1,128,0,5150,4,185.05520891349656,198.2265357539953,69.51254351807536
learned_top1,128,0,5150,5,192.51341269051488,204.8060230371687,54.155237055916295
learned_top1,128,0,5150,6,208.62994722067717,222.6055495916497,43.774645647424734
learned_top1,128,0,5150,7,220.92354735515102,236.60670539390094,36.41617131041055
learned_top1,128,0,5150,8,233.35844536065073,249.06324209673733,31.52324040851756
learned_top1,128,0,5150,9,236.9266437919109,250.35386936072572,29.08265232708881
learned_top1,128,0,5150,10,231.92310193708747,243.76958471658742,29.654837240739266
learned_top1,128,0,60486,1,209.6316914734542,228.34191264335706,391.91485980600356
learned_top1,128,0,60486,2,174.37017818765239,187.25536854258615,156.49143159306936
learned_top1,128,0,60486,3,172.3623403623934,184.77610818781565,96.76890035162616
learned_top1,128,0,60486,4,180.23847168002504,193.29883318166307,69.74372652052638
learned_top1,128,0,60486,5,191.29637471204794,204.370335950696,54.288895249214555
learned_top1,128,0,60486,6,208.11482423489088,220.07084707293603,43.7549961760454
learned_top1,128,0,60486,7,218.60477121251463,231.27937383455787,36.27953496833991
learned_top1,128,0,60486,8,231.2857196824012,244.80973625397112,31.310859639587775
learned_top1,128,0,60486,9,235.95024090559772,249.9579108303389,28.893760744492283
learned_top1,128,0,60486,10,232.39465779206154,243.27197339278462,29.513238247449973
learned_top1,128,0,7,1,209.17000323474966,228.32837573637522,391.48022892978855
learned_top1,128,0,7,2,175.97955189922513,190.41054051756328,157.71834627936218
learned_top1,128,0,7,3,176.82416699071476,189.6297155236849,97.23256665593384
learned_top1,128,0,7,4,182.54458076243756,195.84619804086228,70.06519977322607
learned_top1,128,0,7,5,190.35208907816855,202.21789843986056,54.55039715484178
learned_top1,128,0,7,6,207.760625164415,220.22997963286244,44.05487698424107
learned_top1,128,0,7,7,220.5281999221808,234.9671494857958,36.66623935417823
learned_top1,128,0,7,8,236.05203983013354,251.66206826335366,31.73832226716322
learned_top1,128,0,7,9,239.71032626423556,255.2439514732185,29.294810415720217
learned_top1,128,0,7,10,233.42079890982936,246.8069832517182,29.82869148253549
learned_top1,128,0,777,1,205.12579165687902,224.5507258820582,390.5426755737913
learned_top1,128,0,777,2,174.8839994818062,189.02247405257035,156.48026418954947
learned_top1,128,0,777,3,172.58368964214122,186.66876404074858,96.82013776669397
learned_top1,128,0,777,4,179.1020903733103,192.1755937035445,69.83157973156855
learned_top1,128,0,777,5,192.28917166817817,204.1762765140343,54.50513129876446
learned_top1,128,0,777,6,211.65818594297428,222.71209218939438,44.11051771942489
learned_top1,128,0,777,7,221.35963802208974,233.9719663910028,36.71018891139304
learned_top1,128,0,777,8,235.18952011393333,249.10603280292284,31.745507384173916
learned_top1,128,0,777,9,237.19085064688795,250.71435634937765,29.350217567037824
learned_top1,128,0,777,10,231.21312513853098,241.82597308464165,29.81328324815254
learned_top1,128,0,888,1,207.03210240763505,226.79455408325765,391.7256238304555
learned_top1,128,0,888,2,174.59818399425868,190.3909178556227,157.08322307801856
learned_top1,128,0,888,3,174.3062504965137,189.26076896281026,96.61998585949877
learned_top1,128,0,888,4,184.40671169095916,198.98685112538934,69.53608005827319
learned_top1,128,0,888,5,194.35425365286088,207.24763796083712,54.10800705800236
learned_top1,128,0,888,6,210.8454280270542,223.9691183431282,43.667666851144084
learned_top1,128,0,888,7,224.57128878292795,239.60229227011286,36.35332148398309
learned_top1,128,0,888,8,235.26488655804286,252.51872164941412,31.5674251157282
learned_top1,128,0,888,9,240.29096710424338,257.5798827162865,29.076338545988992
learned_top1,128,0,888,10,232.61998653605266,246.66533795962027,29.548407581144527
learned_top1,128,0,999,1,207.308667315536,227.38149394193468,389.519782934082
learned_top1,128,0,999,2,174.35550315504756,189.47755289487696,155.71016133303584
learned_top1,128,0,999,3,173.30614835727326,186.7462672143796,96.69409876791092
learned_top1,128,0,999,4,181.16267419718403,195.14558498881135,69.90210808563606
learned_top1,128,0,999,5,190.61657762349435,205.7214603377879,54.62882380297097
learned_top1,128,0,999,6,208.6584588500425,223.04042282646608,44.26383272043408
learned_top1,128,0,999,7,218.3533542019448,232.08082728090733,36.86240477429358
learned_top1,128,0,999,8,228.53061065966946,243.73123454580752,31.957911085129684
learned_top1,128,0,999,9,233.20325108854502,248.98491702992146,29.55425980885492
learned_top1,128,0,999,10,227.8923724497172,241.88143344916207,30.206681678965214
learned_top1,128,4,123,1,210.76031999096026,229.81760695628273,401.51670404732727
learned_top1,128,4,123,2,180.55455156853506,195.72020260331115,161.9510182102492
learned_top1,128,4,123,3,175.04304269336737,190.30543084970853,100.32062495178442
learned_top1,128,4,123,4,184.40208903949573,200.14217374945054,72.39085639147078
learned_top1,128,4,123,5,199.95666735784533,213.90988005174125,56.49259884752101
learned_top1,128,4,123,6,212.7969343908729,227.66896111339813,45.7622871354522
learned_top1,128,4,123,7,225.06781908516342,242.02189176862436,38.24122393219503
learned_top1,128,4,123,8,237.9246076316358,254.20425265794333,33.185849665909835
learned_top1,128,4,123,9,242.73084036251038,259.24484323043123,30.63821925116329
learned_top1,128,4,123,10,234.97115145734537,250.3612754128107,31.343087765556163
learned_top1,128,4,2026,1,211.1228942830396,230.33047853561038,400.0156541923212
learned_top1,128,4,2026,2,180.87975259129442,195.49684624130848,162.1993483799101
learned_top1,128,4,2026,3,176.84543299036812,191.50598322435425,100.65766509109368
learned_top1,128,4,2026,4,182.68752497673114,198.30562166858172,72.2885059999937
learned_top1,128,4,2026,5,194.0685612224248,210.4768897630417,56.323430629807376
learned_top1,128,4,2026,6,207.85471109828092,223.45258866902103,45.55318706863568
learned_top1,128,4,2026,7,221.2146900691506,239.08336525073125,37.95059093110968
learned_top1,128,4,2026,8,234.8823689975029,254.92855872017367,32.90738802684168
learned_top1,128,4,2026,9,240.8760759988933,259.8209572208022,30.35064070082364
learned_top1,128,4,2026,10,234.26184725161514,250.7894336604394,31.079251958067903
learned_top1,128,4,31415,1,212.45553861191127,232.27188716182098,406.0363534535946
learned_top1,128,4,31415,2,177.719689865929,192.51750094146308,162.65203775760068
learned_top1,128,4,31415,3,176.48508951369533,190.0887549304062,100.31356420802264
learned_top1,128,4,31415,4,186.71500028120002,198.2120860409376,72.10148603254979
learned_top1,128,4,31415,5,197.07044817782668,210.07697060268708,55.99146427001433
learned_top1,128,4,31415,6,215.6743674444363,227.9309763129648,45.176726954564664
learned_top1,128,4,31415,7,226.54823610035356,241.83248392685948,37.6270864592607
learned_top1,128,4,31415,8,241.22176655799913,258.28924315086186,32.61982123846511
learned_top1,128,4,31415,9,246.97583030170983,262.4465686974974,30.06448848243113
learned_top1,128,4,31415,10,242.31521692957858,255.58229108567642,30.532733685810094
learned_top1,128,4,42,1,211.55484888356196,232.16943759881454,403.1470774480829
learned_top1,128,4,42,2,176.0968535186182,191.7515994242885,161.97636104315268
learned_top1,128,4,42,3,178.00199740886046,192.46275119348078,99.28146513616296
learned_top1,128,4,42,4,185.5153758654642,199.27912578107222,71.3394242361289
learned_top1,128,4,42,5,197.59019546106833,211.62115168263603,55.56594923939515
learned_top1,128,4,42,6,209.60733452470137,223.37310608546517,44.958036443064486
learned_top1,128,4,42,7,223.69927039361917,238.75172279632207,37.496917838367885
learned_top1,128,4,42,8,236.8472771350385,254.06205463742342,32.506038243584946
learned_top1,128,4,42,9,240.85099275198405,256.96747039592276,30.01330885885358
learned_top1,128,4,42,10,236.55483370517155,250.01003906036465,30.63143418944879
learned_top1,128,4,5150,1,211.34960912295443,232.0934423626286,403.3268958453042
learned_top1,128,4,5150,2,177.04791180256652,191.87244374592834,161.58335646372637
learned_top1,128,4,5150,3,178.63044652092555,192.35659174212722,99.73723134145519
learned_top1,128,4,5150,4,186.076112681294,198.59985641145565,71.80631657127445
learned_top1,128,4,5150,5,196.72243004342033,208.74424847483957,55.863737126919744
learned_top1,128,4,5150,6,210.28936949081995,221.75957557586386,45.16530826177997
learned_top1,128,4,5150,7,227.55522851127418,240.778391973144,37.62421540973786
learned_top1,128,4,5150,8,238.23563678953266,253.5922079690827,32.58761675232132
learned_top1,128,4,5150,9,243.0452016064014,257.5167127541623,30.026101529159973
learned_top1,128,4,5150,10,238.60610555588295,254.3016118837799,30.671010803295005
learned_top1,128,4,60486,1,212.04310275598175,231.4154599269187,404.1707881316171
learned_top1,128,4,60486,2,176.5950261756277,190.4638693841977,161.7010859674465
learned_top1,128,4,60486,3,174.8670242421746,187.12438925417337,99.6795612467466
learned_top1,128,4,60486,4,184.6307653523274,196.50398877739548,71.47342674000565
learned_top1,128,4,60486,5,196.48076226285295,209.89849935983304,55.37092414491079
learned_top1,128,4,60486,6,213.24108580688107,225.8800440741736,44.59325902759554
learned_top1,128,4,60486,7,226.22545578513575,242.0098224452854,36.96541654031793
learned_top1,128,4,60486,8,242.03530274640846,259.9423532612217,31.930102650423645
learned_top1,128,4,60486,9,245.1305348895145,262.1808531762984,29.408286522062543
learned_top1,128,4,60486,10,239.69808849379598,253.5634004645871,30.014101786058045
learned_top1,128,4,7,1,211.11480605365102,230.27583416721916,400.39845099542225
learned_top1,128,4,7,2,179.08603182894873,193.88126332033843,161.74499854639865
learned_top1,128,4,7,3,178.55483051674082,192.62013588001463,99.90049757397846
learned_top1,128,4,7,4,187.18218970166933,200.09725130884524,71.94416249417465
learned_top1,128,4,7,5,196.19468998991323,209.38493811504,56.02239231102501
learned_top1,128,4,7,6,209.53928731852753,222.48503373838628,45.33555846392407
learned_top1,128,4,7,7,222.59806789694247,235.79871498167302,37.81981321745183
learned_top1,128,4,7,8,238.80626261902742,252.78408968516155,32.8114907400707
learned_top1,128,4,7,9,243.72034942217556,258.2981469808013,30.329379914908976
learned_top1,128,4,7,10,237.1957416205235,249.87161362025498,30.98745850063462
learned_top1,128,4,777,1,210.14985490522588,229.553915572822,398.1300064611459
learned_top1,128,4,777,2,178.21775233243338,193.99103577446283,160.13477211638363
learned_top1,128,4,777,3,178.15925369373232,194.0165462241716,99.38201158283461
learned_top1,128,4,777,4,183.9416394864979,199.9477964198823,71.74523084727716
learned_top1,128,4,777,5,195.6933604427564,210.94604742535975,55.85982481172556
learned_top1,128,4,777,6,212.3721021199407,227.4382046905233,45.22258054295755
learned_top1,128,4,777,7,226.3270484452657,242.5085534966273,37.720587546101335
learned_top1,128,4,777,8,239.87844006631414,256.67324283717466,32.75944652196904
learned_top1,128,4,777,9,244.47599447220216,261.34861629215146,30.264076553893812
learned_top1,128,4,777,10,238.37204403655255,253.82061185662343,30.9155202774133
learned_top1,128,4,888,1,212.2791875106944,232.2220168508916,402.09378051662947
learned_top1,128,4,888,2,179.04860479883197,194.16347875579825,162.68719193674025
learned_top1,128,4,888,3,177.20943631208394,191.24898685871787,100.75612461985824
learned_top1,128,4,888,4,187.82615068554222,200.80168089550878,72.29714144889562
learned_top1,128,4,888,5,199.83800306610812,212.2888751619047,56.118629858256675
learned_top1,128,4,888,6,218.4271520380105,229.8125071483437,45.351391574278196
learned_top1,128,4,888,7,232.1151713943484,244.7186629398986,37.805617793514934
learned_top1,128,4,888,8,245.77380602993557,260.85600979488095,32.79725801803788
learned_top1,128,4,888,9,250.65822207108866,265.52253342097026,30.241327873610803
learned_top1,128,4,888,10,243.44428646539563,256.94781522333983,30.876024870714982
learned_top1,128,4,999,1,211.24684426218798,230.92825426118955,401.07439446120463
learned_top1,128,4,999,2,180.06561787372803,193.67334541322077,161.23124611431814
learned_top1,128,4,999,3,177.9418012941478,190.08981441139596,99.82291201278717
learned_top1,128,4,999,4,185.46451351978575,197.35609316608998,72.01022089397433
learned_top1,128,4,999,5,199.89889956819115,211.81835081479238,56.093260074785306
learned_top1,128,4,999,6,213.71068261258208,225.57589366124702,45.340574594483215
learned_top1,128,4,999,7,223.9758183041357,236.36309942938252,37.7653822736331
learned_top1,128,4,999,8,239.29868962413482,252.5728291606789,32.77151675763044
learned_top1,128,4,999,9,245.74311786856734,258.9766968804909,30.155971504047393
learned_top1,128,4,999,10,238.0022810549888,250.1745129672507,30.697970764565923
learned_top1,128,8,123,1,218.07926556963474,239.0048778939305,421.2078112269346
learned_top1,128,8,123,2,182.00249212399982,197.97098621737305,169.28892939873134
learned_top1,128,8,123,3,181.88396927194438,197.18117750646016,104.5377345510742
learned_top1,128,8,123,4,187.78519273200146,202.36268509499075,75.17360879389665
learned_top1,128,8,123,5,199.1894022556837,213.6502538639889,58.446037302408506
learned_top1,128,8,123,6,211.88762451932251,226.4610180089121,47.383352347395
learned_top1,128,8,123,7,229.6663741215262,244.3952345005604,39.56473902149277
learned_top1,128,8,123,8,243.83429694595367,259.7464548754362,34.445903427995084
learned_top1,128,8,123,9,249.47515127527305,266.3413289516072,31.909291742323955
learned_top1,128,8,123,10,242.0321459250506,255.37520215066684,32.51401877884975
learned_top1,128,8,2026,1,219.4336106687341,239.15135454100977,415.2100124493114
learned_top1,128,8,2026,2,180.64839358138826,196.12934762587844,168.33661201035
learned_top1,128,8,2026,3,180.9426145308762,194.7527675265102,104.01250259010742
learned_top1,128,8,2026,4,185.37796565971763,199.2897418238415,74.59582884262325
learned_top1,128,8,2026,5,196.19696593335664,210.93157574233348,58.02366444251921
learned_top1,128,8,2026,6,212.44938197825886,228.6065379639769,46.98024916850815
learned_top1,128,8,2026,7,227.40998064957475,243.9570484079655,39.229193732183624
learned_top1,128,8,2026,8,239.1125804860261,256.1455991663343,34.15813561487675
learned_top1,128,8,2026,9,240.62838284103827,257.33880006746256,31.691207111727667
learned_top1,128,8,2026,10,234.58784717548733,248.49222824685225,32.46244559326003
learned_top1,128,8,31415,1,223.43682547005494,243.9238961444114,442.62611541698124
learned_top1,128,8,31415,2,186.44232722339174,202.3063668087048,175.74157068874578
learned_top1,128,8,31415,3,183.33598339127226,197.96155446489482,108.31089311647195
learned_top1,128,8,31415,4,186.28094395808907,201.35577337716964,77.50788929959408
learned_top1,128,8,31415,5,200.77818513070451,216.42228189854518,60.1840055829921
learned_top1,128,8,31415,6,213.4025697871779,228.99762807239577,48.6525228068914
learned_top1,128,8,31415,7,224.38162698281747,242.3517697604632,40.706801941017964
learned_top1,128,8,31415,8,240.676245017814,261.4541313869334,35.40300849729584
learned_top1,128,8,31415,9,242.4387727134814,263.15531520822486,32.75757562897385
learned_top1,128,8,31415,10,241.04283608638917,258.9530648238708,33.54440033429164
learned_top1,128,8,42,1,218.9097721331348,239.68536303360307,421.80073726090905
learned_top1,128,8,42,2,181.78075821848574,196.9704801333602,169.82444273680977
learned_top1,128,8,42,3,177.39671771459817,191.59578455631475,104.22354830747523
learned_top1,128,8,42,4,187.01162009561511,200.39732837363016,74.7441276753015
learned_top1,128,8,42,5,205.74605251100053,219.17365071756083,58.168193630167245
learned_top1,128,8,42,6,213.5299433013738,226.5583232310675,47.0960820168961
learned_top1,128,8,42,7,227.09235860079522,243.17616330458324,39.27256881382163
learned_top1,128,8,42,8,243.782589968949,262.09682888724376,34.176464014618254
learned_top1,128,8,42,9,247.35524787983826,265.5077943973579,31.686418211187245
learned_top1,128,8,42,10,241.0723799068942,257.10846321628713,32.37337728889974
learned_top1,128,8,5150,1,218.8046639501357,238.8400834009374,424.81517079092214
learned_top1,128,8,5150,2,182.95052575781773,198.5946953399002,170.56048809514854
learned_top1,128,8,5150,3,182.02048752357211,195.82787219020682,105.5804840574957
learned_top1,128,8,5150,4,188.01647928225213,201.44710603494497,75.96600270518341
learned_top1,128,8,5150,5,201.37584556351118,215.48887616465322,59.161788460492204
learned_top1,128,8,5150,6,213.3377399478461,228.1984934612772,47.87504235633281
learned_top1,128,8,5150,7,225.73043098161165,242.5339415302681,39.98719820803513
learned_top1,128,8,5150,8,240.14493205771305,258.09382198576066,34.77649356162709
learned_top1,128,8,5150,9,245.3158467894193,261.3183093471068,32.31142806066354
learned_top1,128,8,5150,10,237.78418685002543,253.487241861093,33.09932704866301
learned_top1,128,8,60486,1,222.06634939642947,243.34977442868342,430.26116373424094
learned_top1,128,8,60486,2,184.60726492486504,200.29135766553864,173.25954468910675
learned_top1,128,8,60486,3,179.67836589378012,194.09954406096256,106.89780954110644
learned_top1,128,8,60486,4,187.49232993165379,200.50916744464072,76.57769261144881
learned_top1,128,8,60486,5,197.90521714720217,212.66029010049274,59.43656671330713
learned_top1,128,8,60486,6,214.71823797344126,229.0430678259889,48.02049844554453
learned_top1,128,8,60486,7,227.23102347396133,244.01923024048796,39.9819738808571
learned_top1,128,8,60486,8,242.4509716515601,262.64081251427297,34.63851621131809
learned_top1,128,8,60486,9,249.49413445858528,269.7214782329237,32.06341758444816
learned_top1,128,8,60486,10,241.98508458966555,258.7625494577351,32.94492417057142
learned_top1,128,8,7,1,218.85416691830534,237.96180592452706,423.88397075501024
learned_top1,128,8,7,2,180.80304171056312,196.1552513349471,169.5960961471146
learned_top1,128,8,7,3,178.91316055855816,191.78339445194234,104.81267606764919
learned_top1,128,8,7,4,189.8425468499029,202.5943851471424,75.53484797322244
learned_top1,128,8,7,5,195.21418853008115,207.7235977480534,58.8344425709451
learned_top1,128,8,7,6,212.6627717957875,225.75961292317265,47.622198747606866
learned_top1,128,8,7,7,225.535778535329,240.66218362143638,39.799203155360544
learned_top1,128,8,7,8,240.93834226703913,255.45704975347738,34.69894088077116
learned_top1,128,8,7,9,240.99865654663088,254.98266298508617,32.1895983984654
learned_top1,128,8,7,10,233.903747038563,247.09863107228873,33.04065171467744
learned_top1,128,8,777,1,219.3568762956571,238.1327205921005,416.70901302058206
learned_top1,128,8,777,2,181.96932920864793,196.945583292654,168.82956779756253
learned_top1,128,8,777,3,178.82786558607313,193.64853255805505,104.34066829576594
learned_top1,128,8,777,4,185.82992796707563,199.0765083601259,74.86139227710201
learned_top1,128,8,777,5,198.62048645174931,211.89229686011453,58.20488373582609
learned_top1,128,8,777,6,212.05497799427008,223.83318512157373,47.20225408270267
learned_top1,128,8,777,7,224.46013707853345,239.55429752973873,39.37275402030735
learned_top1,128,8,777,8,240.0748063504456,256.5405714404818,34.14873102546508
learned_top1,128,8,777,9,247.1540843689599,263.2103354478792,31.633654268947062
learned_top1,128,8,777,10,242.03502537120775,255.1210667953116,32.50390019936287
learned_top1,128,8,888,1,222.7387732704066,242.65142373428108,423.33328026450954
learned_top1,128,8,888,2,185.34895502317465,201.13503618583064,171.3889034579792
learned_top1,128,8,888,3,182.30388653511994,196.93439137187278,106.22424653899373
learned_top1,128,8,888,4,186.65947386257815,200.9619286366758,76.39851415899815
learned_top1,128,8,888,5,196.80708913793077,210.18353864348168,59.36556699135337
learned_top1,128,8,888,6,213.83434050795216,228.5604044304611,48.00028733103908
learned_top1,128,8,888,7,227.3215447194517,242.28142540737178,40.108862154552924
learned_top1,128,8,888,8,240.05468432589328,255.6507228385806,34.897040650465385
learned_top1,128,8,888,9,243.51082005543535,259.7116464472578,32.45500331076832
learned_top1,128,8,888,10,237.49951973342212,251.79482981681838,33.321272195275895
learned_top1,128,8,999,1,223.38258645664595,243.01116768853555,426.77967422308706
learned_top1,128,8,999,2,184.4590172023319,199.99906669650875,171.36408848577761
learned_top1,128,8,999,3,179.54215892639775,194.1547026554277,105.94177898511161
learned_top1,128,8,999,4,186.1036904938563,200.1879167579187,75.90696952956405
learned_top1,128,8,999,5,197.74944189200767,212.74785162667402,59.065046761323494
learned_top1,128,8,999,6,210.5726515591701,223.8081055183406,47.740444230674186
learned_top1,128,8,999,7,221.017082132456,234.84055711041745,39.826551265193906
learned_top1,128,8,999,8,234.69955348533608,250.2314084554565,34.680787496608026
learned_top1,128,8,999,9,243.22841270338,258.52472794482435,32.225678498518704
learned_top1,128,8,999,10,238.0800733272976,252.02960763568518,33.08439679748522
learned_top1_aux0,128,4,123,1,209.14105213265813,228.23122096109765,395.5685953423287
learned_top1_aux0,128,4,123,2,177.01009432769033,192.1360203356426,159.6671732811991
learned_top1_aux0,128,4,123,3,174.17934970846787,189.1823703033623,98.79095899174683
learned_top1_aux0,128,4,123,4,182.56060634659053,195.73042654238031,71.29372793788455
learned_top1_aux0,128,4,123,5,193.4225362687248,206.14773359955808,55.685927901413656
learned_top1_aux0,128,4,123,6,209.6560436916594,223.6314107053438,44.96399723412562
learned_top1_aux0,128,4,123,7,222.56413325686597,238.08006682033067,37.375246572697826
learned_top1_aux0,128,4,123,8,235.98937583025437,252.15453091749492,32.215902471919584
learned_top1_aux0,128,4,123,9,240.6561342996069,257.73966674138404,29.602325159311455
learned_top1_aux0,128,4,123,10,235.37265031446424,250.87456719238105,30.229513962063123
learned_top1_aux0,128,4,2026,1,205.35807767756407,224.89879436538286,389.83449228299503
learned_top1_aux0,128,4,2026,2,175.9315598713023,190.46575605572093,157.79609977401
learned_top1_aux0,128,4,2026,3,173.11725641043617,187.78526140480383,97.85674266146955
learned_top1_aux0,128,4,2026,4,180.94524138210633,196.18463824813554,70.51965309003246
learned_top1_aux0,128,4,2026,5,193.53624871622867,206.9428728199116,54.95504661357818
learned_top1_aux0,128,4,2026,6,207.4885031000075,222.61178829514077,44.29755391948008
learned_top1_aux0,128,4,2026,7,223.23006665157877,238.47209799308712,36.81520490765937
learned_top1_aux0,128,4,2026,8,234.4139915757857,250.84706141904462,31.8963994270873
learned_top1_aux0,128,4,2026,9,243.83472001007394,259.4812739592863,29.408249586232195
learned_top1_aux0,128,4,2026,10,236.55042324443374,250.69671095085144,30.072056028169204
learned_top1_aux0,128,4,31415,1,208.92464429251618,228.35956657560897,394.14994297765367
learned_top1_aux0,128,4,31415,2,176.61488317762564,191.97062673128778,158.24977444599378
learned_top1_aux0,128,4,31415,3,178.30016781182766,191.99590431075015,98.16648151049866
learned_top1_aux0,128,4,31415,4,187.82974751939128,200.8753223040421,71.03439719992578
learned_top1_aux0,128,4,31415,5,196.11761909923712,209.31589709535763,55.441003311521605
learned_top1_aux0,128,4,31415,6,208.55476536756393,221.27748337726504,44.80828305738394
learned_top1_aux0,128,4,31415,7,225.03016800088673,240.08476039326766,37.3085464708823
learned_top1_aux0,128,4,31415,8,236.5386159747038,253.54141547057824,32.32511269887239
learned_top1_aux0,128,4,31415,9,244.7770476372817,261.6080313191009,29.721906700562517
learned_top1_aux0,128,4,31415,10,239.74052715599387,252.9271038831038,30.60672270741117
learned_top1_aux0,128,4,42,1,209.08552205511828,228.8814302357656,392.6867939796308
learned_top1_aux0,128,4,42,2,176.36713776520003,192.14202224610298,158.06297110646253
learned_top1_aux0,128,4,42,3,174.60671678076633,190.06689707737704,97.15092233103891
learned_top1_aux0,128,4,42,4,185.032672445287,198.62148309026088,69.93750437557271
learned_top1_aux0,128,4,42,5,194.2214540201829,208.6424131523809,54.486030642704996
learned_top1_aux0,128,4,42,6,205.00956770090303,217.6221632149627,43.99217300254641
learned_top1_aux0,128,4,42,7,219.71634253419703,234.8739920689492,36.59588017680216
learned_top1_aux0,128,4,42,8,232.2582117612061,248.0041848125821,31.691830932534938
learned_top1_aux0,128,4,42,9,236.72387231357754,252.6909227785028,29.197490115004733
learned_top1_aux0,128,4,42,10,235.49577349033885,249.8950149473563,29.920698333536333
learned_top1_aux0,128,4,5150,1,208.71106882202335,229.52735347914134,395.36924661327055
learned_top1_aux0,128,4,5150,2,177.2050501750053,193.34302952197848,158.65712893777868
learned_top1_aux0,128,4,5150,3,174.85065459458608,188.86443167808415,98.4399209517675
learned_top1_aux0,128,4,5150,4,183.9864759226591,198.0237298478781,71.41499341221798
learned_top1_aux0,128,4,5150,5,197.4596179515372,211.44412506166583,55.689076176735334
learned_top1_aux0,128,4,5150,6,210.82645236827847,224.51823224496036,44.92697103828622
learned_top1_aux0,128,4,5150,7,225.3644991573558,240.75309023566132,37.21610143467945
learned_top1_aux0,128,4,5150,8,235.49895829617645,254.0644547155437,32.02734725066481
learned_top1_aux0,128,4,5150,9,244.1198884721478,262.91256348362094,29.53234565976437
learned_top1_aux0,128,4,5150,10,236.67394249224157,252.9144725271071,30.33506191763002
learned_top1_aux0,128,4,60486,1,210.04181799767093,229.32292704174733,397.0356714923194
learned_top1_aux0,128,4,60486,2,177.30737051126138,191.81391338847823,159.1363843444289
learned_top1_aux0,128,4,60486,3,175.3463922541256,188.81758036199827,98.06884465949207
learned_top1_aux0,128,4,60486,4,185.35461968064715,197.65560354277648,70.70020556792623
learned_top1_aux0,128,4,60486,5,197.54690331097186,210.63735307264508,55.029763958891905
learned_top1_aux0,128,4,60486,6,210.58989558923437,223.74036869338772,44.20662929398844
learned_top1_aux0,128,4,60486,7,224.91565732610138,238.07583214553392,36.52525983801099
learned_top1_aux0,128,4,60486,8,237.0503414428343,252.64442152988207,31.435835070109846
learned_top1_aux0,128,4,60486,9,244.83057739267247,259.9945941531727,28.863817656484756
learned_top1_aux0,128,4,60486,10,237.84861598337588,251.08363127140805,29.518465541740163
learned_top1_aux0,128,4,7,1,210.0262127975858,229.33957046260787,393.2126221781244
learned_top1_aux0,128,4,7,2,176.75666800166704,191.8436311363553,157.91145250853302
learned_top1_aux0,128,4,7,3,176.70089557070358,191.2612460458466,97.52271952369767
learned_top1_aux0,128,4,7,4,185.95409428642853,200.15445015705507,70.58315258041993
learned_top1_aux0,128,4,7,5,197.43938729852087,211.9079516747593,55.00997262094287
learned_top1_aux0,128,4,7,6,213.35983388119223,226.311725983497,44.476678840470804
learned_top1_aux0,128,4,7,7,227.660748010156,241.1528641191004,37.00388249680791
learned_top1_aux0,128,4,7,8,240.1588613073863,256.47344865179946,32.06255548385673
learned_top1_aux0,128,4,7,9,245.03162395311412,260.1640659922589,29.548368250085808
learned_top1_aux0,128,4,7,10,239.3192555688231,251.60671162351963,30.07022801894767
learned_top1_aux0,128,4,777,1,206.3625129823702,225.13781784254726,391.30665044093274
learned_top1_aux0,128,4,777,2,177.50169570966798,192.1827968104008,157.23083911356673
learned_top1_aux0,128,4,777,3,176.60596211142405,189.78525393204603,97.53012432842138
learned_top1_aux0,128,4,777,4,181.90064168877956,195.167262196787,70.60130421545682
learned_top1_aux0,128,4,777,5,190.00105810056658,202.82166077218153,55.17325508016182
learned_top1_aux0,128,4,777,6,205.02195600114865,217.97404183869864,44.76606249471863
learned_top1_aux0,128,4,777,7,220.39006198235708,234.07673081051394,37.297186410277305
learned_top1_aux0,128,4,777,8,233.69019324515537,249.02338810610829,32.20187797347077
learned_top1_aux0,128,4,777,9,241.75560244471055,257.208725841388,29.84590521871412
learned_top1_aux0,128,4,777,10,233.92492821003648,247.35351962815005,30.763890037858168
learned_top1_aux0,128,4,888,1,208.77424841457156,228.19101214106576,393.3030548238333
learned_top1_aux0,128,4,888,2,177.0380196870388,192.84466624034016,158.35964690874184
learned_top1_aux0,128,4,888,3,176.09273482639037,189.0934917390278,97.9335030000976
learned_top1_aux0,128,4,888,4,184.83628529359157,196.38960769926007,70.8302636838381
learned_top1_aux0,128,4,888,5,196.19804220043503,208.82320564635765,55.190987641124536
learned_top1_aux0,128,4,888,6,211.24093342052788,224.57730507227802,44.495906877888515
learned_top1_aux0,128,4,888,7,230.82011172972514,244.666551667936,36.915598119037725
learned_top1_aux0,128,4,888,8,242.89201697736073,255.9439774549082,31.837855662356308
learned_top1_aux0,128,4,888,9,244.8657091608887,257.42112646226315,29.52944763538155
learned_top1_aux0,128,4,888,10,241.92052372717194,255.5523378362158,30.054816459765117
learned_top1_aux0,128,4,999,1,209.91450225883042,229.0974371793634,393.9975908126936
learned_top1_aux0,128,4,999,2,174.71832155284628,188.87382848563897,157.05948014320913
learned_top1_aux0,128,4,999,3,172.80784436203356,184.5607595631338,97.00640651765337
learned_top1_aux0,128,4,999,4,181.8872875988234,193.56306310401237,69.89509641810416
learned_top1_aux0,128,4,999,5,190.948392060755,203.3599369550696,54.29299237764166
learned_top1_aux0,128,4,999,6,210.23670033018294,222.2889223847947,43.671942552253164
learned_top1_aux0,128,4,999,7,223.59750885016814,237.18565423463755,36.14323224573888
learned_top1_aux0,128,4,999,8,237.0804314028933,252.91486504308463,31.125826548833672
learned_top1_aux0,128,4,999,9,246.32740344042253,263.5963946205678,28.653304758180415
learned_top1_aux0,128,4,999,10,239.53792746913638,254.34484491157448,29.498886599386463
learned_top1_aux0,128,8,123,1,210.08635246684216,230.1561726123394,400.5025262495795
learned_top1_aux0,128,8,123,2,175.8928228449714,191.46212499286213,161.17482673137496
learned_top1_aux0,128,8,123,3,180.3051573682669,194.72702187034847,100.51863972277368
learned_top1_aux0,128,8,123,4,183.67402633576725,196.3749782867959,72.82688179419752
learned_top1_aux0,128,8,123,5,197.88086362679795,208.52210436416897,56.79029058319201
learned_top1_aux0,128,8,123,6,208.12176342696065,219.577750391559,45.90037955914411
learned_top1_aux0,128,8,123,7,221.7334361620901,234.92072362021133,38.096124337804724
learned_top1_aux0,128,8,123,8,234.80331361643366,249.93078888338638,32.97755324294208
learned_top1_aux0,128,8,123,9,245.41059869870608,259.98827267034557,30.312143325722946
learned_top1_aux0,128,8,123,10,235.70048126403796,249.09990770890798,30.95630219566265
learned_top1_aux0,128,8,2026,1,209.84482412978159,228.43193360733213,396.10122083079773
learned_top1_aux0,128,8,2026,2,175.66377607412616,189.87073617534887,159.75869680304675
learned_top1_aux0,128,8,2026,3,172.58653193142194,185.8593610693482,99.35166588769435
learned_top1_aux0,128,8,2026,4,177.26127153216385,193.06596431953238,71.6401484017712
learned_top1_aux0,128,8,2026,5,189.7725672178022,204.8678266305264,55.66946341485916
learned_top1_aux0,128,8,2026,6,203.99618769939576,219.4712183942806,44.76130855310697
learned_top1_aux0,128,8,2026,7,227.50970945179438,241.9231546039057,37.04040380871279
learned_top1_aux0,128,8,2026,8,231.28125084082498,246.27944303982798,31.876362346395712
learned_top1_aux0,128,8,2026,9,234.2495844557773,248.83358161297943,29.321132529841616
learned_top1_aux0,128,8,2026,10,227.62859730836382,239.6436375534203,30.305627979703534
learned_top1_aux0,128,8,31415,1,216.09963845369447,235.91567376758067,405.99195138286024
learned_top1_aux0,128,8,31415,2,175.12871695505316,189.39969747632372,160.79991639725816
learned_top1_aux0,128,8,31415,3,168.48036957186972,181.48055037362732,99.0293203294164
learned_top1_aux0,128,8,31415,4,178.38081515009637,191.26039254902184,71.24516178379616
learned_top1_aux0,128,8,31415,5,186.88094554854692,198.30057974935423,55.34823631872186
learned_top1_aux0,128,8,31415,6,202.49092914862146,213.2063203765842,44.54379707328405
learned_top1_aux0,128,8,31415,7,221.55316393583445,232.06200981422077,36.74844128133212
learned_top1_aux0,128,8,31415,8,233.4374679371136,247.03023932190257,31.600812507740752
learned_top1_aux0,128,8,31415,9,233.52140266010875,248.3164172886067,29.130575136445177
learned_top1_aux0,128,8,31415,10,232.4454042250124,245.0232186252443,29.597001009892477
learned_top1_aux0,128,8,42,1,207.99279532516076,226.9616880237543,393.5431418215884
learned_top1_aux0,128,8,42,2,176.73977798226343,190.9313705233654,157.76786120167407
learned_top1_aux0,128,8,42,3,177.22937163277987,191.72218916726902,97.31293924190547
learned_top1_aux0,128,8,42,4,184.5795804702605,198.47459024209834,70.14491255641087
learned_top1_aux0,128,8,42,5,194.4214852654962,208.29583201350994,54.617028907208194
learned_top1_aux0,128,8,42,6,207.54875358724797,220.93230822236023,44.05410846244204
learned_top1_aux0,128,8,42,7,227.92405991884877,243.26470373332404,36.412107134032254
learned_top1_aux0,128,8,42,8,240.2358394287538,258.5493816336657,31.43782436729784
learned_top1_aux0,128,8,42,9,244.69886834257895,261.792601647876,28.851923955144628
learned_top1_aux0,128,8,42,10,237.4065655896515,252.58921922913242,29.560170704481408
learned_top1_aux0,128,8,5150,1,212.51546358688876,233.04369100568698,409.72342283879846
learned_top1_aux0,128,8,5150,2,178.00220282792327,192.86164926093238,162.4784459946716
learned_top1_aux0,128,8,5150,3,176.62031416633843,190.27044085553354,100.57532376166999
learned_top1_aux0,128,8,5150,4,183.00766504937286,196.90457593210826,72.6642259617345
learned_top1_aux0,128,8,5150,5,198.89257284529145,211.98989260478243,56.754734153189105
learned_top1_aux0,128,8,5150,6,207.14919324990916,221.8106434525242,45.70226921560533
learned_top1_aux0,128,8,5150,7,229.88138244540795,244.56115224451096,37.87356810109656
learned_top1_aux0,128,8,5150,8,239.5781979291797,254.19320641150952,32.65503910352936
learned_top1_aux0,128,8,5150,9,235.761406811076,250.3586794404798,30.086039723533187
learned_top1_aux0,128,8,5150,10,234.00146185305078,248.4214090700611,30.686016027584888
learned_top1_aux0,128,8,60486,1,212.89695649474947,232.5900536225528,399.12815493087857
learned_top1_aux0,128,8,60486,2,181.34052526878128,196.0715729230872,160.77919762287698
learned_top1_aux0,128,8,60486,3,180.4622696156876,194.86681415703796,99.46320443120221
learned_top1_aux0,128,8,60486,4,185.67915156260207,199.7542647350996,71.70359716795052
learned_top1_aux0,128,8,60486,5,198.98669887725276,212.96388635092336,55.790581724881484
learned_top1_aux0,128,8,60486,6,207.37147473216862,220.25115381804142,44.744122812901345
learned_top1_aux0,128,8,60486,7,226.83967495877363,241.6140395041678,37.1509069070313
learned_top1_aux0,128,8,60486,8,241.14766897532465,256.3687741980951,32.06095791560672
learned_top1_aux0,128,8,60486,9,246.01301602181545,261.96763988956576,29.397112405286357
learned_top1_aux0,128,8,60486,10,242.41408235589114,255.82601496828855,29.876893847550516
learned_top1_aux0,128,8,7,1,215.95516319035488,234.8895009468383,410.55014513091805
learned_top1_aux0,128,8,7,2,181.20031877950825,195.90104047630592,163.555039890819
learned_top1_aux0,128,8,7,3,181.88294528916126,195.5694571210885,101.23289523167027
learned_top1_aux0,128,8,7,4,188.20044124331196,202.2869432528194,72.99726153124446
learned_top1_aux0,128,8,7,5,197.41467342798146,211.4564288518646,56.98968552517327
learned_top1_aux0,128,8,7,6,210.18503649247305,223.6204616933741,45.89165774993494
learned_top1_aux0,128,8,7,7,224.96955732717524,239.69432425361694,38.13605946102675
learned_top1_aux0,128,8,7,8,235.88653206440293,253.70607834448802,33.05581370801794
learned_top1_aux0,128,8,7,9,240.29246434734702,256.92595748729684,30.26035109751349
learned_top1_aux0,128,8,7,10,236.42853162838296,250.86856902005096,31.11265837832827
learned_top1_aux0,128,8,777,1,210.1617310641712,229.5237830510891,400.3388415345696
learned_top1_aux0,128,8,777,2,178.69889306045891,194.3273986473891,160.86428008092835
learned_top1_aux0,128,8,777,3,182.89322842011347,197.4051519457764,99.85887070038494
learned_top1_aux0,128,8,777,4,189.38957514387792,202.1920418168722,72.30028881434511
learned_top1_aux0,128,8,777,5,199.7708804038259,212.55728443060843,56.46021094601382
learned_top1_aux0,128,8,777,6,211.16570674207938,225.85560584178504,45.51638154724079
learned_top1_aux0,128,8,777,7,229.18120798044586,242.22043279678545,37.65865183109698
learned_top1_aux0,128,8,777,8,241.32518518307032,255.52691700260976,32.714389325523825
learned_top1_aux0,128,8,777,9,243.00407963269222,258.3289171131202,29.962034883345577
learned_top1_aux0,128,8,777,10,239.162772731761,251.779695269022,30.860697407329297
learned_top1_aux0,128,8,888,1,217.9608218690671,237.7577412760605,410.64946542107845
learned_top1_aux0,128,8,888,2,178.7751023268067,193.5661960390198,164.04031366577476
learned_top1_aux0,128,8,888,3,179.43763075921112,193.3396044901621,100.87458351915167
learned_top1_aux0,128,8,888,4,188.4090484075352,202.41698393518098,72.73851992572233
learned_top1_aux0,128,8,888,5,200.89323139303116,212.8137912685339,56.98002102319197
learned_top1_aux0,128,8,888,6,213.16912213695753,225.90964945587035,46.153284467225895
learned_top1_aux0,128,8,888,7,229.46283834726702,241.15457271258813,38.43399846530308
learned_top1_aux0,128,8,888,8,238.72007060240034,252.864118348449,33.25198103851038
learned_top1_aux0,128,8,888,9,248.00813939586314,260.9499544437454,30.515645736609958
learned_top1_aux0,128,8,888,10,239.0264062539569,250.63432594176763,31.056920888455746
learned_top1_aux0,128,8,999,1,213.37788072444553,233.768662675065,399.856772498931
learned_top1_aux0,128,8,999,2,178.6943375911918,194.60565518214293,160.92260623211496
learned_top1_aux0,128,8,999,3,176.53541126581743,190.62245268910132,99.84384097724259
learned_top1_aux0,128,8,999,4,187.64090494559903,202.07170368382876,72.26425107884069
learned_top1_aux0,128,8,999,5,197.91678992602328,211.44151791053662,56.49097220235496
learned_top1_aux0,128,8,999,6,212.66222727445088,226.0209314429944,45.638250411301016
learned_top1_aux0,128,8,999,7,227.36453893083308,242.21994464758993,37.81250825876912
learned_top1_aux0,128,8,999,8,238.34734665665977,255.22430183786122,32.55755942026471
learned_top1_aux0,128,8,999,9,244.39834320733235,261.8018229235474,30.155872519993107
learned_top1_aux0,128,8,999,10,239.13196237501603,252.99815819570568,30.764944666736767
random,128,0,123,1,204.81894885513546,224.11975750218946,388.0327008716196
random,128,0,123,2,176.86170307917962,192.4508374713078,156.50465470213604
random,128,0,123,3,176.14173071455502,190.69644942458828,97.16780161585275
random,128,0,123,4,183.71102009375667,197.38293760140584,70.06610251282
random,128,0,123,5,191.96388453687388,206.04916708437324,54.61803730070297
random,128,0,123,6,208.4377302767186,223.46078215040578,44.092688457839856
random,128,0,123,7,215.2349192226543,231.37106909948716,36.72137703065976
random,128,0,123,8,228.9085947391171,245.010845325374,31.87284588200703
random,128,0,123,9,233.68999847304454,249.32068208865422,29.482263248632645
random,128,0,123,10,230.89810635633793,244.55761308924357,30.243327619436158
random,128,0,2026,1,207.89074632331946,226.92198460542923,388.35726233269077
random,128,0,2026,2,176.7237315510646,191.48491940726313,155.75879921924468
random,128,0,2026,3,177.69964242878305,192.17382149708254,96.09155551834988
random,128,0,2026,4,183.47280778828258,197.58058181583075,69.35565388335576
random,128,0,2026,5,192.87018813249267,207.72729628292558,54.13527319690957
random,128,0,2026,6,208.57627286167153,223.35342523328768,43.757750229875974
random,128,0,2026,7,219.99731858235705,235.68799738294203,36.38774018096431
random,128,0,2026,8,233.66586484286415,250.48897415741376,31.579442542244482
random,128,0,2026,9,241.4432313710722,259.12419257268664,29.222052254434722
random,128,0,2026,10,233.67500057163446,247.50601913129267,29.82703600654634
random,128,0,31415,1,206.87277560528358,225.44186234472681,391.905607267565
random,128,0,31415,2,174.5897201842598,188.44320410169496,155.67472367286595
random,128,0,31415,3,175.11038898719346,189.46206874154677,95.70052478396242
random,128,0,31415,4,178.26984963391143,191.0191692054391,68.70350953084076
random,128,0,31415,5,189.92726348199008,201.48569220783511,53.244701429573865
random,128,0,31415,6,207.80905590594767,219.82938572815627,42.83305299856528
random,128,0,31415,7,220.295250424921,233.8909820582069,35.614838938993806
random,128,0,31415,8,232.57126804919716,245.38581547435479,30.907563107898774
random,128,0,31415,9,235.93768551943603,248.20091851536472,28.541012741724565
random,128,0,31415,10,230.16593267337566,241.21945289515887,28.992341313400843
random,128,0,42,1,206.39422875716284,226.0922003714223,389.6693988884934
random,128,0,42,2,175.6664684774094,189.98521595406325,156.33390413214997
random,128,0,42,3,179.05574576104925,192.87212211720467,96.55229965475777
random,128,0,42,4,185.69808939783206,200.00580277813924,69.63956640119498
random,128,0,42,5,195.4613206753279,207.5993314407295,54.31690435370021
random,128,0,42,6,209.5090728478335,222.4334373682179,43.93169772497893
random,128,0,42,7,223.89289583519277,238.440391517451,36.57929186795595
random,128,0,42,8,237.13183426043483,252.86200488214823,31.738441297351415
random,128,0,42,9,240.22200678500414,256.1561990409771,29.298985611668485
random,128,0,42,10,235.738988157081,248.43180329177966,29.88902246692474
random,128,0,5150,1,205.75259365546464,225.9148272904643,389.98004844004737
random,128,0,5150,2,173.496369857445,188.8859413714138,155.48646749456842
random,128,0,5150,3,176.36622823269704,190.6481487964206,96.1310410195035
random,128,0,5150,4,184.80096876756735,198.18868161333086,69.64453324972067
random,128,0,5150,5,194.58246697221924,208.66610870590617,54.38996225841898
random,128,0,5150,6,212.82696636146576,227.52909556615955,44.079890311000945
random,128,0,5150,7,223.64911241898645,239.82304005646873,36.82392379596584
random,128,0,5150,8,237.1585666682227,254.69028755155617,31.953563859399097
random,128,0,5150,9,237.26068441394443,253.3739928703938,29.505476940461936
random,128,0,5150,10,230.87208054995472,244.54929842115303,29.995380024348897
random,128,0,60486,1,207.7674901065132,227.50623307067755,390.0715686244561
random,128,0,60486,2,173.61326987810324,187.81289674281157,155.77279366372673
random,128,0,60486,3,176.0142497103215,189.0843502370367,96.41216187733829
random,128,0,60486,4,183.97327905846865,196.86066267570678,69.49706112110569
random,128,0,60486,5,191.83599051147434,203.7613374529932,54.08591831251159
random,128,0,60486,6,207.63351654664586,220.60443715403576,43.62886559003378
random,128,0,60486,7,217.37274158320017,233.5532376574944,36.19206716902119
random,128,0,60486,8,231.395486406025,247.1347940144257,31.233349379522018
random,128,0,60486,9,232.20372575247276,245.7230286845777,28.778288570166627
random,128,0,60486,10,228.8520655063383,239.91605584651467,29.343789097570397
random,128,0,7,1,208.1588859042689,227.96758796512324,389.705630745523
random,128,0,7,2,175.82759291747442,190.67104186495206,156.575664302889
random,128,0,7,3,176.97166798501806,190.9624780428372,96.3951901220175
random,128,0,7,4,183.4531008241449,196.76512571779523,69.38780193216544
random,128,0,7,5,195.02295035104464,208.74374985133545,53.98047481014267
random,128,0,7,6,211.2529203362554,223.88971288304253,43.58493234442776
random,128,0,7,7,222.14246850602092,234.9093021941086,36.314273132931845
random,128,0,7,8,237.9719672959261,252.59574714699352,31.56844170168429
random,128,0,7,9,239.2272235982331,254.78384434272377,29.136009121074213
random,128,0,7,10,232.43939386974014,246.62193141799645,29.69204763754409
random,128,0,777,1,205.4416265579916,224.96634655054697,387.63311592171453
random,128,0,777,2,172.71823379304928,187.35085180919538,155.2903006533522
random,128,0,777,3,171.9543017250654,184.96411260795887,96.11946185114834
random,128,0,777,4,177.6374430482312,190.0958456130014,69.31564516354031
random,128,0,777,5,190.47332137590647,202.93408508739657,53.99266152569978
random,128,0,777,6,205.17850984087383,218.44462197910087,43.63723832563443
random,128,0,777,7,218.49684492779193,232.25493899798835,36.31311944549071
random,128,0,777,8,231.41755597885344,246.76594174835586,31.46737591513084
random,128,0,777,9,235.96772217899118,250.47754512781367,29.055927674563716
random,128,0,777,10,230.0834898138807,243.15450576367158,29.750463176745846
random,128,0,888,1,208.28105983056716,227.90392536789926,390.36255542336943
random,128,0,888,2,177.210780506958,192.96860828455266,156.34547225628495
random,128,0,888,3,176.35579332593616,190.46582717040818,96.15773814267507
random,128,0,888,4,183.3334386378251,197.9086244097736,69.19114655589502
random,128,0,888,5,191.31132648852062,204.8142081407231,53.809459005654574
random,128,0,888,6,209.2782927727481,222.27779612323698,43.48054463449367
random,128,0,888,7,223.7502608785201,238.9986764816092,36.17652509283434
random,128,0,888,8,235.4732998937896,253.63311148638067,31.401608047498403
random,128,0,888,9,238.52378972851457,255.81143329225281,29.056019812140057
random,128,0,888,10,233.81765020617274,248.0895167774375,29.46124966642877
random,128,0,999,1,205.65169239904054,225.3890844583091,387.4796969349797
random,128,0,999,2,172.34160517620847,186.88472026244077,153.7578503812248
random,128,0,999,3,174.27494173974566,187.06268068752692,95.41315770549737
random,128,0,999,4,179.3773257825775,192.18905003842642,69.0659651487967
random,128,0,999,5,188.32063068916847,200.52030003061236,53.917385482534705
random,128,0,999,6,205.08717614916938,217.26215701310863,43.55129319357425
random,128,0,999,7,214.40983580938834,228.31381154112597,36.1893715335666
random,128,0,999,8,226.5330593229239,241.1004633683781,31.324347889655222
random,128,0,999,9,231.59111853148818,247.5645584391124,28.955826316775227
random,128,0,999,10,227.1943687887307,241.42516045620812,29.793954411412226
random,128,4,123,1,213.01566145254301,232.715052838377,399.6890779760178
random,128,4,123,2,178.8749611515549,194.56117459398615,160.63447387743776
random,128,4,123,3,178.16110339324402,192.45419048488012,99.53317160465801
random,128,4,123,4,186.55385342884992,199.9797144323876,72.01685231270295
random,128,4,123,5,195.4845022391169,207.61557128162318,56.102404109185336
random,128,4,123,6,211.1189529138506,222.3393480189859,45.36934087124287
random,128,4,123,7,224.19525162644436,238.38985201605874,37.77940067879406
random,128,4,123,8,241.0776639052144,256.43539086191674,32.776600506838456
random,128,4,123,9,244.38840142700388,260.493237519369,30.21673147798557
random,128,4,123,10,238.2736059481157,252.35088458507462,30.79435495863029
random,128,4,2026,1,211.0529960244929,230.60382544210952,396.5807101692593
random,128,4,2026,2,177.76160644892676,192.4810669170129,160.4304714859195
random,128,4,2026,3,176.0356546066513,189.94457440144728,99.17011642773478
random,128,4,2026,4,188.37660295022224,201.53318737976483,71.48726932275395
random,128,4,2026,5,199.08350116328808,211.79203453454357,55.71174080450894
random,128,4,2026,6,213.29350595473184,226.6436464118979,44.98691526082605
random,128,4,2026,7,225.33760451695437,241.79464516723195,37.50413574050854
random,128,4,2026,8,242.49732388629772,261.39661966810587,32.55522561821741
random,128,4,2026,9,246.30483278635845,265.0292880186361,30.114977360441113
random,128,4,2026,10,239.71961378603416,255.25784513988515,30.554151998820366
random,128,4,31415,1,213.80277764714455,233.9527230089084,408.6091875218576
random,128,4,31415,2,177.6963043759402,193.15739561309528,161.97623870810057
random,128,4,31415,3,176.5899356131621,190.84793995950736,100.1117312555194
random,128,4,31415,4,187.89667293097014,200.8883675354484,72.11856841539682
random,128,4,31415,5,195.2215220747772,207.32509826062858,56.16277598504272
random,128,4,31415,6,210.147161957638,223.262607513891,45.42934397076829
random,128,4,31415,7,227.89952909653422,242.54196946294076,37.82451642687325
random,128,4,31415,8,240.38820520950296,256.6818253846992,32.708111162504586
random,128,4,31415,9,244.84635800487894,260.391358376751,30.302732112518296
random,128,4,31415,10,238.79154874355538,252.6603843420091,31.109671412381864
random,128,4,42,1,210.01139389638516,230.22400833339918,399.2838392570129
random,128,4,42,2,175.48790271455366,192.04385181349863,159.59612263721513
random,128,4,42,3,176.77675143423298,191.48451110980076,98.44878777027603
random,128,4,42,4,186.71398800515726,201.5609817112527,70.9336937261127
random,128,4,42,5,198.0530796930704,212.18868958778611,55.31027145620761
random,128,4,42,6,214.1657869877211,227.0570256136288,44.66894659481061
random,128,4,42,7,227.38171301617172,242.2151187791276,37.197673996212934
random,128,4,42,8,240.77118172930386,254.77336887604923,32.30897168927706
random,128,4,42,9,246.24819614572985,260.8544901798661,29.845384106539566
random,128,4,42,10,240.19356525224094,252.59465858082362,30.441594697270876
random,128,4,5150,1,210.07594778782803,229.48884266378147,399.5979683266524
random,128,4,5150,2,176.16763358431342,192.28101837567,159.81866457395267
random,128,4,5150,3,176.36140927277964,190.97165965942023,98.74140374023166
random,128,4,5150,4,183.77486084149675,197.6213725860672,71.17364543531097
random,128,4,5150,5,195.9550783791178,210.222237862755,55.44555135114396
random,128,4,5150,6,214.22940998838044,227.07534121557404,44.81874167538603
random,128,4,5150,7,227.01495089285797,242.4088010282291,37.37735660430441
random,128,4,5150,8,241.91239848700306,259.0438571958027,32.40846272665383
random,128,4,5150,9,244.52922420974699,261.6587530842729,29.859474138470066
random,128,4,5150,10,235.92926206180448,250.816363328553,30.424659158512984
random,128,4,60486,1,212.0833577150232,231.60871635071067,405.60417366671186
random,128,4,60486,2,177.52800557766957,192.14113024524477,160.46161696935283
random,128,4,60486,3,177.476304282191,190.66138839452222,98.73851745328078
random,128,4,60486,4,186.7046286396194,198.5189921099687,71.44105236584453
random,128,4,60486,5,201.9573577582279,212.79723384431549,55.72589270693057
random,128,4,60486,6,216.40750464210208,226.23209856298814,45.098024052903114
random,128,4,60486,7,226.42775401797448,239.89491851508788,37.5713965802165
random,128,4,60486,8,238.61037937457937,253.53683849730842,32.565021212206666
random,128,4,60486,9,243.24041745265365,256.9702481800581,30.051958916994128
random,128,4,60486,10,238.40318158714598,251.41331202877586,30.615863181125164
random,128,4,7,1,210.99156594456397,230.92577668309886,397.2858506729375
random,128,4,7,2,176.75102955297584,192.5245133383774,159.15032612039784
random,128,4,7,3,180.20495431396344,193.91346904791197,98.41064476711985
random,128,4,7,4,188.48778999213272,201.96069743158756,71.13221965544686
random,128,4,7,5,197.55788675194944,210.9680609761624,55.516936625728846
random,128,4,7,6,215.548501927458,229.3181941057706,44.94942349344705
random,128,4,7,7,231.50936465555714,246.01537768962885,37.43230424835544
random,128,4,7,8,244.57972043099244,261.0925897452936,32.39574511589556
random,128,4,7,9,251.34476546696433,267.38260714396245,29.87872385466478
random,128,4,7,10,244.05215675491976,258.51457546742006,30.501258981550695
random,128,4,777,1,211.00796832328876,230.7356808342649,397.22417402950543
random,128,4,777,2,178.7206509304422,194.7944518861436,159.5988892705568
random,128,4,777,3,176.68531144286564,192.00281565545117,98.88172085139409
random,128,4,777,4,185.0305067339676,199.15662860234008,71.42915083830765
random,128,4,777,5,196.51088687199558,210.52035151613023,55.81400851473065
random,128,4,777,6,209.4783364375894,223.4364177032249,45.21504859819214
random,128,4,777,7,224.05794011305227,238.67527906185867,37.68344198607109
random,128,4,777,8,236.05677016725792,252.4641453274528,32.70804646564647
random,128,4,777,9,241.74685697032984,257.2224325513687,30.229348598281693
random,128,4,777,10,237.79424682600614,251.33916841291332,30.987567696562557
random,128,4,888,1,212.23763672143838,230.8014374554592,400.6501759876429
random,128,4,888,2,179.58278479434313,193.87374799575474,159.14094813609876
random,128,4,888,3,177.7770668146061,191.25841971257125,98.08847165485
random,128,4,888,4,188.01842680187548,200.78725030789724,70.74641272072797
random,128,4,888,5,197.66511245434228,209.17780806537448,55.264430334707
random,128,4,888,6,211.85388800950793,222.71917045884538,44.71042065635638
random,128,4,888,7,223.14709123148572,237.16263758460994,37.25202767018763
random,128,4,888,8,236.23416993220806,252.55225814740442,32.418907163332264
random,128,4,888,9,241.0993130856491,257.9960937390054,29.97089830537974
random,128,4,888,10,233.38253227697973,246.51888895849652,30.53408623719522
random,128,4,999,1,211.44226173651876,231.08313953891968,399.2154004810724
random,128,4,999,2,182.01022568312544,195.86730898788818,160.82747072579585
random,128,4,999,3,178.41276144633838,191.7771906561871,100.07645266720462
random,128,4,999,4,189.5547680902772,202.25826907034454,72.28702871665442
random,128,4,999,5,202.4238408923952,214.77069048281953,56.27741397548807
random,128,4,999,6,217.96997417491673,229.82913957662385,45.39471990954276
random,128,4,999,7,232.095766732578,244.47687221674974,37.77874379607323
random,128,4,999,8,247.74670913921963,261.3480649047795,32.68023322755692
random,128,4,999,9,248.48167558930683,263.09385740012635,30.136635911611133
random,128,4,999,10,243.2030123849205,254.88123063223813,30.875969309758418
random,128,8,123,1,244.53891009176021,265.87860025124724,479.5185879405303
random,128,8,123,2,196.93852774489844,214.2056346514657,197.12436016934578
random,128,8,123,3,182.22832122035578,198.07320140250158,125.83584408192361
random,128,8,123,4,180.63459363324122,196.21876774912806,91.61069002572422
random,128,8,123,5,184.8955871764172,200.19427555834727,71.17881968940749
random,128,8,123,6,195.0189399201781,208.0132189222756,57.4540253106766
random,128,8,123,7,201.4215990926563,214.26981881446903,47.98001837718954
random,128,8,123,8,207.11057277519626,219.84289740926903,42.04463114462238
random,128,8,123,9,209.56213576999033,221.28900155155338,39.493916353154276
random,128,8,123,10,203.8963977939913,214.296387060247,40.993944797166044
random,128,8,2026,1,221.17610956200537,241.5478611937535,427.218956408259
random,128,8,2026,2,179.68310196813053,194.62954003318146,168.56939273290928
random,128,8,2026,3,176.07023436936316,189.61262729522403,103.70317921117427
random,128,8,2026,4,183.5511118136554,197.76132554876912,74.54327144462003
random,128,8,2026,5,193.65063326653177,207.8038570986451,58.008692615856546
random,128,8,2026,6,210.0018226319661,224.3986927129002,46.82974793121707
random,128,8,2026,7,222.27111388485798,238.5868248762599,39.000999717995064
random,128,8,2026,8,235.45389659284257,252.1250485728704,33.88624143677891
random,128,8,2026,9,237.5157757457757,252.6725028867736,31.362535763102077
random,128,8,2026,10,232.34997594512546,245.74502997077147,32.20985360498024
random,128,8,31415,1,252.09473742276012,275.2286406814117,493.9591773025694
random,128,8,31415,2,199.0231880080482,216.6990259311237,202.00643288858524
random,128,8,31415,3,185.60203175767882,201.509026398432,129.72619055026695
random,128,8,31415,4,183.03098238396336,196.472429303383,96.35778513946843
random,128,8,31415,5,186.80643674911013,199.72230633805833,76.43466190421971
random,128,8,31415,6,193.28096848284056,206.58475178262174,62.72248193187851
random,128,8,31415,7,194.29814178001809,209.44661031212812,53.23016143073747
random,128,8,31415,8,198.63315725322786,214.0076994130651,47.16279121992756
random,128,8,31415,9,195.61470482370555,208.56291825316868,44.5409602920689
random,128,8,31415,10,190.87790230221526,200.89171030902068,46.30274142444494
random,128,8,42,1,222.1388848609443,243.60825317594248,429.62954432582757
random,128,8,42,2,182.57869570416378,199.42684642580426,171.11762525390412
random,128,8,42,3,181.0810862452013,196.97854082764812,105.91539208407372
random,128,8,42,4,191.9425341043144,207.90004016415966,76.20749016462143
random,128,8,42,5,204.86070296829286,218.94435619451374,59.29214839681647
random,128,8,42,6,223.05472056561646,235.87894117813946,47.89517396331706
random,128,8,42,7,230.48753031706522,245.14258041088038,39.925528560123546
random,128,8,42,8,245.69740145726743,262.0248835533409,34.63887130285486
random,128,8,42,9,252.33113799898047,267.4810212020698,32.03125893620849
random,128,8,42,10,248.14500040072198,260.4962772365962,32.91807161413553
random,128,8,5150,1,238.34807155296735,259.6708665131369,472.4104181544721
random,128,8,5150,2,189.80597564192487,206.44474604762942,185.31538089775844
random,128,8,5150,3,185.17423784002278,200.2971548053925,113.72169292578747
random,128,8,5150,4,185.94389679140758,199.2269744602864,81.25523704097907
random,128,8,5150,5,197.70672961094346,212.13152803474435,63.049367676365094
random,128,8,5150,6,210.611867825355,226.21682039540357,50.98757730631094
random,128,8,5150,7,223.84573511164723,241.70285381317703,42.66561869185417
random,128,8,5150,8,230.54916109890692,248.847714045998,37.16842111527821
random,128,8,5150,9,231.64364800362839,250.71025333942953,34.673309465687744
random,128,8,5150,10,223.73008257235085,240.37282338658147,36.09348344256898
random,128,8,60486,1,259.07328173668026,283.91890687893533,525.7633654882903
random,128,8,60486,2,197.50006964879756,217.2469285424135,206.75606381965167
random,128,8,60486,3,184.00021343285044,202.22022629850025,130.74543969544283
random,128,8,60486,4,182.5596385392936,197.83251346858088,96.3763283530128
random,128,8,60486,5,183.7034233223892,197.0100008051101,75.95765619098601
random,128,8,60486,6,189.09918537872753,202.65217018682776,62.08991027313258
random,128,8,60486,7,192.99003759197674,206.93518910750393,52.390407599346375
random,128,8,60486,8,201.30400295828386,213.93752773596597,46.11206699904856
random,128,8,60486,9,202.70762562960806,215.38210434563732,43.336918151984634
random,128,8,60486,10,196.64317721348695,207.03033680812248,44.70069410238529
random,128,8,7,1,219.30088685798174,238.78566303920996,420.5925875838651
random,128,8,7,2,184.9555565671597,198.73853547450722,168.24070037786854
random,128,8,7,3,183.7964332468578,196.77671432221902,104.12346842941398
random,128,8,7,4,187.3099675563853,200.95325565640883,74.92388377574007
random,128,8,7,5,197.69992061642915,210.8409944293924,58.35952794016267
random,128,8,7,6,212.38743822809488,225.42804406870204,47.222919893862084
random,128,8,7,7,231.092868865314,246.57420546760468,39.39752464267573
random,128,8,7,8,248.49024451401027,263.85539508435585,34.18611944725855
random,128,8,7,9,250.7447376124565,264.8246704212449,31.64362569874559
random,128,8,7,10,240.286234721952,252.04434563156315,32.590207947033754
random,128,8,777,1,254.90714481047706,276.61212525572097,498.68511342443963
random,128,8,777,2,200.18373110821162,217.99063334780826,205.09099449971572
random,128,8,777,3,186.93937306762072,203.11838112300632,132.04796644880304
random,128,8,777,4,186.87661506579767,202.26909659291533,98.22128574309824
random,128,8,777,5,188.65885325584247,202.4263083403117,77.9372125098605
random,128,8,777,6,192.75718834146215,206.04106702332672,64.13847659499194
random,128,8,777,7,195.39812422903665,207.86941267658716,54.408728192598424
random,128,8,777,8,199.13358046063567,211.80445956557128,48.15506556669406
random,128,8,777,9,198.5384538192278,211.4721066395154,45.60165738885381
random,128,8,777,10,192.70064879998847,203.77043778998544,47.7060837942555
random,128,8,888,1,259.5215599841954,282.7272782934181,503.9470311314319
random,128,8,888,2,201.01395440236308,218.6932331912742,206.62477823324343
random,128,8,888,3,183.87790584654076,200.60832622534764,132.4961775898347
random,128,8,888,4,181.56780875280882,196.67273783094402,97.7828322584078
random,128,8,888,5,183.34739921960963,197.34244727587495,76.84850068804369
random,128,8,888,6,189.66645368997203,201.7071209208819,62.88143645182396
random,128,8,888,7,193.58220758610432,206.5565323020722,53.15612012682059
random,128,8,888,8,196.09062071821862,210.92502296137593,46.95644488609993
random,128,8,888,9,193.003748230684,205.84696014546046,44.42810522961431
random,128,8,888,10,188.6922924455504,199.8017706074947,46.13202830399955
random,128,8,999,1,261.4595009154573,284.691956446599,519.5975232964298
random,128,8,999,2,202.6029292528873,220.52231107915733,209.13504645513225
random,128,8,999,3,190.37890535428446,205.24339695501882,134.1716875471694
random,128,8,999,4,184.48605743496452,198.48815280457427,98.99849866380524
random,128,8,999,5,183.6485025651568,196.74429149189976,77.79427496982736
random,128,8,999,6,190.15530210023357,203.3355679486481,63.22485016647559
random,128,8,999,7,194.25952050641607,207.58269693717693,53.11185214035453
random,128,8,999,8,198.71588115264106,213.08207821354586,46.556368648262975
random,128,8,999,9,198.61600808981277,210.87265642038344,43.93143655083466
random,128,8,999,10,194.1004447280401,204.55404811179787,46.087907529918795
round_robin,128,0,123,1,204.81894885513546,224.11975750218946,388.0327008716196
round_robin,128,0,123,2,176.86170307917962,192.4508374713078,156.50465470213604
round_robin,128,0,123,3,176.14173071455502,190.69644942458828,97.16780161585275
round_robin,128,0,123,4,183.71102009375667,197.38293760140584,70.06610251282
round_robin,128,0,123,5,191.96388453687388,206.04916708437324,54.61803730070297
round_robin,128,0,123,6,208.4377302767186,223.46078215040578,44.092688457839856
round_robin,128,0,123,7,215.2349192226543,231.37106909948716,36.72137703065976
round_robin,128,0,123,8,228.9085947391171,245.010845325374,31.87284588200703
round_robin,128,0,123,9,233.68999847304454,249.32068208865422,29.482263248632645
round_robin,128,0,123,10,230.89810635633793,244.55761308924357,30.243327619436158
round_robin,128,0,2026,1,207.89074632331946,226.92198460542923,388.35726233269077
round_robin,128,0,2026,2,176.7237315510646,191.48491940726313,155.75879921924468
round_robin,128,0,2026,3,177.69964242878305,192.17382149708254,96.09155551834988
round_robin,128,0,2026,4,183.47280778828258,197.58058181583075,69.35565388335576
round_robin,128,0,2026,5,192.87018813249267,207.72729628292558,54.13527319690957
round_robin,128,0,2026,6,208.57627286167153,223.35342523328768,43.757750229875974
round_robin,128,0,2026,7,219.99731858235705,235.68799738294203,36.38774018096431
round_robin,128,0,2026,8,233.66586484286415,250.48897415741376,31.579442542244482
round_robin,128,0,2026,9,241.4432313710722,259.12419257268664,29.222052254434722
round_robin,128,0,2026,10,233.67500057163446,247.50601913129267,29.82703600654634
round_robin,128,0,31415,1,206.87277560528358,225.44186234472681,391.905607267565
round_robin,128,0,31415,2,174.5897201842598,188.44320410169496,155.67472367286595
round_robin,128,0,31415,3,175.11038898719346,189.46206874154677,95.70052478396242
round_robin,128,0,31415,4,178.26984963391143,191.0191692054391,68.70350953084076
round_robin,128,0,31415,5,189.92726348199008,201.48569220783511,53.244701429573865
round_robin,128,0,31415,6,207.80905590594767,219.82938572815627,42.83305299856528
round_robin,128,0,31415,7,220.295250424921,233.8909820582069,35.614838938993806
round_robin,128,0,31415,8,232.57126804919716,245.38581547435479,30.907563107898774
round_robin,128,0,31415,9,235.93768551943603,248.20091851536472,28.541012741724565
round_robin,128,0,31415,10,230.16593267337566,241.21945289515887,28.992341313400843
round_robin,128,0,42,1,206.39422875716284,226.0922003714223,389.6693988884934
round_robin,128,0,42,2,175.6664684774094,189.98521595406325,156.33390413214997
round_robin,128,0,42,3,179.05574576104925,192.87212211720467,96.55229965475777
round_robin,128,0,42,4,185.69808939783206,200.00580277813924,69.63956640119498
round_robin,128,0,42,5,195.4613206753279,207.5993314407295,54.31690435370021
round_robin,128,0,42,6,209.5090728478335,222.4334373682179,43.93169772497893
round_robin,128,0,42,7,223.89289583519277,238.440391517451,36.57929186795595
round_robin,128,0,42,8,237.13183426043483,252.86200488214823,31.738441297351415
round_robin,128,0,42,9,240.22200678500414,256.1561990409771,29.298985611668485
round_robin,128,0,42,10,235.738988157081,248.43180329177966,29.88902246692474
round_robin,128,0,5150,1,205.75259365546464,225.9148272904643,389.98004844004737
round_robin,128,0,5150,2,173.496369857445,188.8859413714138,155.48646749456842
round_robin,128,0,5150,3,176.36622823269704,190.6481487964206,96.1310410195035
round_robin,128,0,5150,4,184.80096876756735,198.18868161333086,69.64453324972067
round_robin,128,0,5150,5,194.58246697221924,208.66610870590617,54.38996225841898
round_robin,128,0,5150,6,212.82696636146576,227.52909556615955,44.079890311000945
round_robin,128,0,5150,7,223.64911241898645,239.82304005646873,36.82392379596584
round_robin,128,0,5150,8,237.1585666682227,254.69028755155617,31.953563859399097
round_robin,128,0,5150,9,237.26068441394443,253.3739928703938,29.505476940461936
round_robin,128,0,5150,10,230.87208054995472,244.54929842115303,29.995380024348897
round_robin,128,0,60486,1,207.7674901065132,227.50623307067755,390.0715686244561
round_robin,128,0,60486,2,173.61326987810324,187.81289674281157,155.77279366372673
round_robin,128,0,60486,3,176.0142497103215,189.0843502370367,96.41216187733829
round_robin,128,0,60486,4,183.97327905846865,196.86066267570678,69.49706112110569
round_robin,128,0,60486,5,191.83599051147434,203.7613374529932,54.08591831251159
round_robin,128,0,60486,6,207.63351654664586,220.60443715403576,43.62886559003378
round_robin,128,0,60486,7,217.37274158320017,233.5532376574944,36.19206716902119
round_robin,128,0,60486,8,231.395486406025,247.1347940144257,31.233349379522018
round_robin,128,0,60486,9,232.20372575247276,245.7230286845777,28.778288570166627
round_robin,128,0,60486,10,228.8520655063383,239.91605584651467,29.343789097570397
round_robin,128,0,7,1,207.92557637017867,227.7831109084955,389.25960550297646
round_robin,128,0,7,2,175.64828271116855,190.6876267333218,156.4357831370822
round_robin,128,0,7,3,175.9660303431687,190.0251079747685,96.31934858344314
round_robin,128,0,7,4,181.2397163157672,195.56976943688878,69.34315640727316
round_robin,128,0,7,5,188.7197891458987,202.8061170494185,53.96937887268994
round_robin,128,0,7,6,206.9452954295376,220.4477809470491,43.519546654612974
round_robin,128,0,7,7,221.9901167147114,237.2812399546904,36.14217249566998
round_robin,128,0,7,8,235.075715520781,250.93959816481976,31.242397218406477
round_robin,128,0,7,9,237.91534675416196,254.2700060512808,28.816318736477044
round_robin,128,0,7,10,231.52308802710803,245.8438837447733,29.57469221529072
round_robin,128,0,777,1,205.4416265579916,224.96634655054697,387.63311592171453
round_robin,128,0,777,2,172.71823379304928,187.35085180919538,155.2903006533522
round_robin,128,0,777,3,171.9543017250654,184.96411260795887,96.11946185114834
round_robin,128,0,777,4,177.6374430482312,190.0958456130014,69.31564516354031
round_robin,128,0,777,5,190.47332137590647,202.93408508739657,53.99266152569978
round_robin,128,0,777,6,205.17850984087383,218.44462197910087,43.63723832563443
round_robin,128,0,777,7,218.49684492779193,232.25493899798835,36.31311944549071
round_robin,128,0,777,8,231.41755597885344,246.76594174835586,31.46737591513084
round_robin,128,0,777,9,235.96772217899118,250.47754512781367,29.055927674563716
round_robin,128,0,777,10,230.0834898138807,243.15450576367158,29.750463176745846
round_robin,128,0,888,1,208.28105983056716,227.90392536789926,390.36255542336943
round_robin,128,0,888,2,177.210780506958,192.96860828455266,156.34547225628495
round_robin,128,0,888,3,176.35579332593616,190.46582717040818,96.15773814267507
round_robin,128,0,888,4,183.3334386378251,197.9086244097736,69.19114655589502
round_robin,128,0,888,5,191.31132648852062,204.8142081407231,53.809459005654574
round_robin,128,0,888,6,209.2782927727481,222.27779612323698,43.48054463449367
round_robin,128,0,888,7,223.7502608785201,238.9986764816092,36.17652509283434
round_robin,128,0,888,8,235.4732998937896,253.63311148638067,31.401608047498403
round_robin,128,0,888,9,238.52378972851457,255.81143329225281,29.056019812140057
round_robin,128,0,888,10,233.81765020617274,248.0895167774375,29.46124966642877
round_robin,128,0,999,1,205.65169239904054,225.3890844583091,387.4796969349797
round_robin,128,0,999,2,172.34160517620847,186.88472026244077,153.7578503812248
round_robin,128,0,999,3,174.27494173974566,187.06268068752692,95.41315770549737
round_robin,128,0,999,4,179.3773257825775,192.18905003842642,69.0659651487967
round_robin,128,0,999,5,188.32063068916847,200.52030003061236,53.917385482534705
round_robin,128,0,999,6,205.08717614916938,217.26215701310863,43.55129319357425
round_robin,128,0,999,7,214.40983580938834,228.31381154112597,36.1893715335666
round_robin,128,0,999,8,226.5330593229239,241.1004633683781,31.324347889655222
round_robin,128,0,999,9,231.59111853148818,247.5645584391124,28.955826316775227
round_robin,128,0,999,10,227.1943687887307,241.42516045620812,29.793954411412226
round_robin,128,4,123,1,210.08797719220047,230.748184392188,400.0841964591023
round_robin,128,4,123,2,177.03220414159864,193.09693665378302,160.4224455006701
round_robin,128,4,123,3,175.1967834871818,191.19418244231196,99.62588698804892
round_robin,128,4,123,4,186.2368013352971,202.04215022135392,72.02270098489024
round_robin,128,4,123,5,195.11190824449713,209.9495520319369,56.267752540100105
round_robin,128,4,123,6,212.79509942119867,226.178355286015,45.53610881066385
round_robin,128,4,123,7,225.1244455421223,239.45044441341844,37.978642758898914
round_robin,128,4,123,8,236.03284704131394,252.27477240682532,32.97475576821547
round_robin,128,4,123,9,239.5493901149986,256.09976860124004,30.48250343886431
round_robin,128,4,123,10,233.1261854219207,246.684280926036,31.273886328820954
round_robin,128,4,2026,1,209.8593714348894,229.11721498829428,395.3998087388366
round_robin,128,4,2026,2,178.5543661737808,192.89947777285977,159.37882752542646
round_robin,128,4,2026,3,177.29154321491066,191.17695237400233,98.49472210071154
round_robin,128,4,2026,4,186.7250717167114,200.6031490553464,71.0519763335008
round_robin,128,4,2026,5,196.79248851201754,210.18386673328948,55.319478415261166
round_robin,128,4,2026,6,211.96422102021538,226.0076165169045,44.647651148368894
round_robin,128,4,2026,7,224.87070231640382,240.82339710002614,37.124155590136475
round_robin,128,4,2026,8,240.62632426931162,257.04212843804964,32.16542508400983
round_robin,128,4,2026,9,244.56402364226446,261.38173458625516,29.68652770304586
round_robin,128,4,2026,10,237.34694867161457,251.60065406910132,30.284630500698277
round_robin,128,4,31415,1,215.00986665216692,236.42264052486829,425.1982234945284
round_robin,128,4,31415,2,176.96891302997227,193.10725202420642,164.7498361007113
round_robin,128,4,31415,3,177.65737597445695,191.41069335228994,100.83833396397314
round_robin,128,4,31415,4,185.2769516469111,199.31458352972294,72.01983632514556
round_robin,128,4,31415,5,195.15292606308347,209.8217576839638,55.66901011521183
round_robin,128,4,31415,6,211.18322950942465,226.5593943753902,44.6009105342274
round_robin,128,4,31415,7,224.11659440289202,241.59086590432804,36.8608797754246
round_robin,128,4,31415,8,237.24569881627707,254.48439531635327,31.87399049979491
round_robin,128,4,31415,9,238.20371075787057,254.79360502291848,29.53784172181695
round_robin,128,4,31415,10,233.76813103450166,248.0261236853242,30.326071514398677
round_robin,128,4,42,1,211.59482885921344,232.27989933760273,404.7318414917265
round_robin,128,4,42,2,177.626758548153,192.98440332432864,160.54391343349215
round_robin,128,4,42,3,176.87763446220683,191.47160539629783,98.77925634255223
round_robin,128,4,42,4,183.4350828646477,196.7507453609468,70.93774148082608
round_robin,128,4,42,5,193.99380480828663,206.53168547587325,55.30341199057082
round_robin,128,4,42,6,211.29722475253908,222.9863483931265,44.78544392987513
round_robin,128,4,42,7,223.66927804492138,238.17573548906924,37.30133014029653
round_robin,128,4,42,8,237.05884102303375,252.49613891052846,32.34339891830983
round_robin,128,4,42,9,239.2586185824204,253.85926596698982,29.93662521468111
round_robin,128,4,42,10,233.58138306774813,246.38081268069408,30.664223336853112
round_robin,128,4,5150,1,209.37553676066915,229.66262149728166,404.6586836135534
round_robin,128,4,5150,2,174.75491903864034,190.33426159753472,159.695109064844
round_robin,128,4,5150,3,177.1211827325499,191.70351878120456,98.36422491341085
round_robin,128,4,5150,4,186.51160196220277,200.2549541292457,71.03679080596588
round_robin,128,4,5150,5,197.6146406960785,212.49304067416813,55.4136624497782
round_robin,128,4,5150,6,210.36458659332058,224.50564512820114,44.82963537974273
round_robin,128,4,5150,7,221.40867391962337,236.6393251594332,37.417361419208184
round_robin,128,4,5150,8,237.34892307523197,252.79700906358093,32.50713486661118
round_robin,128,4,5150,9,239.74377513114692,255.85411272969716,30.02449086783293
round_robin,128,4,5150,10,235.44918305395566,249.00985282325203,30.659831538732945
round_robin,128,4,60486,1,212.98105747827603,232.07868916403092,414.06744834257114
round_robin,128,4,60486,2,176.16204992578182,191.36693097755614,160.7481143117548
round_robin,128,4,60486,3,177.00989714639408,190.77195009140706,98.61863096271824
round_robin,128,4,60486,4,187.87603081872493,201.5530499265052,70.8896147408713
round_robin,128,4,60486,5,197.36184406266122,209.66645609874496,55.19274279324385
round_robin,128,4,60486,6,211.8168933727117,223.4547609024551,44.615787151328306
round_robin,128,4,60486,7,222.57871948786132,238.2046035684329,37.248305996592016
round_robin,128,4,60486,8,232.9638166356471,250.1174492671623,32.363461129888364
round_robin,128,4,60486,9,236.35218439319058,251.66218034055532,29.966952886120772
round_robin,128,4,60486,10,230.14205877328297,242.39230500164754,30.672455383069742
round_robin,128,4,7,1,209.16629947600964,228.20922929686483,398.20991591590035
round_robin,128,4,7,2,176.14684788289074,190.76859978336054,158.0480963427484
round_robin,128,4,7,3,177.33973071015205,191.89613125529823,97.75772137700271
round_robin,128,4,7,4,189.33726293103706,202.7102133575284,70.83128463240017
round_robin,128,4,7,5,201.58934382444923,214.470503955318,55.18220201436639
round_robin,128,4,7,6,215.13501075350905,227.44776187878475,44.68534053011296
round_robin,128,4,7,7,226.81358582907862,240.04512504311396,37.254282403498884
round_robin,128,4,7,8,240.67716409098068,255.0458435033517,32.36710424209818
round_robin,128,4,7,9,242.21345975139158,256.14917005021516,29.99438325147948
round_robin,128,4,7,10,237.49150681667456,250.05170897701788,30.67625723429371
round_robin,128,4,777,1,209.35935355659876,229.39298240797018,402.36900078388084
round_robin,128,4,777,2,179.2555404542883,194.38559592883433,160.35430454205041
round_robin,128,4,777,3,175.97636885286366,189.30295201388196,99.17721772410997
round_robin,128,4,777,4,188.28477742521062,201.7361552903761,71.57164994180535
round_robin,128,4,777,5,195.29318549797074,210.3104180466814,55.8097636078725
round_robin,128,4,777,6,209.7028541975103,224.23021831878395,45.1100749929753
round_robin,128,4,777,7,224.38038801952078,239.62122423890878,37.62236346882694
round_robin,128,4,777,8,238.41647481641166,255.3196937618846,32.66624700312264
round_robin,128,4,777,9,243.2273825272022,259.2655989855118,30.20897575166757
round_robin,128,4,777,10,236.95320494922262,250.60324691903307,30.76871054023059
round_robin,128,4,888,1,211.3726261771544,231.56756977869475,405.21709607988464
round_robin,128,4,888,2,175.97105567711006,191.63208118071,160.00290433338782
round_robin,128,4,888,3,173.56511988462265,187.60218544988803,98.54446901235683
round_robin,128,4,888,4,183.57251083789285,195.37921933167777,71.06329352825405
round_robin,128,4,888,5,193.68903879906424,205.66668121932113,55.47340002810132
round_robin,128,4,888,6,210.8835281214865,221.1658664934726,44.87391440594277
round_robin,128,4,888,7,224.0253466668714,236.10103159993622,37.4536185475914
round_robin,128,4,888,8,236.8558529541242,249.11069788134193,32.568807634080976
round_robin,128,4,888,9,239.4980303744387,252.3099790116128,30.126166804482388
round_robin,128,4,888,10,232.5531177283081,244.74793650580233,30.85282823198989
round_robin,128,4,999,1,212.9837961288128,233.6970050265832,408.61631712352016
round_robin,128,4,999,2,176.6920480411111,191.45026545980667,159.68779680317593
round_robin,128,4,999,3,176.47165498293077,189.41689773622144,98.5762325955185
round_robin,128,4,999,4,183.78205258930657,197.8411078289332,71.11757799649537
round_robin,128,4,999,5,193.80012858041246,208.06331043210827,55.36147152966495
round_robin,128,4,999,6,209.3042553108401,222.93504994633884,44.66395576713497
round_robin,128,4,999,7,218.16115381034584,232.98629524652225,37.07843521815374
round_robin,128,4,999,8,233.37455072077057,248.72305506081742,32.06608311762396
round_robin,128,4,999,9,238.1335431282091,254.27913736547615,29.52018838363769
round_robin,128,4,999,10,234.52517153619326,248.496947783789,30.038987147489575
round_robin,128,8,123,1,266.1074725491832,289.4961829049019,534.5221128639881
round_robin,128,8,123,2,204.24565889380847,222.14502792920342,216.48514502748603
round_robin,128,8,123,3,187.2753610422816,204.44301357648007,139.38551623370836
round_robin,128,8,123,4,181.57091177390762,196.1286568012585,103.5209660241184
round_robin,128,8,123,5,184.59976571714375,197.95622831921276,81.94097787758824
round_robin,128,8,123,6,190.44494724034683,204.69958567780373,67.41933654985675
round_robin,128,8,123,7,191.41527228274762,204.20681824413103,57.14692268549959
round_robin,128,8,123,8,198.05183135537865,210.9170604583843,50.33773019080157
round_robin,128,8,123,9,196.62628967595825,208.40727526405658,47.54764823346995
round_robin,128,8,123,10,190.59600023832365,200.54657256949227,50.322030267392606
round_robin,128,8,2026,1,232.0989808896018,253.7481154489568,457.79424725145213
round_robin,128,8,2026,2,188.38597215340758,204.01012873922474,183.94083678877539
round_robin,128,8,2026,3,181.3512035259484,196.2874224844378,114.31222229331979
round_robin,128,8,2026,4,184.506348528094,197.85425951607178,81.87384365334752
round_robin,128,8,2026,5,198.42878009224466,211.4362818285329,63.192061628258344
round_robin,128,8,2026,6,210.51454056550153,225.49814411114212,50.93669933942834
round_robin,128,8,2026,7,219.96698522446061,236.64796171447043,42.453764581890596
round_robin,128,8,2026,8,234.30385951526785,252.4555777459377,36.88881854796741
round_robin,128,8,2026,9,236.9110119261846,256.0798641593832,34.15516982511529
round_robin,128,8,2026,10,230.48669725699835,247.659052717406,35.01169550273224
round_robin,128,8,31415,1,276.41521592575623,300.61389782170625,565.5574962665124
round_robin,128,8,31415,2,210.2138162363258,230.11505428619412,225.24483378186514
round_robin,128,8,31415,3,191.29080211097138,208.7221186257777,144.3064216862499
round_robin,128,8,31415,4,185.4389958084935,201.7804108871229,106.51794126478563
round_robin,128,8,31415,5,184.7298311419959,199.83342169583594,84.03647876393646
round_robin,128,8,31415,6,185.25953772534507,199.15343833199648,69.10163143172224
round_robin,128,8,31415,7,189.23161421975408,202.8500005452795,58.72110273429201
round_robin,128,8,31415,8,191.681281101514,205.48910129926008,52.007291271611436
round_robin,128,8,31415,9,188.8092764248253,202.23372185693015,49.23932875305386
round_robin,128,8,31415,10,184.24640014647395,196.30001170302572,51.498434902548304
round_robin,128,8,42,1,261.785652312031,283.62770042855436,517.2513668934193
round_robin,128,8,42,2,200.86674265371545,219.23459846166648,214.66364806266267
round_robin,128,8,42,3,184.37938534553967,202.73791830317515,138.0647417131049
round_robin,128,8,42,4,185.9047117538923,202.7996689026729,102.67889095506968
round_robin,128,8,42,5,183.9656935569427,199.86361499084595,81.31685934076236
round_robin,128,8,42,6,187.9016196051523,202.68756341085566,66.87471809949862
round_robin,128,8,42,7,190.1645586027275,204.20016756556603,56.72734053888636
round_robin,128,8,42,8,195.43151984688566,209.51639943668,50.13840360174977
round_robin,128,8,42,9,192.70994040401234,205.42094473714545,47.240506165300744
round_robin,128,8,42,10,185.00204270179634,195.87614047223587,50.23314009086094
round_robin,128,8,5150,1,267.23073425613205,291.34168253494363,536.56785464039
round_robin,128,8,5150,2,201.44549803451542,220.4957892593622,218.6055834805716
round_robin,128,8,5150,3,184.61652950781257,201.24906045933182,141.23797189452986
round_robin,128,8,5150,4,181.28954498688708,197.56440437516358,105.5992347498922
round_robin,128,8,5150,5,181.11549085130935,196.5746922608863,84.359802501211
round_robin,128,8,5150,6,185.88490595360688,200.61807811321898,69.97272509130786
round_robin,128,8,5150,7,184.98453972637705,198.9905910351402,59.96674718101003
round_robin,128,8,5150,8,188.92423898532203,203.44851233103594,53.32677801556054
round_robin,128,8,5150,9,187.77627326131642,202.72388570361852,50.5605780324456
round_robin,128,8,5150,10,179.87506261259406,192.08667417714707,53.409664360042
round_robin,128,8,60486,1,277.50369061701565,300.82959004928,562.1075614476576
round_robin,128,8,60486,2,210.3934474068089,228.60985656459815,221.03853203998716
round_robin,128,8,60486,3,191.33982893804952,207.1597587997485,141.02850450799343
round_robin,128,8,60486,4,187.63675459368073,202.19541810792055,104.45794751385837
round_robin,128,8,60486,5,184.74181345373535,199.85500739167264,82.7452942118853
round_robin,128,8,60486,6,188.26831951931186,202.77831703817725,68.05868015561809
round_robin,128,8,60486,7,192.333512662919,206.37240493862322,57.83871822101656
round_robin,128,8,60486,8,195.967320796741,210.4160670905943,51.30076884639586
round_robin,128,8,60486,9,194.67796138971244,208.2723368445738,48.422692440222725
round_robin,128,8,60486,10,189.18565497884714,199.74067047013244,50.85191457550659
round_robin,128,8,7,1,270.54298239467124,293.0980123192073,538.7824281585105
round_robin,128,8,7,2,205.8344909798805,224.62787594178027,221.20682683803102
round_robin,128,8,7,3,188.00443147774251,205.65036809488322,141.77427489154795
round_robin,128,8,7,4,182.7973962386962,199.05146351605902,104.44543460926603
round_robin,128,8,7,5,184.66115899872432,199.9170130437138,82.22022480889997
round_robin,128,8,7,6,189.349238331092,203.06910009533638,67.53251027249712
round_robin,128,8,7,7,191.5480052423348,204.6328674204675,57.456003813832794
round_robin,128,8,7,8,193.68702322916687,207.143382224772,50.811112744998
round_robin,128,8,7,9,192.42188375768401,205.58823871932879,47.89832572722087
round_robin,128,8,7,10,187.13357731102883,198.50659187586905,50.27760067240288
round_robin,128,8,777,1,281.2009846056226,305.1764187968952,539.9992304449266
round_robin,128,8,777,2,210.80781714743136,229.34031223866847,225.19895623691357
round_robin,128,8,777,3,192.27013717487355,209.51271994145787,144.36006264439874
round_robin,128,8,777,4,186.1938554447184,202.46118851954353,107.30647077079801
round_robin,128,8,777,5,184.88169984466703,199.42901566031955,85.3360809050343
round_robin,128,8,777,6,188.29037411998456,201.62747663103738,70.35523709054395
round_robin,128,8,777,7,189.68202673147013,203.05079166052386,59.97154741151655
round_robin,128,8,777,8,192.82020902002893,206.65157004170075,53.34350963096267
round_robin,128,8,777,9,192.29178756548623,204.57585291461075,50.60328570849048
round_robin,128,8,777,10,187.5668702922784,198.05339044980553,52.71740617863261
round_robin,128,8,888,1,263.42860747813234,286.1128703171954,530.3737886461444
round_robin,128,8,888,2,205.01536661377506,224.57104159184613,215.31402465049612
round_robin,128,8,888,3,184.30848238104556,202.2789528720163,138.25399913177804
round_robin,128,8,888,4,179.80175046212094,195.30400558254584,102.10223496664742
round_robin,128,8,888,5,182.00586074728025,196.86794839948956,80.29770157067442
round_robin,128,8,888,6,186.5892926028476,200.02156017513377,65.78851680091114
round_robin,128,8,888,7,188.6245424770553,202.25436220576745,55.696788248147776
round_robin,128,8,888,8,194.4490805261536,208.34941533369013,49.12888651311538
round_robin,128,8,888,9,193.02395906587228,207.0877167697915,46.192678494290824
round_robin,128,8,888,10,186.63027987720122,198.95066947241986,48.29179870655312
round_robin,128,8,999,1,269.0733250644487,293.5703528789161,541.1448330512852
round_robin,128,8,999,2,203.38080933945284,223.5806920367394,216.95321452045417
round_robin,128,8,999,3,185.99958374250323,202.26621950894472,138.3154640045297
round_robin,128,8,999,4,181.99984919497686,196.94185612546684,101.90290229172953
round_robin,128,8,999,5,185.31941352469943,199.78357071572904,80.07626650572173
round_robin,128,8,999,6,191.13733962807532,203.79359928437913,65.43006901027728
round_robin,128,8,999,7,193.48125993433115,207.26745299467188,55.37683229997804
round_robin,128,8,999,8,200.74533744485592,215.84959588568,48.89449951000339
round_robin,128,8,999,9,198.73987395933807,213.24039132185158,46.12284519002034
round_robin,128,8,999,10,190.3012861986144,200.88009533629315,48.62208916139746
fixed_cadence_random,256,8,123,1,269.45782843790334,293.63754688587693,509.32563377289097
fixed_cadence_random,256,8,123,2,200.5210442701087,217.16537539246593,199.77793697792293
fixed_cadence_random,256,8,123,3,182.56677322107032,197.31522755994231,124.6021634577905
fixed_cadence_random,256,8,123,4,181.41066519270404,194.35176167667504,90.97107804493523
fixed_cadence_random,256,8,123,5,182.2452559652516,195.4706126824352,70.39046841904954
fixed_cadence_random,256,8,123,6,189.61859188311936,202.92121281083453,56.45364048409805
fixed_cadence_random,256,8,123,7,198.03589014793914,209.4961083527736,46.6854560766401
fixed_cadence_random,256,8,123,8,196.5587760807609,208.50898737740613,40.14888570999779
fixed_cadence_random,256,8,123,9,194.08883612100385,205.12414660791444,37.09741277315903
fixed_cadence_random,256,8,123,10,187.0650857301664,197.02730810586544,39.38951656065098
fixed_cadence_random,256,8,2026,1,285.3134210474867,311.1372832578267,524.9278671671227
fixed_cadence_random,256,8,2026,2,212.32013813011602,231.66579463070892,213.7794924687281
fixed_cadence_random,256,8,2026,3,186.26952759605462,203.03753202430883,133.77687470282243
fixed_cadence_random,256,8,2026,4,183.54878324898004,197.82186737421173,97.11493570473372
fixed_cadence_random,256,8,2026,5,188.4741003354721,201.65230312969447,74.8520705906769
fixed_cadence_random,256,8,2026,6,191.2153618518468,203.79239558452207,59.92812960468293
fixed_cadence_random,256,8,2026,7,193.4516501450205,207.50279837023774,49.39532631518638
fixed_cadence_random,256,8,2026,8,197.41440130783093,213.40855825774852,42.678277106983856
fixed_cadence_random,256,8,2026,9,195.24891872327711,210.56318003378993,39.81612204314973
fixed_cadence_random,256,8,2026,10,183.54629437991667,196.1363133561882,42.909000963822685
fixed_cadence_random,256,8,31415,1,320.20135670083755,349.8540628765636,588.221049685579
fixed_cadence_random,256,8,31415,2,236.67031788518133,260.550249255033,254.10002497654457
fixed_cadence_random,256,8,31415,3,208.76697209284063,228.97897304161987,162.60205846709187
fixed_cadence_random,256,8,31415,4,198.63536995095734,216.29208983101967,120.01258207719209
fixed_cadence_random,256,8,31415,5,197.39346974763092,213.63229938704055,94.5247566204497
fixed_cadence_random,256,8,31415,6,198.05852945777872,212.14095162070788,76.98556238431767
fixed_cadence_random,256,8,31415,7,198.39127745305362,213.9271101155414,64.86607132190888
fixed_cadence_random,256,8,31415,8,195.451386560965,211.77037798364822,56.69233226552861
fixed_cadence_random,256,8,31415,9,193.74564708155455,209.68310477611908,53.212916402448926
fixed_cadence_random,256,8,31415,10,183.3278342808453,196.0949893291512,57.90068892986405
fixed_cadence_random,256,8,42,1,325.51904657612437,354.9435504782501,601.2581424952114
fixed_cadence_random,256,8,42,2,225.03744576950743,247.6736276097969,245.56082837848487
fixed_cadence_random,256,8,42,3,203.1968279082144,222.55659335550874,151.55248293843195
fixed_cadence_random,256,8,42,4,194.849003021949,212.7748743677164,109.83881649338664
fixed_cadence_random,256,8,42,5,189.31434228858785,205.34059056267114,85.17124827853252
fixed_cadence_random,256,8,42,6,191.0204578312783,205.93939890870269,68.385049809995
fixed_cadence_random,256,8,42,7,194.13209154658557,209.66345681748464,56.631064118202886
fixed_cadence_random,256,8,42,8,198.60166400400976,214.03816255774478,48.88098312290565
fixed_cadence_random,256,8,42,9,194.64249353993856,209.38432587407416,45.49378618572513
fixed_cadence_random,256,8,42,10,185.49707136619529,197.686002244743,49.63052466535888
fixed_cadence_random,256,8,5150,1,282.14750482629773,309.1096753498117,521.6083683495348
fixed_cadence_random,256,8,5150,2,212.29948233706065,231.81430654527236,212.47845165718974
fixed_cadence_random,256,8,5150,3,187.59928979273036,205.42798633733344,132.5379536822259
fixed_cadence_random,256,8,5150,4,185.52340216819806,200.11525832421134,94.69509644787682
fixed_cadence_random,256,8,5150,5,186.11724824983025,199.46501332589474,71.9178104993499
fixed_cadence_random,256,8,5150,6,194.52602029385864,208.4757389876981,56.58921808496951
fixed_cadence_random,256,8,5150,7,204.27341829554783,217.76484424981052,45.85889265069708
fixed_cadence_random,256,8,5150,8,210.0169606447661,223.69865365753836,38.80544637769648
fixed_cadence_random,256,8,5150,9,204.15706456177497,217.44740879540933,35.715432913180976
fixed_cadence_random,256,8,5150,10,196.22936895466208,206.50336641514477,38.18233817209126
fixed_cadence_random,256,8,60486,1,283.1689957780939,308.78239548934573,522.164132278975
fixed_cadence_random,256,8,60486,2,210.01312407478733,229.0788100853448,214.1725833497498
fixed_cadence_random,256,8,60486,3,191.79206854929075,208.33356325147264,134.01782494265413
fixed_cadence_random,256,8,60486,4,182.90375258613602,199.1058349268025,98.30715003412494
fixed_cadence_random,256,8,60486,5,185.3128150641595,199.92675201111211,76.788014862645
fixed_cadence_random,256,8,60486,6,189.94043610876966,203.80824410476234,61.83727423889997
fixed_cadence_random,256,8,60486,7,189.67513917006266,203.78841141621035,51.37081154577951
fixed_cadence_random,256,8,60486,8,191.8386663522699,205.4394400803181,44.61556405185211
fixed_cadence_random,256,8,60486,9,189.8084391090848,202.87694885511974,41.65638388050398
fixed_cadence_random,256,8,60486,10,178.12483536752907,188.54800532314795,44.88488441622472
fixed_cadence_random,256,8,7,1,305.49408468484125,332.5558915513967,555.9797519186105
fixed_cadence_random,256,8,7,2,224.06496826426488,244.08021135093838,234.85815381205154
fixed_cadence_random,256,8,7,3,195.42191221775676,212.78418199571686,147.4659834543523
fixed_cadence_random,256,8,7,4,189.95697015944506,206.50659081851154,106.75222112053973
fixed_cadence_random,256,8,7,5,192.68195189546833,208.15889630691174,82.23454039099823
fixed_cadence_random,256,8,7,6,195.12820440414367,207.353729623812,65.67477381044456
fixed_cadence_random,256,8,7,7,199.30653457321972,211.85784566194633,54.00773090549926
fixed_cadence_random,256,8,7,8,201.0029044639901,214.4949617554331,46.48414370589572
fixed_cadence_random,256,8,7,9,195.92886626893392,209.18968449580103,43.118638560014276
fixed_cadence_random,256,8,7,10,183.58276880802427,193.54180785353964,47.4655229802335
fixed_cadence_random,256,8,777,1,278.97190585946083,303.6633395559855,516.6505176978711
fixed_cadence_random,256,8,777,2,204.89128646331662,222.6238486152349,206.9366245839221
fixed_cadence_random,256,8,777,3,181.60331804918135,196.2704891970656,127.8778854600182
fixed_cadence_random,256,8,777,4,177.70865363325754,190.28912404078764,91.97893124341064
fixed_cadence_random,256,8,777,5,184.95586042799445,198.37447471113526,70.63095507156945
fixed_cadence_random,256,8,777,6,192.63111151311355,204.60474797361172,56.20956688357037
fixed_cadence_random,256,8,777,7,190.8353222524052,203.74485925096417,45.99685754854954
fixed_cadence_random,256,8,777,8,196.79051398176085,210.26888099489204,39.2364564384072
fixed_cadence_random,256,8,777,9,194.85460276164167,206.68855341938084,36.12893171976955
fixed_cadence_random,256,8,777,10,185.89628905877342,197.16260079428685,38.661701494865895
fixed_cadence_random,256,8,888,1,295.93695987570914,322.1919171746615,562.2057937546076
fixed_cadence_random,256,8,888,2,212.09927894211637,232.15471298838477,221.6231539301045
fixed_cadence_random,256,8,888,3,189.08254794025234,205.38097667871978,138.21606570684452
fixed_cadence_random,256,8,888,4,184.1245036564167,198.94259788030095,100.40674219127331
fixed_cadence_random,256,8,888,5,188.52184624977932,202.43295588356335,77.42805833573925
fixed_cadence_random,256,8,888,6,195.12758906119907,209.58953998229885,61.61989417974237
fixed_cadence_random,256,8,888,7,196.58790828684977,211.4182452083076,50.59138621910139
fixed_cadence_random,256,8,888,8,202.62743116368213,218.27238546684634,43.244040792893934
fixed_cadence_random,256,8,888,9,201.37427046173391,216.5638489143968,39.968897916062744
fixed_cadence_random,256,8,888,10,189.06112933694644,200.8855155130821,43.947742359245
fixed_cadence_random,256,8,999,1,338.52448008268317,370.2374832804386,634.3667005065053
fixed_cadence_random,256,8,999,2,248.25584473650378,271.44709420185325,269.37431025386013
fixed_cadence_random,256,8,999,3,217.031302712107,237.59506146993292,173.50898748947142
fixed_cadence_random,256,8,999,4,202.3318224727565,221.16666838967382,126.54147924864668
fixed_cadence_random,256,8,999,5,198.76185145929892,215.4423320974227,98.79727044867482
fixed_cadence_random,256,8,999,6,200.01873571727864,217.0806742301239,80.02653775550034
fixed_cadence_random,256,8,999,7,198.4502261913819,212.86067426111026,67.14420395033842
fixed_cadence_random,256,8,999,8,195.28417546405595,209.92747949635944,58.771903771913344
fixed_cadence_random,256,8,999,9,194.50077715404805,208.1712243154295,55.079176525001685
fixed_cadence_random,256,8,999,10,179.87814535374324,191.51015629213927,60.58560795494328
learned_top1,256,8,123,1,231.88663720197613,253.68744636735107,417.45107663595013
learned_top1,256,8,123,2,185.90427224767288,200.98628802650396,168.36120420992418
learned_top1,256,8,123,3,173.39528577230635,187.10617082181005,106.61284344421428
learned_top1,256,8,123,4,175.42822642248277,186.82113257103015,77.5461646874479
learned_top1,256,8,123,5,181.0247798705182,190.99011614730804,59.57080960160685
learned_top1,256,8,123,6,190.33585392785955,200.723258237456,47.0997391501242
learned_top1,256,8,123,7,193.70409065473598,206.39907191075008,38.51055807040938
learned_top1,256,8,123,8,200.53442049468947,212.88541198500417,32.95003168222805
learned_top1,256,8,123,9,200.81921367135678,212.60373983486204,30.43963789930497
learned_top1,256,8,123,10,191.14997729682713,200.4696527478353,32.12322730212209
learned_top1,256,8,2026,1,236.95644649533656,258.1554647174653,435.5738012359861
learned_top1,256,8,2026,2,190.3544169976889,207.2042245520483,172.6529037900026
learned_top1,256,8,2026,3,175.8475179396985,190.79785088494586,108.73804422941474
learned_top1,256,8,2026,4,172.61422975920706,186.26173218892595,78.89368262286372
learned_top1,256,8,2026,5,177.18655460949353,189.29045560038412,60.73764800798295
learned_top1,256,8,2026,6,185.09341833109173,195.6579680165074,48.292418109385856
learned_top1,256,8,2026,7,190.62246361332365,202.66835306067134,39.42499938075845
learned_top1,256,8,2026,8,196.66887492825674,209.29976246003824,33.80568232005539
learned_top1,256,8,2026,9,197.3329996438281,209.76853362882207,31.27742863348108
learned_top1,256,8,2026,10,185.90957916851252,195.06783127831292,32.64244546147567
learned_top1,256,8,31415,1,244.11189771226438,265.13668271580127,445.50234672323046
learned_top1,256,8,31415,2,189.75928837524594,206.5452244049142,179.1648686759838
learned_top1,256,8,31415,3,180.9403712605671,195.45863850394784,113.6485787373275
learned_top1,256,8,31415,4,177.13525654306855,189.5747594074535,82.92671586822405
learned_top1,256,8,31415,5,180.31624936157144,192.18538435816686,64.1158063529711
learned_top1,256,8,31415,6,188.19961849392337,200.1935632113606,51.18073768978274
learned_top1,256,8,31415,7,192.42911857338257,205.50023674598148,42.061911011907945
learned_top1,256,8,31415,8,195.91388175634847,209.8004772006599,36.11815844928977
learned_top1,256,8,31415,9,193.91224479387117,206.56227382879948,33.66623374057048
learned_top1,256,8,31415,10,181.2687832523365,191.45799172869818,35.85018900244035
learned_top1,256,8,42,1,235.93230714011906,257.4090268087344,432.4032111849486
learned_top1,256,8,42,2,184.74075117378518,201.17927846754813,170.61105481234472
learned_top1,256,8,42,3,175.53860905763594,189.11178032246318,108.3106978324722
learned_top1,256,8,42,4,175.9220311322137,188.0287547429644,79.31064356302628
learned_top1,256,8,42,5,182.3258948475308,194.99489086077313,61.11588247863392
learned_top1,256,8,42,6,188.0247742737392,200.26149343105624,48.47287299608248
learned_top1,256,8,42,7,193.7129253262597,206.7995358272771,39.60434080549516
learned_top1,256,8,42,8,200.0726755185636,213.8901275705545,33.901847319928244
learned_top1,256,8,42,9,193.01371107575255,206.406329956707,31.51713007372887
learned_top1,256,8,42,10,185.684645508592,196.7977308095139,33.1045846962061
learned_top1,256,8,5150,1,233.89386758440898,256.8049269653761,427.9644595975276
learned_top1,256,8,5150,2,183.69344714817043,200.39113800526926,170.72396054060505
learned_top1,256,8,5150,3,170.42230541280284,184.97830550362906,106.74366629092015
learned_top1,256,8,5150,4,171.7632374405985,185.21273847731484,77.20634484335685
learned_top1,256,8,5150,5,179.07211085268554,192.5497902252524,58.92924970434525
learned_top1,256,8,5150,6,192.75957193565898,205.06663729815088,46.19546524035439
learned_top1,256,8,5150,7,197.84654921800484,210.53603661537437,37.451626204566196
learned_top1,256,8,5150,8,204.67702801263127,217.55064294607453,31.884619573229667
learned_top1,256,8,5150,9,206.15583569526953,219.02608181676416,29.639911382647316
learned_top1,256,8,5150,10,197.33944332814468,208.25656932089964,31.06021240941861
learned_top1,256,8,60486,1,236.81361179053118,260.11669616818835,430.06071498336644
learned_top1,256,8,60486,2,184.79140688758022,202.40761716496135,174.56902377835462
learned_top1,256,8,60486,3,173.69351150494722,190.45870041122987,109.82002279554781
learned_top1,256,8,60486,4,177.81823239065056,191.74447199524909,79.5859088611007
learned_top1,256,8,60486,5,185.27242373621306,198.76092831327193,60.592824769995886
learned_top1,256,8,60486,6,194.34207462702665,207.7029841545924,47.46099770814393
learned_top1,256,8,60486,7,200.92486098545953,215.47593353980218,38.311963165864675
learned_top1,256,8,60486,8,204.61880824663382,217.82884355779885,32.53682833816252
learned_top1,256,8,60486,9,202.58559077982065,215.8432262748729,29.975987953923827
learned_top1,256,8,60486,10,196.95898803994467,208.42512157997385,31.35425962522727
learned_top1,256,8,7,1,239.94587685314607,262.5677528548093,437.42720797928877
learned_top1,256,8,7,2,188.26359403120549,206.53561457269748,174.04872015062406
learned_top1,256,8,7,3,176.01992813396578,191.24052917457993,109.74402612988372
learned_top1,256,8,7,4,180.8749182966653,196.66720041397903,79.33309859715281
learned_top1,256,8,7,5,184.98946755230517,200.15534154270426,60.06930414706667
learned_top1,256,8,7,6,197.11447393671577,212.54872200006665,46.610003054005404
learned_top1,256,8,7,7,210.44144625333251,226.03900585975143,37.270258203313546
learned_top1,256,8,7,8,221.93686474292704,238.1552828656687,31.43218688255881
learned_top1,256,8,7,9,219.3325433424159,234.82285848763033,29.05428234094115
learned_top1,256,8,7,10,206.7798202049804,219.55502710214583,30.7802777507042
learned_top1,256,8,777,1,241.04972764642662,263.3750517082749,437.28642540404365
learned_top1,256,8,777,2,185.9643072440073,203.04296474430114,175.07386244227794
learned_top1,256,8,777,3,176.94370416939586,190.2310107797239,111.04045256423584
learned_top1,256,8,777,4,175.2692356580994,187.75155909630712,80.71935292574236
learned_top1,256,8,777,5,181.79108725016425,193.99125132200848,61.88863927050278
learned_top1,256,8,777,6,191.4518183182058,203.7232135859412,48.69526646357195
learned_top1,256,8,777,7,200.1807816493733,211.99601117577254,39.435090530005745
learned_top1,256,8,777,8,203.84851379077148,216.54497549643713,33.43264006226481
learned_top1,256,8,777,9,203.91542380911866,216.04753097413086,30.836656074137615
learned_top1,256,8,777,10,194.56663895179685,205.04957665084183,32.86511922908133
learned_top1,256,8,888,1,232.5358279227305,252.96814364652886,427.7918763620273
learned_top1,256,8,888,2,183.53395717769715,199.17825229552957,169.40995326480817
learned_top1,256,8,888,3,170.5813327028975,183.2298789090656,106.32381296337006
learned_top1,256,8,888,4,175.67033294012504,186.59623701172887,77.4738371631028
learned_top1,256,8,888,5,178.56086565411147,189.63424267375376,59.608989684241756
learned_top1,256,8,888,6,183.88749119513704,195.45704880182146,47.34336736176165
learned_top1,256,8,888,7,194.40914934176234,208.00105933734733,38.59140536520683
learned_top1,256,8,888,8,200.54660587328902,213.6619901530727,33.03569951607678
learned_top1,256,8,888,9,198.06520238977254,209.4410608984128,30.812547686143134
learned_top1,256,8,888,10,187.7641603444211,198.36065668215642,32.389016315964504
learned_top1,256,8,999,1,229.74193887449732,249.0199837726359,410.6745066029248
learned_top1,256,8,999,2,183.13100376652784,198.848758229413,164.21896682600303
learned_top1,256,8,999,3,174.51338394033192,188.09930769378545,103.03990581805306
learned_top1,256,8,999,4,178.52577813818078,191.73952271533452,74.15926617702303
learned_top1,256,8,999,5,186.79445151241168,198.6705972437992,56.25493162861198
learned_top1,256,8,999,6,197.36053997872637,211.49484772799454,43.94034515256755
learned_top1,256,8,999,7,204.39940527241802,219.13563697189832,35.270054863634286
learned_top1,256,8,999,8,216.37807722380438,231.12233273337858,29.6903880677211
learned_top1,256,8,999,9,216.3949330312994,231.4756508581532,27.182378221567316
learned_top1,256,8,999,10,205.66052067385937,216.55591416308877,28.340503858722457
random,256,8,123,1,241.45677731902842,263.41631738257325,443.40264577169114
random,256,8,123,2,184.43580912426364,201.74796678486,174.96185311769202
random,256,8,123,3,175.228107595087,189.98697652393378,111.17232363971381
random,256,8,123,4,173.2533793587999,185.5330259320943,81.47625527458906
random,256,8,123,5,181.07124377257293,193.99331256205153,63.08750511079492
random,256,8,123,6,188.4213795995246,200.76871047612147,50.3260990438632
random,256,8,123,7,192.3312291305801,203.43389152921523,41.305712450262234
random,256,8,123,8,197.00254525741633,209.36400049030343,35.49355887250785
random,256,8,123,9,196.71648497337634,208.87614192503585,33.0294558890154
random,256,8,123,10,185.63841482879906,195.4289840717127,35.36922392389485
random,256,8,2026,1,362.41847547149206,393.95136886893835,651.7063921680698
random,256,8,2026,2,274.245964518498,298.9790625829063,287.7933356836401
random,256,8,2026,3,242.84229443590763,266.9546458520871,191.15071631231058
random,256,8,2026,4,224.27972308929813,246.3540777623371,142.63837694981822
random,256,8,2026,5,219.07740556331964,239.1559709021541,113.01791273866729
random,256,8,2026,6,222.90305966915383,242.69106146543385,93.15414249732517
random,256,8,2026,7,213.61575032738992,233.46561993298252,79.45745199968638
random,256,8,2026,8,215.3022235670513,233.74752542201773,70.41550538632214
random,256,8,2026,9,211.13135422068115,227.8020661180651,67.79955999196936
random,256,8,2026,10,193.87586301292828,208.72776823734327,78.89345878936255
random,256,8,31415,1,244.16807333819744,264.81159498934943,445.48052533453836
random,256,8,31415,2,188.76791952622867,205.20153047845037,174.7657038172702
random,256,8,31415,3,179.746634885978,194.55544719677638,112.4285073594472
random,256,8,31415,4,181.42933924581968,194.83129838581448,83.57456270181704
random,256,8,31415,5,185.723258754842,198.7870561827031,65.66005761133192
random,256,8,31415,6,193.91981693476743,207.78062118616367,53.11364216845735
random,256,8,31415,7,190.56069727290534,202.71536009925256,44.28120323693899
random,256,8,31415,8,192.11890980142948,203.90456730199875,38.43173622032871
random,256,8,31415,9,189.03248534052253,201.570905041973,35.98950005685989
random,256,8,31415,10,182.7307157717527,193.67054790578746,38.34124851344815
random,256,8,42,1,251.28889414067444,273.4035648025885,457.8542732771675
random,256,8,42,2,193.11868010883998,209.61263118417443,177.44799414928298
random,256,8,42,3,181.0097159587817,195.20120944007454,112.8442930529534
random,256,8,42,4,176.9743258304285,190.1235404603981,83.12102650436024
random,256,8,42,5,182.95003238948533,196.79018919015445,64.59331237786678
random,256,8,42,6,187.20489120750238,200.04847469684802,51.72965394941118
random,256,8,42,7,188.63549243357303,201.2819793759908,42.71812924267302
random,256,8,42,8,191.66034071895612,204.55994838445818,36.927800960012746
random,256,8,42,9,192.1244072160076,206.04089184529784,34.66743340788268
random,256,8,42,10,179.5907796671266,190.55140080007726,37.124451386177746
random,256,8,5150,1,239.81975917771908,260.2822607528641,432.1120238106351
random,256,8,5150,2,190.824178840681,207.06729389178176,172.58150401067178
random,256,8,5150,3,176.1930792369442,189.4846037306467,108.63763508652094
random,256,8,5150,4,180.43307027897205,193.28499569335796,78.75210030483807
random,256,8,5150,5,185.6227081536699,198.6927840012057,60.06732375997842
random,256,8,5150,6,193.83156255273153,205.23962446768093,47.166514317868284
random,256,8,5150,7,198.89827444673932,209.977186581754,38.044413209855065
random,256,8,5150,8,208.2577301882015,220.7700562406437,32.252755113434276
random,256,8,5150,9,209.7450122554156,223.4387737183958,29.795102087457256
random,256,8,5150,10,199.56717665602642,210.35376215305578,31.322778389972193
random,256,8,60486,1,229.8061337181601,251.3925097597023,422.10140996839954
random,256,8,60486,2,186.89499877981012,203.4187593371982,166.38764288635883
random,256,8,60486,3,180.42591270492937,195.60490682894485,105.97962642985256
random,256,8,60486,4,177.94166011643875,191.28632351681264,77.68673246211276
random,256,8,60486,5,186.28241518580882,200.0084308741811,59.9990914506348
random,256,8,60486,6,193.40944997763356,206.31107089132453,47.53187091304083
random,256,8,60486,7,198.97779510635803,212.8618137439339,38.6474868825316
random,256,8,60486,8,206.9081597230163,221.12987171101497,32.768003420315914
random,256,8,60486,9,205.99677795656277,219.61089232606002,30.2297147621567
random,256,8,60486,10,197.9221709078315,209.60203663624003,31.82444226825979
random,256,8,7,1,267.18744948441184,291.69334766037025,487.07750204609164
random,256,8,7,2,202.6831408228449,220.07481099147543,195.9426713679671
random,256,8,7,3,186.36548412539926,201.10049936687543,124.67487199305846
random,256,8,7,4,180.29041269183472,193.31218033155702,91.34418954310968
random,256,8,7,5,185.8651372674769,199.73145360137215,70.74537187448321
random,256,8,7,6,194.15297912609776,208.41544584630154,56.46137949011732
random,256,8,7,7,199.17066156832993,214.8800639084249,46.44202372942624
random,256,8,7,8,206.2594331769672,221.39607031409562,39.952442537339465
random,256,8,7,9,198.2927204452417,212.10574819708685,37.45731490803718
random,256,8,7,10,187.79364607845122,199.87192625203804,40.76372626954742
random,256,8,777,1,266.9647283163571,290.9369889380147,488.6553405417986
random,256,8,777,2,204.53886824286482,219.95766298239454,190.96647781186724
random,256,8,777,3,185.36341149464639,199.14927430425988,121.84291279881839
random,256,8,777,4,183.69259625777406,197.27644790397252,90.0401404433569
random,256,8,777,5,183.86641425503362,199.08939915802605,70.4048136573015
random,256,8,777,6,190.06634211265057,205.923237377945,56.79914319268325
random,256,8,777,7,195.73989901285015,211.08193949828004,47.23625556891963
random,256,8,777,8,196.55162464047288,211.1960704524695,41.02912449348991
random,256,8,777,9,191.9974025370772,205.33386693522107,38.550855456147254
random,256,8,777,10,184.53828636562355,196.60700223654655,41.75133551331502
random,256,8,888,1,236.66621063328276,258.5328955708491,436.43657385049914
random,256,8,888,2,185.97635696014345,203.50012092199339,170.96724487819097
random,256,8,888,3,177.90797603533028,193.78096555022626,108.31098824976004
random,256,8,888,4,176.8933305350151,191.4745296274501,79.36707004623298
random,256,8,888,5,182.8247350030124,198.05927962431429,61.408299718564415
random,256,8,888,6,189.25761742066524,202.97680195606907,49.060727632917754
random,256,8,888,7,195.81068799325155,209.0159583745164,40.24759374889228
random,256,8,888,8,200.91329506587948,214.97504954470344,34.5306475609701
random,256,8,888,9,197.0228527288455,210.02231565631774,32.160168673952036
random,256,8,888,10,188.71580549057737,199.85269237577447,33.68867107697698
random,256,8,999,1,249.58195734819972,270.89775148439026,462.5165852542869
random,256,8,999,2,196.008436763329,213.3875197011166,180.90421954351754
random,256,8,999,3,181.8354162397628,199.0153820225635,116.30659026352451
random,256,8,999,4,174.53546654067904,188.94509886062954,86.1889278042861
random,256,8,999,5,184.60262910919297,199.01730774363222,67.21462161857252
random,256,8,999,6,192.10807171021378,205.87589304319238,54.133537005774265
random,256,8,999,7,191.23174864909498,205.85447288071435,44.91574398812948
random,256,8,999,8,194.3697380588256,209.52454281160118,38.98191752233854
random,256,8,999,9,188.9219959305194,203.41362859367,36.50056896853382
random,256,8,999,10,182.07172442294424,194.17374541009127,39.66020518301148
round_robin,256,8,123,1,257.97906854203876,281.71154874812026,479.0742922932027
round_robin,256,8,123,2,196.31934205927044,212.45452935418737,190.37037059068
round_robin,256,8,123,3,180.71209836600113,194.58032461459973,119.14113723322593
round_robin,256,8,123,4,177.09101819511199,189.3793551815776,87.22470865475205
round_robin,256,8,123,5,180.42923118122656,191.4325817370166,67.92558772337395
round_robin,256,8,123,6,187.8625632475205,199.9917991444256,54.6562410333624
round_robin,256,8,123,7,193.6582456313679,205.82706888006683,45.32553548193956
round_robin,256,8,123,8,196.08487545710682,208.36115100016238,39.2795389693967
round_robin,256,8,123,9,192.02154980077893,202.90855767875632,36.868848571317315
round_robin,256,8,123,10,182.22289887109872,191.31797856887135,39.809390327279935
round_robin,256,8,2026,1,249.93254765153563,272.6915351630671,461.4042780080036
round_robin,256,8,2026,2,190.22514160151346,206.88300996862475,185.87908063059575
round_robin,256,8,2026,3,176.78686626210174,190.71290095231802,115.68473399699343
round_robin,256,8,2026,4,176.46083766899338,189.1320904722832,83.24320168585335
round_robin,256,8,2026,5,184.66858818307924,195.5534258731651,63.547502942321266
round_robin,256,8,2026,6,187.8357137942931,198.0249921191452,50.036017578353274
round_robin,256,8,2026,7,191.24678196993423,202.0662269593302,40.64518623106464
round_robin,256,8,2026,8,199.80519630744558,210.08707881870237,34.71774766477892
round_robin,256,8,2026,9,195.33131489096027,204.61506139445413,32.25045213235414
round_robin,256,8,2026,10,187.72618266211705,195.6997536862359,33.60451759883362
round_robin,256,8,31415,1,261.2681309963282,287.02764231128486,486.7286052610616
round_robin,256,8,31415,2,199.3251834152384,219.35565375037044,196.2003030053734
round_robin,256,8,31415,3,182.77118135357202,199.52171281818474,122.87561397472024
round_robin,256,8,31415,4,178.18416949532082,193.38111251823014,88.9247162477428
round_robin,256,8,31415,5,182.39654380041318,197.19475902073282,68.77698595720858
round_robin,256,8,31415,6,189.53383673648833,204.43725186568585,54.80345296900774
round_robin,256,8,31415,7,190.4294840134219,204.85220350263535,45.15240946741747
round_robin,256,8,31415,8,197.06593053799617,211.80594021368688,38.8347631503886
round_robin,256,8,31415,9,193.40795036149623,207.77524115949146,36.180172854231124
round_robin,256,8,31415,10,184.1712392022648,196.11651791868175,38.6237127679579
round_robin,256,8,42,1,256.66451191506496,281.91780638095025,487.01803976773095
round_robin,256,8,42,2,195.84034653145193,212.6243615644049,191.01988820972062
round_robin,256,8,42,3,178.88364058740427,193.57757098724085,119.10396505208763
round_robin,256,8,42,4,178.10427976966741,192.2760734103847,86.25974903964381
round_robin,256,8,42,5,183.34328212227962,194.99733381527227,66.35517215156715
round_robin,256,8,42,6,191.56424015932967,202.5753704401165,52.637449802904925
round_robin,256,8,42,7,193.29127248723046,205.00230684083186,43.002972667666604
round_robin,256,8,42,8,197.9083511598691,210.80143216037945,36.83639584113267
round_robin,256,8,42,9,195.99972515975705,208.2887961148598,34.17615386870607
round_robin,256,8,42,10,187.18285499327658,197.13023055015333,36.110003241321365
round_robin,256,8,5150,1,293.31695612299006,318.6678427301757,525.8709780030259
round_robin,256,8,5150,2,211.99307448744503,231.6838358218297,218.80206535571784
round_robin,256,8,5150,3,192.8517892929435,210.3788728936674,136.8128318288075
round_robin,256,8,5150,4,189.55810939152207,205.19044260115098,98.8669847180628
round_robin,256,8,5150,5,187.42620718610144,202.61634655224293,75.99458510103001
round_robin,256,8,5150,6,193.13162832166051,208.87103232443457,60.48683173382344
round_robin,256,8,5150,7,203.02825403374405,217.42500279691933,49.790376175744
round_robin,256,8,5150,8,202.21982557323264,217.6623348521142,42.92721189526412
round_robin,256,8,5150,9,198.17064280097992,213.09406703567137,40.2618957726249
round_robin,256,8,5150,10,186.49161642451386,199.19654848117452,43.23062390369731
round_robin,256,8,60486,1,255.1996914905954,279.1074593545737,471.22672857407866
round_robin,256,8,60486,2,196.5941669380129,215.68657458646214,191.03682932213258
round_robin,256,8,60486,3,181.85861409329593,198.9830441520657,121.44513623075392
round_robin,256,8,60486,4,182.95641475773445,197.9762824800936,88.34453229335573
round_robin,256,8,60486,5,189.09102028839186,203.27372275435977,67.6397612356216
round_robin,256,8,60486,6,197.20305199777476,211.39847650422655,53.462098497584265
round_robin,256,8,60486,7,203.5472192750163,217.72011899628055,43.59683484994302
round_robin,256,8,60486,8,205.7312833486127,219.8115359178252,37.22723419911139
round_robin,256,8,60486,9,200.40016117750514,213.3309689437178,34.49380255436147
round_robin,256,8,60486,10,193.30312850320956,205.1529086948337,36.60683807269164
round_robin,256,8,7,1,261.8968986942503,286.7477831222665,480.8101692760912
round_robin,256,8,7,2,197.40831192652834,215.52326145326225,193.44189891649117
round_robin,256,8,7,3,181.8359204461016,195.87202558363205,121.65595850170652
round_robin,256,8,7,4,181.91322044427906,195.6539228416876,88.65406896158393
round_robin,256,8,7,5,188.26235459091743,201.88518869215554,68.37222377935163
round_robin,256,8,7,6,194.70538240161375,208.0494492483287,54.53347217869316
round_robin,256,8,7,7,197.18294639597437,209.68118243766637,44.73053006319771
round_robin,256,8,7,8,203.23383987438217,216.85400050673553,38.4603774622263
round_robin,256,8,7,9,202.7212947434994,215.11293715176345,35.9324135332588
round_robin,256,8,7,10,189.34763286730382,198.82135131691686,37.90070392362901
round_robin,256,8,777,1,261.99028732780886,288.1306061771403,488.8689913401739
round_robin,256,8,777,2,200.62300555580646,218.41913116550546,196.24633922715412
round_robin,256,8,777,3,177.2099042583238,192.90070824814106,120.15271449211069
round_robin,256,8,777,4,177.1553886705354,190.7523828585727,85.21691498149474
round_robin,256,8,777,5,181.58755112852177,194.44077895809437,64.09392425427657
round_robin,256,8,777,6,190.24039079968085,202.77569450627024,49.8292918873574
round_robin,256,8,777,7,199.82319279753924,212.76157982982372,40.15283232539078
round_robin,256,8,777,8,207.99518979597102,221.95337777402622,33.99578373333727
round_robin,256,8,777,9,207.9924486167398,222.9391115875691,31.145728980955678
round_robin,256,8,777,10,196.40412753177918,207.16243989531614,32.751863595690445
round_robin,256,8,888,1,261.1587004708365,283.8775988854006,469.3684583615581
round_robin,256,8,888,2,195.2198120630859,213.06585742460965,188.12326926496647
round_robin,256,8,888,3,178.39081088792787,193.48974792423502,116.12469078166039
round_robin,256,8,888,4,177.34907329986143,191.3931742869697,83.63146139316217
round_robin,256,8,888,5,177.6504217615557,190.94508761474984,64.14103186289653
round_robin,256,8,888,6,187.05388514632355,199.10319361236543,50.883685153098405
round_robin,256,8,888,7,190.9173346202723,202.8803931673432,41.6406359730006
round_robin,256,8,888,8,196.7733165348213,208.7351231959589,35.75900125075885
round_robin,256,8,888,9,192.44554229845662,203.48500577245738,33.24125378208675
round_robin,256,8,888,10,186.69794569633103,196.74442690414736,34.824039094616
round_robin,256,8,999,1,254.87632322723357,279.14866091466854,466.83949643272945
round_robin,256,8,999,2,192.95449685778425,209.88929907407595,188.754146662116
round_robin,256,8,999,3,177.63381860245173,191.60754536118176,117.67441591152166
round_robin,256,8,999,4,175.73640446823825,189.0275462242378,84.62674617355395
round_robin,256,8,999,5,182.28402683612128,196.60573396877186,64.85184271866132
round_robin,256,8,999,6,188.9905236972341,202.38159426013115,51.48912877182217
round_robin,256,8,999,7,192.03799414427502,206.27212756941276,42.07907168442171
round_robin,256,8,999,8,199.790471729223,213.89994873653035,36.07334408294599
round_robin,256,8,999,9,191.18693769846448,204.39162374824207,33.30805398571323
round_robin,256,8,999,10,183.61928653702435,194.62527535412372,35.26456404179563
